sentence1,sentence2,score
"['plane', 'taking']","['air', 'plane', 'taking']",5.0
"['man', 'playing', 'large', 'flute']","['man', 'playing', 'flute']",3.8
"['man', 'spreading', 'shreded', 'cheese', 'pizza']","['man', 'spreading', 'shredded', 'cheese', 'uncooked', 'pizza']",3.8
"['three', 'men', 'playing', 'chess']","['two', 'men', 'playing', 'chess']",2.6
"['man', 'playing', 'cello']","['man', 'seated', 'playing', 'cello']",4.25
"['men', 'fighting']","['two', 'men', 'fighting']",4.25
"['man', 'smoking']","['man', 'skating']",0.5
"['man', 'playing', 'piano']","['man', 'playing', 'guitar']",1.6
"['man', 'playing', 'guitar', 'singing']","['woman', 'playing', 'acoustic', 'guitar', 'singing']",2.2
"['person', 'throwing', 'cat', 'ceiling']","['person', 'throws', 'cat', 'ceiling']",5.0
"['man', 'hit', 'man', 'stick']","['man', 'spanked', 'man', 'stick']",4.2
"['woman', 'picks', 'holds', 'baby', 'kangaroo']","['woman', 'picks', 'holds', 'baby', 'kangaroo', 'arms']",4.6
"['man', 'playing', 'flute']","['man', 'playing', 'bamboo', 'flute']",3.867
"['person', 'folding', 'piece', 'paper']","['someone', 'folding', 'piece', 'paper']",4.667
"['man', 'running', 'road']","['panda', 'dog', 'running', 'road']",1.667
"['dog', 'trying', 'get', 'bacon', 'back']","['dog', 'trying', 'eat', 'bacon', 'back']",3.75
"['polar', 'bear', 'sliding', 'snow']","['polar', 'bear', 'sliding', 'across', 'snow']",5.0
"['woman', 'writing']","['woman', 'swimming']",0.5
"['cat', 'rubbing', 'babys', 'face']","['cat', 'rubbing', 'baby']",3.8
"['man', 'riding', 'horse']","['man', 'riding', 'horse']",5.0
"['man', 'pours', 'oil', 'pot']","['man', 'pours', 'wine', 'pot']",3.2
"['man', 'playing', 'guitar']","['girl', 'playing', 'guitar']",2.8
"['panda', 'sliding', 'slide']","['panda', 'slides', 'slide']",4.6
"['woman', 'eating', 'something']","['woman', 'eating', 'meat']",3.0
"['woman', 'peels', 'potato']","['woman', 'peeling', 'potato']",5.0
"['boy', 'fell', 'bike']","['boy', 'falls', 'bike']",4.8
"['woman', 'playing', 'flute']","['woman', 'playing', 'flute']",5.0
"['rabbit', 'running', 'eagle']","['hare', 'running', 'eagle']",4.2
"['woman', 'frying', 'breaded', 'pork', 'chop']","['woman', 'cooking', 'breaded', 'pork', 'chop']",4.2
"['girl', 'flying', 'kite']","['girl', 'running', 'flying', 'kite']",4.0
"['man', 'riding', 'mechanical', 'bull']","['man', 'rode', 'mechanical', 'bull']",4.0
"['man', 'playing', 'guitar']","['man', 'playing', 'guitar']",4.909
"['woman', 'dancing', 'singing', 'women']","['woman', 'dancing', 'singing', 'rain']",3.0
"['man', 'slicing', 'bun']","['man', 'slicing', 'onion']",2.4
"['man', 'pouring', 'oil', 'pan']","['man', 'pouring', 'oil', 'skillet']",4.2
"['lion', 'playing', 'people']","['lion', 'playing', 'two', 'men']",3.4
"['dog', 'rides', 'skateboard']","['dog', 'riding', 'skateboard']",5.0
"['someone', 'carving', 'statue']","['man', 'carving', 'statue']",3.75
"['woman', 'slicing', 'onion']","['man', 'cutting', 'onion']",2.75
"['woman', 'peels', 'shrimp']","['woman', 'peeling', 'shrimp']",5.0
"['woman', 'frying', 'fish']","['woman', 'cooking', 'fish']",4.0
"['woman', 'playing', 'electric', 'guitar']","['woman', 'playing', 'guitar']",3.6
"['baby', 'tiger', 'playing', 'ball']","['baby', 'playing', 'doll']",1.6
"['person', 'slicing', 'tomato']","['person', 'slicing', 'meat']",1.75
"['person', 'cuts', 'onion']","['person', 'cutting', 'onion']",5.0
"['man', 'playing', 'piano']","['woman', 'playing', 'violin']",1.0
"['woman', 'playing', 'flute']","['man', 'playing', 'guitar']",1.0
"['man', 'cutting', 'potato']","['man', 'cutting', 'carrots']",2.375
"['kid', 'playing', 'guitar']","['boy', 'playing', 'guitar']",3.8
"['boy', 'playing', 'guitar']","['man', 'playing', 'guitar']",3.2
"['man', 'playing', 'guitar']","['boy', 'playing', 'guitar']",3.2
"['little', 'boy', 'playing', 'keyboard']","['boy', 'playing', 'key', 'board']",4.4
"['man', 'playing', 'guitar']","['man', 'playing', 'electric', 'guitar']",3.75
"['dog', 'licks', 'baby']","['dog', 'licking', 'baby']",4.75
"['woman', 'slicing', 'onion']","['man', 'cutting', 'onion']",3.2
"['man', 'playing', 'guitar']","['man', 'playing', 'drums']",1.556
"['woman', 'slicing', 'pepper']","['woman', 'cutting', 'red', 'pepper']",3.938
"['man', 'playing', 'drums']","['man', 'plays', 'drum']",5.0
"['woman', 'rides', 'horse']","['woman', 'riding', 'horse']",5.0
"['man', 'eating', 'banana', 'tree']","['man', 'eating', 'banana']",4.0
"['cat', 'playing', 'key', 'board']","['man', 'playing', 'two', 'keyboards']",1.6
"['man', 'chops', 'tree', 'axe']","['man', 'cut', 'tree', 'axe']",4.75
"['kid', 'plays', 'toy', 'phone']","['little', 'boy', 'plays', 'toy', 'phone']",3.5
"['man', 'riding', 'motorcycle']","['man', 'riding', 'horse']",1.4
"['man', 'riding', 'motorcycle']","['man', 'riding', 'horse']",1.4
"['squirrel', 'spinning', 'around', 'circles']","['squirrel', 'runs', 'around', 'circles']",4.0
"['man', 'woman', 'kissing']","['man', 'woman', 'kiss']",5.0
"['man', 'getting', 'car']","['man', 'getting', 'car', 'garage']",3.833
"['man', 'dancing']","['man', 'talking']",0.6000000000000001
"['man', 'playing', 'guitar', 'singing']","['man', 'playing', 'guitar']",2.917
"['person', 'cutting', 'mushrooms']","['person', 'cutting', 'mushrooms', 'knife']",4.2
"['tiger', 'cub', 'making', 'sound']","['tiger', 'walking', 'around']",2.0
"['person', 'slicing', 'onions']","['person', 'peeling', 'onion']",2.6
"['man', 'playing', 'piano']","['man', 'playing', 'trumpet']",1.6
"['woman', 'peeling', 'potato']","['woman', 'peeling', 'apple']",2.0
"['pankda', 'eating', 'bamboo']","['panda', 'bear', 'eating', 'bamboo']",4.2
"['person', 'peeling', 'onion']","['person', 'peeling', 'eggplant']",2.0
"['monkey', 'pushes', 'another', 'monkey']","['monkey', 'pushed', 'monkey']",4.8
"['squirrel', 'runs', 'around', 'circles']","['squirrel', 'moving', 'circles']",4.4
"['man', 'tying', 'shoe']","['man', 'ties', 'shoe']",5.0
"['boy', 'singing', 'playing', 'piano']","['boy', 'playing', 'piano']",3.0
"['dog', 'eating', 'water', 'melon']","['dog', 'eating', 'piece', 'watermelon']",4.25
"['woman', 'chopping', 'broccoli']","['woman', 'chopping', 'broccoli', 'knife']",4.25
"['man', 'peeling', 'potato']","['man', 'peeled', 'potatoe']",3.8
"['woman', 'playing', 'guitar']","['man', 'plays', 'guitar']",2.4
"['woman', 'slicing', 'tomato']","['man', 'slicing', 'onion']",1.6
"['man', 'swims', 'underwater']","['woman', 'swimming', 'underwater']",2.0
"['man', 'woman', 'talking']","['man', 'woman', 'eating']",1.6
"['small', 'dog', 'chasing', 'yoga', 'ball']","['dog', 'chasing', 'ball']",4.0
"['men', 'playing', 'cricket']","['men', 'playing', 'basketball']",2.2
"['man', 'rides', 'motorcycle']","['man', 'riding', 'motorcycle']",4.4
"['man', 'playing', 'guitar']","['man', 'singing', 'playing', 'guitar']",3.6
"['man', 'talked', 'telephone']","['man', 'talking', 'phone']",3.6
"['man', 'fishing']","['man', 'exercising']",0.5
"['man', 'levitating']","['man', 'talking']",0.8
"['two', 'boys', 'driving']","['two', 'bays', 'dancing']",0.6000000000000001
"['man', 'riding', 'horse']","['girl', 'riding', 'horse']",2.6
"['man', 'riding', 'bicycle']","['monkey', 'riding', 'bike']",2.0
"['man', 'slicing', 'potatoes']","['woman', 'peeling', 'potato']",2.2
"['woman', 'peeling', 'potato']","['man', 'slicing', 'potato']",2.4
"['man', 'playing', 'guitar']","['someoen', 'playing', 'guitar']",3.6
"['woman', 'slicing', 'leek']","['woman', 'slicing', 'ginger']",2.2
"['man', 'cut', 'paper', 'plate']","['man', 'cutting', 'paper', 'plate']",4.8
"['man', 'playing', 'guitar']","['man', 'playing', 'flute']",1.643
"['man', 'playing', 'piano']","['man', 'playing', 'violin']",1.75
"['woman', 'slicing', 'meat']","['woman', 'breading', 'meat']",2.25
"['man', 'playing', 'keyboard']","['man', 'playing', 'keyboard', 'piano']",4.0
"['lady', 'chopped', 'green', 'onions']","['lady', 'cut', 'green', 'onion']",4.8
"['someone', 'sitring', 'noodles', 'water']","['woman', 'boiling', 'noodles', 'water']",3.2
"['lionel', 'richie', 'dancing', 'ceiling']","['lionel', 'ritchie', 'dances', 'standing', 'ceiling']",4.0
"['man', 'playing', 'piano']","['person', 'playing', 'piano']",4.4
"['woman', 'playing', 'flute']","['woman', 'plays', 'flute']",4.6
"['boy', 'checking', 'calender']","['boy', 'looking', 'calendar']",3.8
"['woman', 'cutting', 'onion']","['woman', 'chopping', 'onions']",4.8
"['man', 'playing', 'guitar']","['man', 'plays', 'guitar']",4.857
"['woman', 'using', 'sewing', 'machine']","['woman', 'sewing', 'machine']",5.0
"['woman', 'flipping', 'pancakes']","['cartoon', 'chef', 'flipping', 'pancakes']",2.533
"['man', 'running', 'road']","['car', 'driving', 'road']",1.0
"['man', 'riding', 'horse']","['man', 'talking', 'phone']",1.0
"['man', 'riding', 'bike']","['man', 'riding', 'horse']",2.0
"['woman', 'dancing']","['man', 'eating']",0.14300000000000002
"['man', 'playing', 'piano']","['man', 'playing', 'flute']",2.0
"['man', 'playing', 'flute']","['man', 'playing', 'piano']",1.6
"['man', 'spinning']","['man', 'dancing']",1.6
"['monkey', 'swinging', 'limb', 'limb']","['monkey', 'swinging', 'tree', 'tree']",3.4
"['people', 'got', 'train']","['people', 'got', 'train', 'station']",4.0
"['dog', 'jumping', 'trampoline']","['dog', 'bounces', 'trampoline']",4.8
"['boy', 'playing', 'instrument']","['man', 'playing', 'trumpet']",2.5
"['woman', 'plays', 'guitar']","['man', 'sings', 'plays', 'guitar']",1.75
"['woman', 'picking']","['woman', 'slicing', 'tomato']",1.0
"['man', 'climbing', 'rope']","['man', 'climbs', 'rope']",5.0
"['man', 'lifting', 'car']","['man', 'climbing', 'wall']",1.4
"['man', 'woman', 'driving', 'street', 'jeep']","['man', 'woman', 'driving', 'road', 'open', 'air', 'vehicle']",4.0
"['shirtless', 'man', 'sat', 'chair']","['shirtless', 'man', 'sitting', 'chair']",3.8
"['two', 'women', 'wrestling']","['two', 'women', 'wrestling', 'floor']",4.0
"['puppy', 'played', 'blue', 'tennis', 'ball']","['puppy', 'playing', 'tennis', 'ball']",4.0
"['kangroo', 'eating', 'something']","['kangaroo', 'eating']",4.8
"['cat', 'playing', 'piano']","['man', 'playing', 'guitar']",0.6000000000000001
"['man', 'cut', 'carpet', 'knife']","['man', 'cutting', 'carpet', 'knife']",4.75
"['woman', 'riding', 'motorized', 'scooter', 'road']","['man', 'riding', 'motor', 'scooter']",2.2
"['someone', 'slicing', 'vegetable']","['someone', 'slicing', 'tomato']",3.0
"['woman', 'dancing']","['man', 'talking']",0.0
"['dog', 'licks', 'babys', 'drool']","['dog', 'licks', 'baby']",2.2
"['man', 'rowing', 'boat']","['man', 'slicing', 'tomato']",0.4
"['man', 'cuts', 'potatos']","['man', 'slices', 'potatoes']",4.8
"['woman', 'chopping', 'garlic']","['woman', 'dicing', 'garlic']",4.8
"['animal', 'run', 'circles']","['squirrel', 'runs', 'circles']",3.8
"['man', 'walking', 'slowly', 'across', 'rope', 'bridge']","['boy', 'walking', 'across', 'bridge']",3.0
"['man', 'playing', 'guitar']","['man', 'seated', 'room', 'playing', 'guitar']",4.0
"['man', 'plays', 'flute']","['man', 'playing', 'flute']",5.0
"['woman', 'cracks', 'two', 'eggs', 'glass', 'bowl']","['woman', 'cracking', 'egg', 'bowl']",3.8
"['man', 'cutting', 'fish']","['man', 'guts', 'fish']",3.0
"['two', 'men', 'packing', 'suitcases', 'trunk', 'car']","['men', 'putting', 'suitcases', 'cars', 'trunk']",4.4
"['man', 'pours', 'oil', 'tomatos']","['man', 'poured', 'oil', 'cut', 'tomatoes']",3.8
"['man', 'slicing', 'something']","['man', 'slicing', 'bun']",3.0
"['man', 'paddling', 'canoe']","['man', 'playing', 'harp']",0.667
"['man', 'woman', 'walking', 'together', 'woods']","['man', 'woman', 'walking', 'arm', 'arm', 'wooded', 'area']",4.0
"['woman', 'picked', 'kangaroo']","['woman', 'picks', 'baby', 'kangaroo']",3.75
"['fish', 'swimming']","['fish', 'swimming']",4.133
"['two', 'women', 'mix', 'something', 'food', 'processor']","['two', 'women', 'make', 'something', 'blender']",4.0
"['person', 'surfing', 'large', 'wave']","['person', 'surfing']",3.6
"['man', 'playing', 'guitar']","['man', 'stabbing', 'target']",1.2
"['man', 'playing', 'flute', 'band']","['man', 'playing', 'guitar']",1.6
"['man', 'spread', 'butter', 'loaf', 'bread']","['man', 'spreading', 'butter', 'onto', 'bread']",4.0
"['person', 'boiling', 'noodles']","['woman', 'boiling', 'noodles', 'water']",4.0
"['group', 'people', 'dance', 'hill']","['group', 'people', 'dancing']",3.2
"['man', 'dancing', 'outside']","['man', 'playing', 'flute']",1.0
"['woman', 'feeding', 'man']","['woman', 'mixing', 'meat']",1.0
"['man', 'putting', 'pan', 'oven']","['woman', 'cutting', 'onion']",0.6000000000000001
"['woman', 'sitting', 'desk']","['woman', 'riding', 'donkey']",0.4
"['medics', 'transport', 'patient', 'stretcher']","['doctor', 'rushes', 'patient', 'stretcher']",3.4
"['woman', 'playing', 'flute', 'stage']","['woman', 'playing', 'flute']",3.6
"['two', 'baby', 'pandas', 'playing']","['two', 'pandas', 'laying', 'together']",3.0
"['baby', 'laughing']","['baby', 'laughing', 'giggling']",4.0
"['man', 'playing', 'guitar']","['boy', 'playing', 'piano']",1.2
"['man', 'folding', 'paper']","['woman', 'slicing', 'pepper']",0.6000000000000001
"['three', 'women', 'dancing']","['man', 'dancing']",1.6
"['cats', 'playing']","['two', 'cats', 'fighting']",2.6
"['person', 'writing']","['person', 'writing', 'pencil']",3.6
"['man', 'running']","['man', 'running', 'road']",3.5
"['woman', 'rolling', 'dough']","['woman', 'flouring', 'rolling', 'dough']",3.765
"['woman', 'adding', 'spices', 'meat']","['woman', 'adding', 'sugar', 'meat']",2.75
"['woman', 'adding', 'oil', 'fishes']","['woman', 'pouring', 'water', 'fish']",2.25
"['young', 'boy', 'holding', 'guitar']","['little', 'boy', 'playing', 'guitar']",2.75
"['cheetah', 'running']","['cheetah', 'running', 'across', 'field']",3.8
"['man', 'eating', 'pizza']","['man', 'eating', 'slice', 'pizza']",4.8
"['orangutan', 'riding', 'bus']","['monkey', 'riding', 'bus']",3.6
"['man', 'woman', 'talk', 'diner']","['man', 'woman', 'riding', 'bicycle']",1.2
"['man', 'playing', 'guitar']","['man', 'cleaning', 'glass', 'door']",0.4
"['girl', 'singing', 'playing', 'guitar']","['young', 'man', 'singing', 'playing', 'guitar']",2.4
"['girl', 'communicating', 'sign', 'language']","['young', 'girl', 'using', 'sign', 'language']",3.941
"['woman', 'weight', 'exercises']","['woman', 'hair']",0.5
"['man', 'getting', 'inside', 'car']","['elderly', 'man', 'getting', 'red', 'car']",3.75
"['big', 'green', 'ball', 'knocks', 'potato']","['large', 'green', 'ball', 'hits', 'potato']",4.0
"['cat', 'playing', 'keyboards']","['cat', 'playing', 'piano']",3.0
"['two', 'dogs', 'swim', 'pool']","['dogs', 'swimming', 'pool']",4.2
"['man', 'used', 'chopper', 'chop', 'onion']","['man', 'used', 'machine', 'chop', 'potatoe']",2.0
"['woman', 'slices', 'tofu']","['woman', 'cutting', 'tofu']",5.0
"['herd', 'deer', 'crossing', 'street']","['herd', 'caribou', 'crossing', 'road']",3.0
"['person', 'riding', 'horse']","['man', 'riding', 'horse']",3.8
"['someone', 'feeding', 'animal']","['someone', 'playing', 'piano']",0.0
"['someone', 'slicing', 'tortilas']","['someone', 'riding', 'horse']",0.0
"['someone', 'mixing', 'ingrediants']","['someone', 'sewing', 'things']",0.25
"['rooster', 'pecks', 'dead', 'mouse']","['chicken', 'pecking', 'dead', 'mouse']",4.0
"['woman', 'holds', 'kangaroo']","['woman', 'picking', 'kangaroo']",3.25
"['man', 'playing', 'frogs']","['cat', 'playing', 'camera']",0.75
"['two', 'men', 'talking']","['two', 'men', 'playing', 'guitar']",1.5
"['man', 'spreads', 'butter', 'big', 'piece', 'bread']","['man', 'smearing', 'butter', 'slice', 'garlic', 'bread']",3.5
"['man', 'running', 'across', 'high', 'wire']","['man', 'running', 'rope']",3.0
"['man', 'mowing', 'lawn']","['woman', 'cutting', 'lemon']",0.2
"['man', 'opening', 'door']","['man', 'playing', 'guitar']",0.8
"['man', 'slicing', 'potato', 'pieces']","['man', 'cutting', 'potato']",4.2
"['woman', 'cutting', 'cooked', 'octopus']","['woman', 'chopping', 'octopus']",3.8
"['man', 'punching', 'boards']","['dog', 'running', 'water']",0.4
"['man', 'dancing']","['man', 'eating', 'bread']",0.8
"['someone', 'playing', 'piano']","['man', 'playing', 'guitar']",1.2
"['two', 'foxes', 'eating', 'plate', 'brick', 'patio']","['foxes', 'eating', 'plate']",2.8
"['boy', 'playing', 'keyboard']","['boy', 'playing', 'piano']",3.2
"['person', 'plays', 'keyboard']","['someone', 'playing', 'keyboard']",5.0
"['man', 'shooting', 'gun']","['man', 'spitting']",0.0
"['someone', 'slicing', 'onion']","['someoen', 'peeling', 'potato']",1.0
"['man', 'swimming']","['woman', 'slicing', 'meat']",0.0
"['man', 'playing', 'guitar']","['man', 'plays', 'acoustic', 'guitar']",3.75
"['woman', 'slicing', 'pumpkin']","['woman', 'riding', 'elephant']",0.4
"['woman', 'dancing']","['woman', 'kneading', 'dough']",0.4
"['woman', 'cracking', 'eggs', 'bowl']","['woman', 'placing', 'skewers', 'onto', 'rack']",0.6000000000000001
"['car', 'moving', 'road']","['car', 'driving', 'road']",4.0
"['someone', 'greasing', 'pan']","['smeone', 'laying']",0.4
"['man', 'playing', 'guitar']","['man', 'draining', 'pasta']",0.4
"['woman', 'drinking', 'vodka']","['woman', 'exercising']",0.4
"['woman', 'cutting', 'meat', 'pieces']","['woman', 'cutting', 'meat']",4.8
"['man', 'rinsing', 'steak']","['man', 'playing', 'guitar']",0.6000000000000001
"['man', 'selling', 'items']","['man', 'cleaning', 'house']",0.8
"['man', 'jumping', 'wall']","['man', 'jumps', 'onto', 'short', 'wall']",3.2
"['runners', 'race', 'around', 'track']","['runners', 'compete', 'race']",3.2
"['man', 'kicking', 'soccer', 'ball']","['man', 'mixing', 'bowl']",0.6000000000000001
"['woman', 'frying', 'something']","['woman', 'riding', 'horse']",0.6000000000000001
"['cat', 'licking', 'sucker']","['woman', 'slicing', 'cucumber']",0.0
"['woman', 'dancing', 'fire']","['woman', 'taking', 'bath']",1.4
"['man', 'slicing', 'fish', 'open']","['man', 'slicing', 'potato']",2.2
"['butter', 'melting', 'pan']","['man', 'melting', 'butter', 'pan']",3.6
"['three', 'boys', 'dancing']","['kids', 'dancing']",3.111
"['woman', 'playing', 'game', 'man']","['man', 'playing', 'piano']",0.6000000000000001
"['man', 'driving', 'white', 'car']","['man', 'giving', 'interview']",0.4
"['man', 'drove', 'car']","['man', 'driving', 'car']",4.25
"['car', 'backs', 'space']","['car', 'backing', 'blocked', 'lane']",3.0
"['man', 'puts', 'cheese', 'pizza']","['man', 'sprinkled', 'cheese', 'pizza']",5.0
"['boy', 'playing', 'piano']","['boy', 'plays', 'piano']",5.0
"['man', 'played', 'guitar']","['man', 'playing', 'guitar']",3.75
"['man', 'riding', 'horse']","['man', 'playing', 'keyboard']",0.2
"['man', 'walking', 'rope']","['man', 'riding', 'mopad']",0.4
"['girl', 'playing', 'flute']","['band', 'playing', 'stage']",1.286
"['people', 'step', 'train']","['group', 'people', 'get', 'train']",4.6
"['woman', 'sewing', 'machine']","['woman', 'breading', 'meat']",0.6000000000000001
"['dog', 'looking', 'swimming', 'pool']","['dog', 'walking', 'around', 'pool']",2.0
"['man', 'buttering', 'piece', 'bread']","['man', 'applying', 'butter', 'bread']",5.0
"['man', 'cutting', 'tomatoes', 'pieces']","['woman', 'cutting', 'vegetables']",1.8
"['three', 'teenage', 'girls', 'danced', 'room']","['teenage', 'girls', 'dancing', 'camera']",2.4
"['lion', 'walking']","['lion', 'pacing', 'pen']",2.4
"['man', 'shooting', 'car']","['man', 'cutting', 'potato']",0.4
"['black', 'horse', 'running', 'around']","['horse', 'running']",4.2
"['woman', 'deveining', 'shrimp']","['man', 'dancing', 'rain']",0.0
"['man', 'riding', 'horse']","['woman', 'washing', 'freezer']",0.0
"['man', 'walks', 'path']","['man', 'walks', 'across', 'tight', 'rope']",0.8
"['man', 'slicing', 'potato']","['woman', 'cutting', 'jalepeno']",1.4
"['dog', 'barking', 'ball']","['dog', 'swims', 'tennis', 'ball']",1.5
"['kid', 'runs', 'away', 'fish', 'swinging', 'around', 'fishing', 'pole']","['little', 'kid', 'running', 'around', 'fishing', 'pole']",2.5
"['man', 'walking', 'along', 'path', 'wilderness']","['man', 'walking', 'road']",2.5
"['elderly', 'man', 'speaking', 'podium']","['man', 'making', 'speech', 'podium']",3.5
"['man', 'riding', 'horse', 'slow', 'motion']","['man', 'riding', 'horse']",3.4
"['person', 'cutting', 'burrata', 'cheese']","['person', 'slicing', 'cheese']",3.8
"['man', 'shooting', 'automatic', 'rifle']","['man', 'shooting', 'gun']",3.8
"['man', 'crushing', 'garlic', 'back', 'knife']","['woman', 'slicing', 'meat', 'knife']",1.5
"['woman', 'filing', 'fingernails', 'emery', 'board']","['woman', 'feeding', 'baby', 'bottle']",0.5
"['man', 'riding', 'skateboard']","['woman', 'cutting', 'potato']",0.0
"['woman', 'taking', 'shower']","['man', 'riding', 'white', 'horse']",0.0
"['man', 'dancing']","['man', 'riding', 'horse']",0.8
"['man', 'rowing', 'boat']","['man', 'shooting', 'gun']",0.85
"['man', 'swinging', 'rope', 'attached', 'ceiling']","['man', 'swinging', 'rope']",3.4
"['woman', 'riding', 'horse', 'beach']","['man', 'carrying', 'another', 'man', 'back']",0.4
"['man', 'holds', 'small', 'animal', 'one', 'hand']","['man', 'shows', 'small', 'monkey']",1.75
"['person', 'folding', 'square', 'paper', 'piece']","['man', 'folding', 'paper']",3.25
"['person', 'frying', 'meat', 'pan']","['person', 'holding', 'skunk']",0.75
"['chimpanzee', 'hurting', 'woman']","['man', 'driving', 'car']",0.0
"['woman', 'peeling', 'shrimp']","['man', 'holding', 'lemur']",0.0
"['two', 'zebras', 'playing']","['zebras', 'socializing']",4.25
"['woman', 'slicing', 'butter']","['woman', 'slices', 'tofu']",1.8
"['men', 'playing', 'guitars']","['three', 'men', 'playing', 'guitars', 'singing', 'together']",3.2
"['elephants', 'sprayed', 'water']","['elephants', 'spray', 'water']",3.6
"['dog', 'sat', 'counter', 'store']","['dog', 'standing', 'counter']",2.6
"['someone', 'drills', 'hole', 'strip', 'wood', 'power', 'drill']","['man', 'drills', 'hole', 'piece', 'wood']",3.2
"['woman', 'slicing', 'vegetables']","['woman', 'dicing', 'garlic']",2.8
"['badger', 'burrowing', 'hole']","['badger', 'digging', 'earth']",4.6
"['woman', 'water', 'skiing', 'lake']","['man', 'playing', 'flute']",0.0
"['girl', 'playing', 'violin']","['baby', 'laughing', 'giggling']",0.25
"['helicopter', 'landing', 'helipad']","['helicopter', 'lands']",3.923
"['woman', 'cutting', 'chicken']","['woman', 'slicing', 'meat']",2.75
"['woman', 'cutting', 'cucumber']","['man', 'playing', 'guitar']",0.0
"['woman', 'rides', 'elephant', 'front', 'adoring', 'crowd']","['woman', 'rides', 'elephant']",3.0
"['puppy', 'sliding', 'backwards', 'along', 'floor']","['puppy', 'pushing', 'backwards']",3.8
"['woman', 'splits', 'garlic', 'cloves']","['woman', 'breaking', 'head', 'garlic', 'cloves']",4.6
"['dog', 'looking', 'swimming', 'pool']","['dog', 'walking', 'along', 'edge', 'pool']",2.6
"['woman', 'mixes', 'beauty', 'treatment', 'glass']","['woman', 'mixing', 'cream', 'glass', 'spoon']",3.6
"['man', 'drawing', 'picture']","['person', 'drawing']",3.6
"['woman', 'picking', 'tomatoes']","['woman', 'pouring', 'batter', 'bowl']",1.0
"['man', 'looking', 'computer', 'monitor']","['man', 'using', 'laptop']",2.75
"['boy', 'riding', 'tricycle']","['woman', 'riding', 'water', 'scooter']",1.25
"['two', 'men', 'compete', 'tire', 'rolling', 'race']","['two', 'people', 'flipped', 'tractor', 'tires', 'race']",2.75
"['person', 'cutting', 'meat']","['person', 'riding', 'mechanical', 'bull']",0.0
"['man', 'playing', 'violin']","['woman', 'using', 'sewing', 'machine']",0.0
"['baby', 'crawled', 'doorway']","['baby', 'crawling', 'across', 'floor']",2.4
"['man', 'playing', 'keyboard']","['person', 'playing', 'piano']",2.2
"['man', 'smelling', 'two', 'pizzas']","['woman', 'feeding', 'man']",0.2
"['monkey', 'pulls', 'tail', 'dog']","['monkey', 'teasing', 'dog', 'zoo']",2.8
"['dog', 'lies', 'back', 'wooden', 'floor']","['dog', 'laying', 'floor']",4.0
"['woman', 'frying', 'something', 'pan']","['man', 'playing', 'guitar']",0.0
"['man', 'puts', 'seasoning', 'bowl', 'water']","['man', 'added', 'seasoning', 'water', 'bowl']",5.0
"['elderly', 'woman', 'pouring', 'oil', 'frying', 'pan']","['tied', 'man', 'putting', 'water']",0.0
"['woman', 'chopping', 'onion']","['woman', 'slicing', 'partially', 'half', 'onion']",3.2
"['woman', 'picked', 'kangaroo']","['woman', 'carrying', 'kangaroo']",3.5
"['dog', 'biting']","['dog', 'opens', 'food']",1.75
"['woman', 'deboning', 'fish']","['man', 'catches', 'fish']",1.25
"['man', 'mowing', 'grass']","['man', 'busting', 'concrete']",0.833
"['cat', 'watching', 'tv']","['man', 'slicing', 'leave']",0.0
"['boy', 'stuck', 'door', 'doghouse']","['child', 'stuck', 'dog', 'house']",3.75
"['people', 'flip', 'swimming', 'pool']","['men', 'falling', 'pool']",2.75
"['woman', 'swims', 'underwater']","['woman', 'swimming']",3.8
"['man', 'playing', 'guitar']","['woman', 'dancing']",0.2
"['airplane', 'flying', 'air']","['south', 'african', 'airways', 'plane', 'flying', 'blue', 'sky']",3.4
"['bear', 'running', 'two', 'dogs']","['bear', 'fighting', 'wolves']",1.4
"['woman', 'resting', 'floating', 'raft']","['woman', 'relaxes', 'inner', 'tube']",3.8
"['man', 'dieing', 'operating', 'room']","['man', 'kissing', 'woman', 'stage']",0.4
"['man', 'holding', 'leaf']","['woman', 'watching', 'television']",0.0
"['person', 'riding', 'horse']","['woman', 'slicing', 'potatoes']",0.0
"['woman', 'slicing', 'octopus']","['man', 'playing', 'guitar']",0.0
"['man', 'breaking', 'water', 'jugs']","['woman', 'peeling', 'garlic']",0.2
"['man', 'playing', 'guitar']","['woman', 'cutting', 'vegetable']",0.0
"['girl', 'eating', 'cupcake']","['man', 'slicing', 'cucumber']",0.0
"['little', 'girl', 'played', 'grass', 'dog', 'ball']","['baby', 'plays', 'dog', 'ball']",3.8
"['people', 'ride', 'paddle', 'raft']","['four', 'people', 'floating', 'raft']",2.25
"['lady', 'cut', 'potatoe']","['man', 'cutting', 'potato']",2.4
"['missile', 'exploded']","['rocket', 'exploded']",3.2
"['dog', 'playing', 'snow']","['dog', 'pawing', 'fly', 'carpet']",1.6
"['woman', 'dancing', 'women']","['woman', 'shredding', 'chicken']",0.4
"['boy', 'pushing', 'van']","['person', 'slicing', 'tomato']",0.0
"['boy', 'making', 'dance', 'steps']","['boy', 'pouring', 'something', 'pitcher']",0.4
"['woman', 'opening', 'soda', 'drinking']","['woman', 'riding', 'elephant']",0.6000000000000001
"['man', 'assembling', 'speaker', 'parts']","['man', 'playing', 'guitar']",1.0
"['dog', 'walked', 'along', 'edge', 'pool']","['dog', 'walking', 'along', 'pool']",4.6
"['butter', 'put', 'bowl']","['man', 'cutting', 'butter', 'mixing', 'bowl']",4.25
"['raccoons', 'eating']","['man', 'eating']",1.5
"['someone', 'fell', 'horse']","['man', 'gets', 'knocked', 'horse']",3.5
"['woman', 'peels', 'apple']","['man', 'pops', 'wheelies', 'motorcycle']",0.0
"['man', 'taking', 'math', 'classes']","['man', 'rinsing', 'steak']",0.0
"['animals', 'playing', 'water']","['two', 'men', 'playing', 'ping', 'pong']",0.0
"['man', 'riding', 'horse', 'jumping', 'obstacles']","['man', 'kicking', 'soccer', 'ball']",0.333
"['person', 'pencil', 'tricks', 'hand']","['person', 'slicing', 'carrots', 'half']",0.333
"['person', 'lit', 'cameras', 'fire']","['person', 'blow', 'torching', 'cameras']",3.333
"['man', 'slicing', 'tape', 'box']","['man', 'cutting', 'open', 'box']",4.333
"['man', 'fishing', 'river']","['man', 'singing', 'walking', 'sidewalk']",0.8
"['man', 'riding', 'bike']","['woman', 'dancing', 'street']",0.2
"['man', 'pushups']","['woman', 'cutting', 'octopus']",0.0
"['man', 'playing', 'guitar']","['woman', 'slicing', 'pork']",0.0
"['little', 'boy', 'singing', 'playing', 'guitar']","['baby', 'playing', 'guitar']",2.8
"['woman', 'powdering', 'face']","['woman', 'tapping', 'fingers', 'table']",0.8
"['woman', 'peeling', 'potato']","['lion', 'walking', 'around']",0.0
"['woman', 'firing', 'rifle']","['man', 'performing', 'stunts']",0.25
"['woman', 'puts', 'garland', 'mans', 'shoulders']","['man', 'pours', 'water', 'pilots', 'head']",0.5
"['old', 'woman', 'shaking', 'hand', 'man']","['man', 'woman', 'shake', 'hands']",3.75
"['woman', 'waterskiing']","['woman', 'wake', 'boarding', 'lake']",1.75
"['trees', 'bending', 'storm']","['trees', 'hit', 'hard', 'winds']",2.667
"['man', 'woman', 'riding', 'car']","['woman', 'frying', 'shrimp']",0.4
"['man', 'moving', 'tree', 'limb']","['woman', 'playing', 'violin']",0.0
"['man', 'plays', 'piano']","['woman', 'playing', 'violin']",1.0
"['person', 'pours', 'oil', 'skillet']","['person', 'dicing', 'onion']",0.8
"['animal', 'eating']","['woman', 'dancing']",0.0
"['woman', 'walking', 'dog']","['woman', 'walks', 'dog', 'street']",4.0
"['group', 'people', 'sing']","['people', 'singing']",5.0
"['cat', 'drinking', 'milk']","['cat', 'licking', 'saucer', 'milk']",4.4
"['girl', 'making', 'eyelid']","['woman', 'applying', 'eyeshadow']",2.0
"['two', 'men', 'fighting']","['two', 'men', 'fighting', 'using', 'form', 'martial', 'arts']",2.8
"['military', 'officer', 'barked', 'recruits']","['officer', 'talking', 'recruits']",2.5
"['man', 'putting', 'chicken', 'container']","['man', 'putting', 'foods', 'box']",2.5
"['man', 'tying', 'stenographers', 'machine']","['man', 'used', 'stenograph']",2.25
"['woman', 'adding', 'pasta', 'pot', 'water']","['woman', 'making', 'noodles']",3.6
"['woman', 'lying', 'blanket', 'rock', 'reading', 'book']","['woman', 'seated', 'singing', 'song', 'playing', 'guitar']",1.2
"['two', 'puppies', 'playing']","['men', 'playing', 'soccer']",0.2
"['man', 'running', 'field']","['man', 'climbs', 'rope']",1.0
"['man', 'hugging', 'someone']","['man', 'taking', 'picture']",0.4
"['someone', 'pouring', 'ingrediants', 'pot']","['man', 'puts', 'vegetables', 'pot']",2.8
"['couple', 'walking']","['men', 'sawing']",0.0
"['person', 'playing', 'guitar']","['man', 'played', 'guitar']",3.0
"['person', 'adding', 'food', 'pan']","['woman', 'puts', 'rice', 'pan']",3.0
"['group', 'penguins', 'walking']","['large', 'amount', 'penguins', 'heading', 'ocean']",2.8
"['man', 'playing', 'guitar']","['someone', 'handling', 'bun']",0.0
"['dog', 'jumping', 'trampoline']","['boy', 'playing', 'guitar']",0.0
"['man', 'shaking', 'container', 'kitchen', 'sink']","['man', 'emptying', 'plastic', 'container']",2.2
"['man', 'walking', 'horse']","['man', 'leading', 'horse', 'around', 'halter']",3.75
"['paper', 'cut', 'scissors']","['piece', 'paper', 'cut']",4.0
"['person', 'peels', 'shrimp']","['lady', 'peeled', 'shrimp']",3.5
"['man', 'playing', 'guitar']","['man', 'tries', 'read', 'paper']",0.8
"['man', 'making', 'bed', 'hotel']","['man', 'holding', 'animal']",0.8
"['dog', 'pulled', 'dogs', 'tail', 'leg']","['monkey', 'pulled', 'dogs', 'tail']",1.75
"['woman', 'beats', 'two', 'eggs', 'bowl']","['person', 'mixing', 'ingredients', 'bowl']",3.0
"['man', 'jumping', 'rope', 'outside']","['woman', 'slicing', 'cucumber']",0.0
"['person', 'slicing', 'onions']","['hamster', 'singing']",0.0
"['woman', 'holds', 'kangaroo']","['man', 'hat', 'sings', 'song']",0.0
"['soccer', 'players', 'kicking', 'soccer', 'ball', 'goal']","['soccer', 'player', 'scores', 'goal']",3.8
"['woman', 'cooking', 'something']","['woman', 'pouring', 'ingredients', 'frying', 'pan']",3.2
"['woman', 'swimming', 'beach']","['woman', 'splashes', 'around', 'oceans', 'waves']",3.2
"['man', 'carrying', 'another', 'man']","['man', 'sprays', 'another', 'man', 'water', 'hose']",0.8
"['woman', 'putting', 'paste', 'dish']","['woman', 'pulling', 'kind', 'sticky', 'goo', 'bowl']",1.5
"['man', 'holding', 'talking', 'gray', 'tube', 'tshirt']","['man', 'showing', 'shirt']",2.75
"['someone', 'pours', 'olive', 'oil', 'bowl', 'tomato', 'wedges']","['man', 'poured', 'oil', 'tomato', 'slices']",3.75
"['man', 'playing', 'guitar']","['man', 'played', 'guitar', 'friend']",3.2
"['someone', 'boiling', 'okra', 'pot']","['someone', 'pours', 'olive', 'oil', 'bowl', 'tomato', 'wedges']",0.8
"['person', 'peeling', 'potato']","['cat', 'licking', 'small', 'bottle']",0.0
"['cat', 'jumping', 'box']","['young', 'man', 'talking', 'leaf']",0.0
"['woman', 'seasoning', 'oil']","['woman', 'pouring', 'ingredients', 'bowl']",1.4
"['cat', 'sliding', 'upside', 'couch']","['cat', 'crawling', 'piece', 'furniture', 'back']",3.2
"['woman', 'dances', 'man', 'plays', 'keyboard']","['woman', 'dancing', 'stage']",2.2
"['chef', 'cleaning', 'bowl', 'soup']","['man', 'wiping', 'edge', 'bowl']",2.533
"['explosion', 'booming', 'desert']","['nuclear', 'weapon', 'explodes', 'desert']",3.4
"['woman', 'slices', 'lemon']","['man', 'talking', 'microphone']",0.0
"['overweight', 'man', 'skipping', 'rope']","['young', 'man', 'dancing']",0.8
"['lady', 'cracked', 'two', 'raw', 'eggs']","['woman', 'cracking', 'eggs', 'bowl']",3.2
"['man', 'sharpens', 'pencil', 'using', 'knife']","['woman', 'dancing', 'rain']",0.0
"['plastic', 'toys', 'floating', 'water']","['ladies', 'performing', 'dance']",0.0
"['turtle', 'followed', 'fish']","['sea', 'turtle', 'hunting', 'fish']",3.0
"['woman', 'pencilling', 'eye', 'shadow']","['girl', 'using', 'eye', 'pencil', 'eyelid']",2.8
"['man', 'tying', 'shoe']","['dog', 'riding', 'bicyclists', 'shoulders']",0.0
"['woman', 'slicing', 'meat', 'knife']","['man', 'spreading', 'dough']",0.417
"['dog', 'running', 'ground']","['girl', 'tapping', 'finger', 'nails']",0.0
"['man', 'petting', 'tied', 'dog']","['man', 'showing', 'dog', 'camera']",1.0
"['woman', 'walking', 'open', 'ground', 'pet', 'dog', 'dogs', 'follow']","['man', 'walking', 'several', 'dogs']",2.0
"['woman', 'mincing', 'garlic']","['person', 'cleaning', 'disk']",0.0
"['two', 'teams', 'playing', 'soccer']","['different', 'sets', 'teams', 'playing', 'football', 'field']",2.5
"['rat', 'like', 'creature', 'smelling', 'around']","['animal', 'walking', 'ground']",2.0
"['two', 'sumo', 'ringers', 'fighting']","['man', 'rides', 'water', 'toy', 'water']",0.0
"['man', 'lays', 'ground', 'aims', 'rifle']","['man', 'spreading', 'butter', 'tortilla']",0.0
"['couple', 'running', 'towards', 'ocean']","['man', 'woman', 'running', 'together', 'holding', 'hands']",2.818
"['woman', 'chopping', 'hard', 'egg']","['person', 'cutting', 'boiled', 'egg', 'pieces']",3.533
"['two', 'robots', 'share', 'kiss']","['male', 'female', 'robot', 'kissing']",3.8
"['cat', 'trying', 'touch', 'dog']","['cat', 'teased', 'dog', 'touching', 'head']",3.25
"['rhino', 'grazed', 'grass']","['rhino', 'grazing', 'field']",4.0
"['man', 'drove', 'little', 'red', 'car', 'around', 'traffic']","['dog', 'ran', 'water', 'beach']",0.0
"['man', 'cutting', 'bread']","['man', 'tricks', 'soccer', 'ball']",1.0
"['cat', 'rapidly', 'swats', 'kid', 'head']","['cat', 'boy', 'play', 'together']",2.6
"['cat', 'playing', 'box']","['dog', 'playing', 'floor', 'cleaner']",1.4
"['couple', 'danced', 'church']","['couple', 'slow', 'dances']",3.2
"['man', 'patting', 'alligator', 'mouth']","['person', 'dumping', 'chopped', 'vegetables', 'pot', 'stove']",0.0
"['person', 'checks', 'rice', 'pudding']","['horse', 'running']",0.0
"['woman', 'stirring', 'two', 'eggs', 'glass', 'bowl']","['young', 'girl', 'singing', 'stage']",0.0
"['man', 'playing', 'drums']","['man', 'pours', 'cleaner', 'sink']",0.0
"['man', 'slicing', 'pepper']","['person', 'cuts', 'big', 'green', 'pepper', 'apart']",3.8
"['woman', 'speaking', 'sign', 'language']","['woman', 'spices', 'seafood']",0.643
"['boy', 'crawling', 'dog', 'house']","['cat', 'playing', 'floor']",0.0
"['girl', 'flew', 'kite', 'ran', 'hill']","['girl', 'loses', 'kite']",2.25
"['woman', 'placing', 'food', 'pot', 'hot', 'water']","['woman', 'frying', 'meat']",1.25
"['small', 'monkey', 'walks', 'water']","['monkey', 'wading', 'across', 'marsh']",3.4
"['man', 'riding', 'bike']","['panda', 'bear', 'eating']",0.0
"['young', 'man', 'singing', 'playing', 'piano']","['man', 'writing', 'letter']",0.2
"['boy', 'takes', 'sunglasses']","['boy', 'screaming']",0.5
"['girl', 'playing', 'piano']","['boy', 'push', 'ups']",0.0
"['lady', 'sliced', 'tomatoe']","['someone', 'cutting', 'tomato']",4.0
"['someone', 'holding', 'hedgehog']","['onion', 'sliced']",0.0
"['woman', 'peels', 'potato']","['woman', 'grilling', 'pineapples']",1.0
"['cat', 'drinking', 'water']","['truck', 'going', 'hill']",0.0
"['person', 'putting', 'salt', 'pepper', 'piece', 'pork']","['youngster', 'sitting', 'piano']",0.0
"['man', 'sat', 'chair', 'stared']","['little', 'girl', 'putting', 'hair', 'pony', 'tail']",0.0
"['woman', 'dicing', 'potato']","['woman', 'cuts', 'tofu', 'tiny', 'pieces']",1.8
"['baby', 'crawling', 'happily']","['baby', 'sneezed', 'scared', 'another', 'baby']",1.2
"['person', 'frying', 'meat', 'pan']","['man', 'cutting', 'vegetable']",0.6000000000000001
"['man', 'looking', 'window']","['woman', 'swimming', 'water']",0.25
"['man', 'seated', 'playing', 'guitar']","['man', 'playing', 'acoustic', 'guitar', 'singing', 'microphone']",3.25
"['woman', 'slicing', 'onion', 'knife']","['man', 'preparing', 'dish']",1.25
"['rider', 'running', 'jumping', 'horse']","['woman', 'jumps', 'hurdles', 'horse']",4.0
"['boy', 'playing', 'keyboard']","['boy', 'sitting', 'room', 'playing', 'piano', 'lamp', 'light']",3.25
"['two', 'men', 'fighting']","['man', 'exercising']",0.75
"['man', 'playing', 'wooden', 'flute', 'several', 'men', 'play', 'bongo', 'drums']","['man', 'playing', 'flute']",3.25
"['person', 'petting', 'monkey']","['man', 'holding', 'slow', 'loris']",1.2
"['two', 'cartoon', 'rabbits', 'kissing']","['rabbit', 'kissing', 'another', 'rabbit']",3.8
"['hedgehog', 'chewed', 'towel']","['hedgehog', 'biting', 'blanket']",3.4
"['cat', 'licking']","['man', 'slicing', 'white', 'onion', 'mandolin', 'slicer']",0.0
"['small', 'guinea', 'pig', 'gnawing', 'eating', 'piece', 'carrot', 'floor']","['guinea', 'pig', 'eats', 'carrot']",3.5
"['four', 'boys', 'standing', 'front', 'burning', 'car']","['four', 'young', 'men', 'stand', 'still', 'car', 'explodes', 'behind']",3.75
"['man', 'smoking']","['man', 'sat', 'suit', 'smoked']",4.0
"['woman', 'adding', 'sauce', 'food']","['person', 'cutting', 'leaves']",0.2
"['three', 'children', 'eating', 'food']","['deer', 'jumped', 'fence']",0.0
"['submarine', 'going', 'water']","['baby', 'falling', 'asleep']",0.0
"['man', 'running', 'street']","['man', 'plays', 'guitar']",0.8
"['person', 'slicing', 'onion']","['cat', 'pooping', 'toilet']",0.0
"['badger', 'digging', 'dirt']","['man', 'moving', 'large', 'rocks']",0.0
"['woman', 'slicing', 'big', 'pepper']","['dog', 'moving', 'mouth']",0.0
"['man', 'riding', 'bicycle']","['man', 'riding', 'bike']",5.0
"['man', 'woman', 'kissing']","['man', 'woman', 'talking']",0.6000000000000001
"['woman', 'slicing', 'onion']","['woman', 'cutting', 'onion']",4.2
"['small', 'boy', 'playing', 'dog']","['baby', 'playing', 'dog']",3.75
"['man', 'drawing']","['man', 'drawing']",5.0
"['man', 'cutting', 'potato']","['woman', 'cutting', 'tomato']",1.25
"['boy', 'playing', 'guitar']","['kid', 'playing', 'guitar']",3.6
"['woman', 'cutting', 'onion']","['woman', 'cutting', 'onion']",5.0
"['toy', 'train', 'striking', 'toy', 'car']","['toy', 'train', 'strikes', 'toy', 'car']",5.0
"['man', 'playing', 'guitar']","['man', 'playing', 'flute']",2.2
"['cat', 'opens', 'drawer', 'climbs', 'inside']","['cat', 'opening', 'drawer', 'climbing', 'inside']",5.0
"['woman', 'frying', 'food']","['woman', 'deep', 'frying', 'food']",4.25
"['man', 'dicing', 'onion']","['woman', 'cutting', 'onion']",2.5
"['girl', 'playing', 'guitar']","['man', 'playing', 'guitar']",2.8
"['girl', 'singing', 'stage']","['man', 'singing', 'stage']",2.8
"['woman', 'riding', 'horse']","['woman', 'riding', 'donkey']",2.8
"['girl', 'playing', 'guitar']","['man', 'playing', 'guitar']",2.8
"['woman', 'brushing', 'shrimp']","['woman', 'brushes', 'shrimp']",5.0
"['man', 'dancing', 'ceiling']","['man', 'dancing', 'ceiling', 'room']",4.8
"['woman', 'thinly', 'slices', 'onion', 'large', 'knife']","['woman', 'slicing', 'onions', 'large', 'knife']",4.2
"['man', 'playing', 'keyboard']","['man', 'plays', 'keyboard']",5.0
"['man', 'plays', 'guitar']","['man', 'playing', 'guitar']",5.0
"['woman', 'peeling', 'potato']","['woman', 'peels', 'potato']",5.0
"['woman', 'handling', 'frog']","['man', 'holding', 'frog']",3.75
"['man', 'playing', 'flute']","['man', 'playing', 'guitar']",2.0
"['man', 'playing', 'guitar']","['man', 'playing', 'flute']",1.583
"['man', 'playing', 'piano']","['man', 'playing', 'guitar']",1.778
"['man', 'playing', 'guitar']","['man', 'playing', 'piano']",2.0
"['man', 'playing', 'flute']","['man', 'playing', 'guitar']",2.0
"['man', 'playing', 'flute']","['man', 'playing', 'guitar']",2.0
"['two', 'women', 'couch']","['two', 'women', 'hugging', 'couch']",3.2
"['someone', 'slicing', 'cucumber']","['man', 'slicing', 'cucumber']",3.8
"['kitten', 'playing', 'blue', 'rope', 'toy']","['kitten', 'playing', 'toy']",4.4
"['dog', 'barking', 'toy']","['dog', 'barking', 'toy']",5.0
"['person', 'folds', 'tortilla']","['man', 'folds', 'tortilla']",3.5
"['cat', 'drinking', 'milk']","['kitten', 'drinking', 'milk']",4.0
"['person', 'driving', 'car']","['man', 'driving', 'car']",3.5
"['turtle', 'walking']","['tortoise', 'walking']",4.4
"['cow', 'eating', 'grass']","['cow', 'eating', 'hay']",3.8
"['woman', 'chopping', 'broccoli']","['woman', 'chopping', 'garlic']",2.6
"['man', 'crying']","['man', 'screaming']",3.0
"['man', 'playing', 'guitar']","['man', 'playing', 'guitar']",5.0
"['man', 'cutting', 'onion']","['man', 'cutting', 'plantain']",3.667
"['man', 'slicing', 'potato']","['woman', 'peeling', 'potato']",2.333
"['woman', 'tapping', 'fingers', 'table']","['woman', 'tapping', 'fingers']",4.0
"['someone', 'boiling', 'okra', 'pot']","['someone', 'cooking', 'okra', 'pan']",4.4
"['man', 'smoking']","['man', 'mixing']",0.2
"['man', 'playing', 'drums']","['man', 'playing', 'drums']",5.0
"['man', 'dives', 'pool']","['man', 'diving', 'pool']",5.0
"['woman', 'cutting', 'leak']","['woman', 'slicing', 'leek']",4.0
"['little', 'boy', 'playing', 'guitar']","['boy', 'playing', 'guitar']",4.6
"['woman', 'dancing']","['man', 'dancing']",2.6
"['women', 'talking']","['men', 'talking']",2.6
"['girl', 'putting', 'gel', 'hair']","['woman', 'putting', 'gel', 'hair']",2.6
"['kid', 'playing', 'guitar']","['man', 'playing', 'guitar']",2.2
"['group', 'people', 'marching', 'place']","['group', 'people', 'dancing', 'concert']",1.7000000000000002
"['woman', 'shooting', 'machine', 'gun']","['man', 'shooting', 'gun']",2.0
"['man', 'played', 'piano']","['man', 'plays', 'piano']",4.0
"['woman', 'slicing', 'onion']","['someone', 'slicing', 'onion']",3.25
"['man', 'slicing', 'cucumber']","['man', 'cutting', 'cucumbers']",4.5
"['girl', 'eating', 'cupcake']","['woman', 'eating', 'cupcake']",2.6
"['woman', 'cutting', 'onion']","['man', 'chopping', 'onion']",2.0
"['man', 'playing', 'guitar']","['baby', 'playing', 'guitar']",1.8
"['man', 'playing', 'guitar']","['man', 'playing', 'drums']",1.556
"['two', 'little', 'girls', 'talk', 'telephone']","['two', 'girls', 'talk', 'phone']",4.5
"['man', 'chopping', 'log', 'axe']","['man', 'chopping', 'tree', 'trunk', 'axe']",4.0
"['person', 'cutting', 'capsicum', 'pieces']","['person', 'slicing', 'garlic', 'pieces']",1.6
"['man', 'talking', 'woman']","['woman', 'walking', 'dog']",0.5
"['man', 'walking']","['man', 'talking']",1.4
"['someone', 'pouring', 'oil', 'skillet']","['someone', 'pouring', 'milk', 'blender']",1.6
"['small', 'kitten', 'playing', 'ball']","['kitten', 'playing', 'ball']",4.4
"['man', 'playing', 'guitar']","['woman', 'playing', 'flute']",1.8
"['girl', 'playing', 'violin']","['girl', 'playing', 'flute']",2.6
"['man', 'playing', 'two', 'pianos']","['cat', 'playing', 'piano']",1.6
"['man', 'exercising']","['girl', 'exercising']",3.0
"['person', 'slicing', 'scallop']","['person', 'slicing', 'octopus']",2.0
"['man', 'woman', 'riding', 'bicycles']","['man', 'woman', 'riding', 'motorcycle']",2.0
"['two', 'men', 'fighting', 'cow', 'pasture']","['two', 'men', 'fighting', 'cattle', 'pen']",4.0
"['woman', 'adding', 'oil', 'pan']","['man', 'pouring', 'oil', 'pan']",3.0
"['girl', 'makes', 'bed']","['young', 'girl', 'makes', 'bed']",4.4
"['cat', 'played', 'watermelon']","['cat', 'playing', 'watermelon']",4.8
"['girl', 'jumps', 'car']","['girl', 'jumping', 'onto', 'car']",4.8
"['man', 'praying']","['man', 'running']",0.727
"['car', 'parking']","['cat', 'playing']",0.0
"['man', 'running']","['man', 'dancing']",1.25
"['man', 'singing']","['man', 'dancing']",0.5
"['man', 'carrying', 'another', 'man', 'shoulder']","['man', 'carrying', 'someone', 'shoulder']",3.25
"['woman', 'peeling', 'potato']","['woman', 'slicing', 'tomato']",1.333
"['woman', 'cutting', 'tomato']","['woman', 'slicing', 'potato']",1.0
"['someone', 'peeling', 'potato']","['someone', 'slicing', 'tomato']",1.4
"['woman', 'peeling', 'potato']","['woman', 'slicing', 'tomato']",1.333
"['two', 'robots', 'kiss']","['two', 'robots', 'kissing']",5.0
"['two', 'boys', 'couch', 'playing', 'video', 'games']","['two', 'boys', 'playing', 'video', 'game']",4.0
"['woman', 'squeezing', 'lemon']","['woman', 'squeezing', 'juice', 'lemon']",4.4
"['woman', 'slicing', 'onion']","['man', 'slicing', 'tomato']",1.2
"['woman', 'slicing', 'carrot']","['man', 'slicing', 'tomato']",1.2
"['girl', 'styling', 'hair']","['girl', 'filing', 'nails']",1.25
"['man', 'walking', 'stairs']","['man', 'walks', 'staircase']",5.0
"['two', 'people', 'riding', 'motorcycle']","['two', 'people', 'riding', 'bike']",2.0
"['man', 'playing', 'guitar']","['woman', 'playing', 'electric', 'guitar']",2.2
"['man', 'playing', 'guitar', 'singing']","['man', 'playing', 'guitar']",3.2
"['man', 'walking', 'rain']","['man', 'woman', 'walking', 'grand']",1.5
"['kangaroo', 'eating']","['kangaroo', 'eating']",4.75
"['man', 'fishing']","['man', 'exercising']",0.5
"['woman', 'swimming']","['man', 'singing']",0.067
"['woman', 'eating']","['animal', 'eating']",1.6
"['boy', 'girl', 'dancing', 'rain']","['man', 'woman', 'dancing', 'rain']",2.6
"['man', 'driving', 'car']","['man', 'drives', 'car']",4.875
"['woman', 'grating', 'onion']","['woman', 'grates', 'onions']",5.0
"['two', 'roosters', 'fighting']","['two', 'men', 'fighting']",2.0
"['man', 'riding', 'horse']","['man', 'driving', 'car']",1.4
"['man', 'riding', 'horse']","['man', 'driving', 'car']",1.4
"['man', 'shooting', 'gun']","['man', 'slicing', 'bun']",0.8
"['woman', 'cutting', 'onion']","['woman', 'cutting', 'meat']",2.0
"['woman', 'slicing', 'herbs']","['man', 'slicing', 'bread']",1.6
"['boy', 'playing', 'piano']","['man', 'playing', 'piano']",3.0
"['baby', 'elephant', 'eating']","['baby', 'elephant', 'eats', 'sapling']",3.615
"['woman', 'cracking', 'eggs', 'bowl']","['woman', 'cracking', 'eggs']",4.0
"['person', 'playing', 'keyboard']","['boy', 'playing', 'keyboard']",4.0
"['boy', 'whacks', 'man', 'sword']","['boy', 'spanks', 'man', 'plastic', 'sword']",3.333
"['person', 'slicing', 'carrot', 'pieces']","['person', 'cutting', 'onion', 'pieces']",1.5
"['man', 'sliced', 'bunch', 'water', 'bottles', 'knife']","['man', 'slicing', 'line', 'water', 'bottles', 'knife']",4.4
"['man', 'writing', 'book']","['man', 'writing', 'paper']",2.875
"['woman', 'slicing', 'garlic']","['woman', 'slicing', 'big', 'pepper']",2.2
"['person', 'making', 'bed']","['person', 'eating', 'table']",0.2
"['man', 'playing', 'keyboard']","['man', 'playing', 'guitar']",1.8
"['man', 'playing', 'violin']","['man', 'playing', 'harp']",1.6
"['woman', 'smoking']","['man', 'walking']",0.2
"['man', 'erased', 'man', 'board']","['man', 'erased', 'work', 'board']",3.0
"['man', 'riding', 'motorcycle']","['man', 'riding', 'motorcycle', 'town']",3.5
"['man', 'riding', 'motorcycle', 'highway']","['man', 'riding', 'motorcycle']",3.5
"['woman', 'slicing', 'meat']","['woman', 'slicing', 'onions']",2.0
"['woman', 'cuts', 'broccoli']","['woman', 'cutting', 'broccoli']",5.0
"['man', 'playing', 'piano']","['woman', 'peeling', 'potato']",0.0
"['someone', 'slicing', 'tomato']","['someone', 'slicing', 'fruit']",3.2
"['woman', 'dancing', 'cage']","['woman', 'dancing']",3.25
"['woman', 'swimming']","['man', 'spitting']",0.0
"['man', 'running']","['man', 'mooing']",1.0
"['man', 'playing', 'guitar']","['man', 'played', 'guitar']",3.667
"['cat', 'stares', 'camera']","['cat', 'addresses', 'camera']",3.0
"['baby', 'laughing', 'crawling']","['baby', 'laughing', 'crawling', 'floor']",4.2
"['woman', 'shooting', 'gun']","['woman', 'shoots', 'shotgun']",4.091
"['woman', 'dancing', 'rain']","['woman', 'dancing', 'railway', 'station']",2.0
"['woman', 'dancing']","['woman', 'exercising']",1.0
"['kid', 'playing', 'instrument']","['young', 'boy', 'playing', 'wind', 'instrument']",3.8
"['someone', 'slices', 'bottle', 'sword']","['man', 'breaks', 'bottle', 'sword']",4.0
"['woman', 'cutting', 'apple']","['woman', 'cutting', 'potato']",1.8
"['man', 'peeling', 'apple']","['man', 'peels', 'apple']",5.0
"['man', 'playing', 'guitar']","['man', 'playing', 'skull']",1.0
"['animal', 'walking', 'ground']","['solenodon', 'walking', 'along', 'ground']",3.0
"['little', 'girl', 'playing', 'grand', 'piano', 'stage']","['little', 'girl', 'playing', 'piano']",2.6
"['group', 'people', 'dancing']","['group', 'men', 'dancing']",3.4
"['man', 'plays', 'guitar']","['woman', 'playing', 'guitar']",2.0
"['cat', 'swings', 'ceiling', 'fan']","['cat', 'spun', 'around', 'ceiling', 'fan']",4.2
"['woman', 'playing', 'flute']","['girl', 'playing', 'flute']",3.8
"['woman', 'dicing', 'onions']","['woman', 'cutting', 'onion']",4.4
"['monkey', 'brushing', 'bull', 'dog']","['monkey', 'brushes', 'dog']",4.2
"['woman', 'slicing', 'onion']","['woman', 'cutting', 'potato']",1.2
"['man', 'playing', 'piano']","['woman', 'playing', 'guitar']",1.2
"['woman', 'washing', 'hands']","['woman', 'straightening', 'hair']",0.8
"['woman', 'fires', 'shotgun']","['woman', 'shooting', 'gun']",3.2
"['man', 'eating', 'bowl', 'cereal']","['man', 'eating', 'cereal']",4.0
"['woman', 'bathing', 'bathtub']","['woman', 'taking', 'bath']",4.4
"['motorcyclist', 'crashes', 'motorcycle']","['person', 'crashes', 'motorcycle']",4.2
"['man', 'dangling', 'mouse', 'near', 'snake']","['man', 'feeding', 'mice', 'snake']",3.2
"['man', 'woman', 'walking', 'woods']","['man', 'woman', 'walking', 'jungle']",3.4
"['person', 'pours', 'rice', 'pudding', 'bowl']","['lady', 'poured', 'rice', 'pudding', 'bowl']",4.0
"['man', 'stares', 'window']","['man', 'looks', 'window']",4.8
"['woman', 'firing', 'rifle']","['woman', 'cutting', 'lemon']",0.2
"['man', 'eating', 'banana']","['someone', 'peeling', 'banana']",1.8
"['men', 'performing', 'stage']","['comedic', 'mimes', 'performed', 'stage']",2.6
"['cartoon', 'woman', 'dives', 'pool']","['cartoon', 'woman', 'diving', 'board']",2.8
"['lady', 'put', 'baby', 'int', 'trashcan']","['woman', 'puts', 'baby', 'trash']",5.0
"['someone', 'frying', 'meat']","['someone', 'playing', 'paino']",0.25
"['man', 'rapidly', 'chopping', 'mushrooms', 'using', 'knife']","['person', 'quickly', 'chopping', 'mushrooms', 'knife']",3.75
"['woman', 'adding', 'ingredients', 'bowl']","['woman', 'cracking', 'three', 'eggs', 'bowl']",1.75
"['skateboarder', 'tricks', 'halfpipe']","['man', 'skateboards', 'half', 'pipe']",3.5
"['man', 'speaking', 'stage']","['man', 'speaking', 'podium']",3.4
"['man', 'playing', 'guitar']","['man', 'hat', 'playing', 'harp']",1.4
"['man', 'playing', 'keyboard']","['man', 'playing', 'guitar']",1.4
"['person', 'cutting', 'potato']","['person', 'slicing', 'shallot']",1.0
"['man', 'dancing', 'ceiling', 'room']","['man', 'dancing', 'upsidedown', 'ceiling']",4.6
"['two', 'men', 'dancing']","['two', 'women', 'shopping']",0.4
"['someone', 'seasoning', 'eggs']","['someone', 'seasoning', 'two', 'raw', 'eggs', 'bowl']",3.6
"['man', 'swinging', 'rope']","['gibbon', 'swinging', 'trees']",1.25
"['man', 'cutting', 'tomatoes']","['woman', 'cutting', 'broccoli']",1.5
"['woman', 'boiling', 'shrimp']","['woman', 'combing', 'hair']",1.0
"['man', 'cuts', 'potato']","['man', 'slicing', 'potato']",3.75
"['man', 'dancing', 'road']","['man', 'dancing']",3.25
"['deer', 'jumped', 'fence']","['deer', 'jumps', 'cyclone', 'fence']",4.0
"['girl', 'dances', 'rain']","['woman', 'dancing', 'rain']",3.0
"['woman', 'writing', 'letter']","['woman', 'sitting', 'desk']",1.667
"['gorilla', 'playing', 'drums']","['monkey', 'playing', 'drums']",3.333
"['woman', 'riding', 'horse']","['woman', 'picking', 'tomatoes']",0.5
"['boy', 'cut', 'grass', 'curb', 'scissors']","['boy', 'cuts', 'grass', 'scissors']",3.75
"['man', 'glasses', 'talking']","['man', 'library', 'talking']",3.25
"['woman', 'cutting', 'flowers']","['woman', 'cutting', 'broccoli']",1.0
"['person', 'walking', 'stone', 'path']","['man', 'walking', 'sidewalk']",3.5
"['man', 'plays', 'keyboard', 'nose']","['man', 'playing', 'piano', 'nose']",4.4
"['man', 'playing', 'guitar']","['cat', 'playing']",0.4
"['animal', 'eating']","['animal', 'hopping']",0.4
"['man', 'lifting', 'weights']","['man', 'lifting', 'barbell']",4.2
"['man', 'running', 'bus']","['man', 'runs', 'truck']",2.5
"['man', 'climbing', 'rope']","['man', 'sitting', 'rock']",0.25
"['cat', 'playing', 'piano']","['cat', 'licking', 'paw']",0.25
"['woman', 'dancing', 'rain']","['woman', 'adding', 'oil', 'dish']",0.25
"['men', 'running', 'race']","['racers', 'running', 'track']",2.6
"['man', 'cutting', 'tomatoes', 'pieces']","['woman', 'cutting', 'potatoes']",1.8
"['man', 'playing', 'flute']","['woman', 'applying', 'eye', 'liner']",0.0
"['woman', 'cutting', 'potatoes']","['woman', 'slicing', 'carrots']",1.2
"['chicken', 'pecking', 'dead', 'mouse']","['rooster', 'pecks', 'dead', 'mouse']",3.6
"['woman', 'thinly', 'slicing', 'cucumber']","['woman', 'slicing', 'tomato']",1.2
"['person', 'slicing', 'bread', 'pieces']","['man', 'slicing', 'bread']",3.2
"['woman', 'cutting', 'squash']","['woman', 'cutting', 'big', 'pepper']",2.2
"['woman', 'adding', 'oil', 'fishes']","['woman', 'riding', 'horse']",0.8
"['woman', 'grating', 'carrots']","['woman', 'coating', 'pork', 'chop']",1.6
"['someone', 'cleaning', 'animal']","['woman', 'cleaning', 'shrimp']",2.8
"['man', 'talking', 'phone']","['man', 'talking']",3.2
"['woman', 'smoking']","['woman', 'making', 'food']",0.8
"['man', 'laying', 'shooting', 'gun']","['man', 'laying', 'ground', 'shooting', 'rifle']",3.8
"['man', 'put', 'abulance']","['man', 'pouring', 'pasta', 'onto', 'plate']",0.0
"['man', 'diving', 'swimming', 'pool']","['man', 'singing', 'microphone']",0.667
"['man', 'firing', 'shot', 'gun']","['man', 'shoots', 'shotgun']",5.0
"['man', 'playing', 'guitar']","['man', 'playing', 'flute']",1.8
"['man', 'peeling', 'potato']","['man', 'playing', 'guitar']",0.4
"['woman', 'riding', 'horse']","['man', 'riding', 'horse', 'arena']",2.0
"['airplane', 'moves', 'along', 'runway']","['plane', 'landing', 'runway']",2.8
"['woman', 'slipping', 'watertub']","['woman', 'lying', 'raft']",0.8
"['man', 'mowing', 'lawn']","['man', 'mixing']",0.8
"['woman', 'peeling', 'potato']","['woman', 'hitting', 'man']",0.75
"['man', 'playing', 'piano']","['man', 'laying', 'ground']",0.75
"['woman', 'ballet']","['woman', 'riding', 'horse']",1.0
"['woman', 'cutting', 'onion']","['woman', 'rowing', 'boat']",0.8
"['woman', 'stirring', 'rice', 'pot']","['someone', 'putting', 'rice', 'pan']",2.769
"['woman', 'puts', 'slabs', 'meat', 'pan']","['man', 'puts', 'pieces', 'meat', 'plastic', 'bag']",2.4
"['boy', 'played', 'trumpet']","['boy', 'playing', 'trumpet']",4.4
"['person', 'riding', 'horse']","['man', 'riding', 'motorcycle']",1.8
"['woman', 'slicing', 'onion']","['woman', 'cutting', 'carrot']",1.4
"['man', 'slicing', 'vegetables']","['woman', 'slicing', 'potato']",2.25
"['cat', 'playing']","['woman', 'playing', 'flute']",0.25
"['man', 'riding', 'bicycle']","['man', 'riding', 'bicycle', 'around', 'parking', 'lot']",3.25
"['band', 'performing', 'stage']","['band', 'playing', 'singing', 'stage']",4.5
"['woman', 'slicing', 'fish', 'cake']","['woman', 'riding', 'horse']",0.8
"['man', 'eating', 'bread']","['man', 'playing', 'flute']",0.8
"['woman', 'cooking', 'shrimp']","['woman', 'dancing']",0.8
"['woman', 'dancing']","['woman', 'slicing', 'ginger']",0.25
"['woman', 'tosses', 'cat', 'air', 'cat', 'hangs', 'rod', 'ceiling']","['person', 'throws', 'cat', 'air', 'grabs', 'onto', 'ceiling']",3.5
"['big', 'turtle', 'walking']","['tortoise', 'walking']",4.25
"['man', 'burning', 'flag']","['man', 'shooting', 'gun']",0.5
"['man', 'pushing', 'van']","['woman', 'singing']",0.0
"['man', 'eating', 'wood']","['man', 'adding', 'oil', 'car']",0.5
"['dog', 'speaking', 'camera']","['dog', 'eating', 'water', 'melon']",0.6000000000000001
"['man', 'putting', 'two', 'paper', 'towels', 'paper', 'plate']","['man', 'putting', 'papers', 'dish']",2.2
"['man', 'woman', 'walking']","['man', 'woman', 'walking', 'hold']",3.2
"['man', 'cutting', 'rope', 'sword']","['man', 'slced', 'thick', 'rope', 'sword']",4.4
"['man', 'singing', 'playing', 'guitar']","['man', 'playing', 'guitar']",3.0
"['man', 'cutting', 'paper']","['person', 'tearing', 'paper']",2.583
"['man', 'dancing']","['rat', 'running']",0.0
"['two', 'boys', 'talking', 'phone']","['woman', 'talking', 'telephone']",1.8
"['man', 'playing', 'guitar']","['woman', 'peeling', 'tuber']",0.0
"['woman', 'slicing', 'onion']","['women', 'slicing', 'lemons']",1.4
"['woman', 'riding', 'horse']","['man', 'running', 'rope']",0.0
"['man', 'playing', 'soccer']","['man', 'drawing', 'figures']",0.4
"['woman', 'peeling', 'orange']","['man', 'playing', 'flute']",0.0
"['someone', 'cracking', 'egg', 'open']","['man', 'breaking', 'egg']",3.0
"['man', 'cutting', 'snake', 'cook']","['woman', 'cutting', 'meat']",2.0
"['woman', 'scraping', 'carrot']","['man', 'striking', 'clay', 'pots']",0.0
"['man', 'woman', 'bollywood', 'dancing']","['man', 'woman', 'dancing', 'rain']",1.667
"['woman', 'cutting', 'flowers']","['man', 'holding', 'huge', 'sunflowers']",1.0
"['man', 'danced', 'diner']","['bomb', 'exploded', 'desert']",0.0
"['american', 'flag', 'waving']","['american', 'flag', 'blowing', 'wind']",4.2
"['lion', 'walking', 'enclosed', 'area']","['lion', 'walking', 'around']",2.6
"['woman', 'slicing', 'lemon']","['man', 'showing', 'bread']",0.25
"['woman', 'playing', 'flute']","['woman', 'slicing', 'tuna']",0.4
"['dog', 'barking', 'toy']","['dog', 'barking', 'electronic', 'toy', 'duck']",3.5
"['woman', 'adding', 'egg', 'stirring']","['woman', 'mixing', 'egg', 'bowl']",3.5
"['woman', 'covers', 'piece', 'meat', 'flour']","['woman', 'seasoning', 'piece', 'meat']",3.0
"['white', 'cat', 'perched', 'small', 'wooden', 'cabinet', 'looking', 'outside', 'window']","['cat', 'perched', 'table', 'looks', 'window']",3.4
"['man', 'floor', 'exercises']","['man', 'exercising']",3.6
"['man', 'slicing', 'potatoe']","['man', 'peeling', 'banana']",1.0
"['someone', 'playing', 'piano']","['person', 'playing', 'keyboard', 'piano']",3.6
"['woman', 'putting', 'makeup', 'man']","['woman', 'painting', 'face', 'man']",2.8
"['woman', 'droppped', 'eggplant', 'pan']","['woman', 'puts', 'chopped', 'eggplant', 'skillet']",4.0
"['man', 'plays', 'trumpet']","['man', 'playing', 'musical', 'instrument']",3.4
"['woman', 'slicing', 'lemon']","['woman', 'kitchen', 'peels', 'lemon']",2.667
"['tiger', 'trys', 'climb', 'wall']","['lion', 'trying', 'climb', 'wall']",3.0
"['man', 'preparing', 'hanging', 'rope']","['man', 'tying', 'noose']",4.667
"['woman', 'dances', 'stage']","['woman', 'dancing']",3.2
"['girl', 'riding', 'horse']","['girl', 'spraying', 'plants', 'water']",0.2
"['person', 'frying']","['person', 'peeling', 'potato']",1.2
"['man', 'shooting', 'pistol']","['woman', 'chopping', 'garlic']",0.8
"['woman', 'swinging', 'arms']","['woman', 'slicing', 'onion']",0.8
"['man', 'walking', 'outside']","['man', 'dancing']",0.75
"['man', 'dries', 'hands']","['woman', 'fixes', 'hair']",0.25
"['soccer', 'player', 'kicking', 'soccer', 'ball', 'goal', 'long', 'way', 'field']","['soccer', 'player', 'kicks', 'ball', 'goal']",3.25
"['girl', 'playing', 'piano']","['little', 'girl', 'playing', 'grand', 'piano', 'stage']",3.333
"['man', 'drawing', 'figures']","['man', 'drawing', 'digital', 'dry', 'erase', 'board']",3.333
"['monkey', 'hanging', 'trees']","['monkey', 'swung', 'branch', 'branch']",2.0
"['children', 'jumping', 'trampoline']","['two', 'boy', 'playing', 'trampoline']",3.0
"['woman', 'knife', 'slicing', 'pepper']","['women', 'slicing', 'green', 'pepper']",4.0
"['man', 'adding', 'oil', 'car']","['man', 'putting', 'antifreeze', 'car']",2.0
"['man', 'slicing', 'carrot', 'machine']","['man', 'climbing', 'rope']",0.4
"['boy', 'played', 'keyboard']","['person', 'playing', 'piano', 'keyboard']",3.2
"['cat', 'playing', 'antenna']","['boy', 'playing', 'mud']",0.4
"['woman', 'slicing', 'pumpkin']","['person', 'slicing', 'cantaloupe']",2.0
"['people', 'threw', 'dummy', 'cliff', 'edge']","['people', 'throwing', 'dummy', 'cliff']",4.5
"['gun', 'fired']","['potato', 'peeled']",0.5
"['woman', 'cutting', 'plastic', 'sheet']","['woman', 'playing', 'guitar', 'streets']",0.5
"['woman', 'cuts', 'pineapple']","['woman', 'slicing', 'pineapple', 'pieces']",4.0
"['woman', 'adding', 'spices', 'meat']","['woman', 'adds', 'ingredients', 'beef']",3.75
"['person', 'adding', 'oil', 'pan']","['cook', 'pouring', 'oil', 'pan']",4.25
"['cook', 'seasons', 'dough']","['man', 'seasoning', 'dough', 'pan']",3.75
"['boy', 'running', 'beach']","['two', 'boys', 'playing', 'beach']",2.75
"['baby', 'monkey', 'scratches']","['monkey', 'scratched', 'tummy']",3.25
"['boy', 'riding', 'bike', 'gate']","['woman', 'riding', 'horse']",0.8
"['man', 'card', 'trick']","['man', 'squeezing', 'water']",0.25
"['man', 'playing', 'piano']","['someone', 'playing', 'guitar']",0.75
"['man', 'mowing', 'grass']","['guy', 'mowing', 'lawn']",4.8
"['person', 'mixing', 'water', 'flour']","['person', 'hitchhiking', 'road']",0.8
"['two', 'dogs', 'pen']","['cowboy', 'rode', 'horse', 'desert']",0.0
"['man', 'riding', 'one', 'wheel', 'motorcycle']","['person', 'performing', 'tricks', 'motorcycle']",3.0
"['cat', 'opens', 'drawer', 'climbs', 'inside']","['big', 'cat', 'opens', 'plastic', 'drawer', 'paws', 'hops', 'inside']",3.75
"['man', 'opening', 'box', 'using', 'knife']","['man', 'playing', 'guitar']",0.0
"['man', 'kicking', 'oots', 'water']","['woman', 'slicing', 'red', 'pepper']",0.25
"['man', 'eating']","['woman', 'rock', 'climbing']",0.0
"['puppy', 'repeatedly', 'rolling', 'side', 'side', 'back']","['dog', 'rolling', 'side', 'side']",3.5
"['young', 'boy', 'sings', 'plays', 'guitar']","['kid', 'plays', 'guitar']",3.25
"['woman', 'peeling', 'lemon']","['man', 'balancing', 'wire']",0.4
"['man', 'playing', 'trumpet']","['someone', 'playing', 'toad']",0.8
"['dog', 'looking', 'around']","['dog', 'watching', 'store', 'counter']",1.6
"['woman', 'slicing', 'onion']","['man', 'shown', 'slicing', 'carrot', 'knife']",1.2
"['man', 'drilled', 'holes', 'wood']","['man', 'drills', 'wood']",4.2
"['someone', 'cutting', 'circle', 'pink', 'sheet', 'paper']","['someone', 'pouring', 'tomato', 'sauce', 'pot', 'meat']",0.2
"['man', 'playing', 'flute']","['man', 'petting', 'tied', 'dog']",0.2
"['man', 'placing', 'meat', 'bag']","['man', 'drivong', 'car']",0.5
"['girl', 'eating', 'cupcake']","['man', 'playing', 'trumpet']",0.0
"['rabbit', 'sniffing', 'pawing', 'stuffed', 'rabbit']","['live', 'rabbit', 'playing', 'stuffed', 'animal', 'bunny']",4.5
"['man', 'buttering', 'bread']","['woman', 'ridint', 'horse']",0.0
"['woman', 'squeezing', 'cucumber', 'slices']","['woman', 'getting', 'doused', 'green', 'slime']",0.75
"['man', 'taking', 'insides', 'green', 'pepper']","['someone', 'removing', 'seeds', 'bell', 'pepper']",4.0
"['man', 'takes', 'piece', 'pepperoni', 'pizza', 'pizza', 'box', 'puts', 'lid', 'closes', 'box']","['man', 'took', 'piece', 'pepperoni', 'pizza', 'box']",2.75
"['man', 'added', 'vegetables', 'broth', 'pot']","['man', 'adding', 'sliced', 'vegetables', 'cooking', 'bowl', 'water']",3.4
"['man', 'ran', 'jumped', 'wall']","['man', 'jumps', 'wall']",3.4
"['man', 'seasoning', 'sausages']","['man', 'added', 'seasoning', 'water', 'bowl']",2.4
"['clown', 'singing', 'people', 'dancing']","['clown', 'singing']",3.0
"['woman', 'feeding', 'aardvark']","['woman', 'chopping', 'garlic']",0.4
"['person', 'rinsing', 'steak', 'water']","['man', 'rinsing', 'large', 'steak']",3.9290000000000003
"['boy', 'rode', 'bike', 'top', 'metal', 'fence']","['bmx', 'biker', 'rides', 'along', 'top', 'fence']",3.0
"['man', 'throwing', 'knives', 'tree']","['man', 'showing', 'magic']",1.75
"['girls', 'walking', 'stage']","['women', 'models', 'walking', 'catwalk']",2.6
"['woman', 'weight', 'exercises']","['woman', 'exercising', 'barbell']",3.5
"['man', 'peeling', 'potato']","['man', 'hiking']",0.5
"['large', 'bird', 'standing', 'table', 'picks', 'plastic', 'glass', 'containing', 'liquid', 'places', 'bowl', 'something']","['bird', 'picks', 'plastic', 'cup', 'containing', 'liquid', 'beak', 'puts', 'cup', 'bowl']",3.5
"['woman', 'rain']","['car', 'driving', 'along', 'road']",0.0
"['woman', 'hitting', 'man']","['man', 'holding', 'slow', 'loris']",0.0
"['woman', 'riding', 'elephant']","['man', 'lifting']",0.0
"['man', 'lifting', 'weights']","['woman', 'exercising', 'abs']",1.0
"['person', 'riding', 'jetski', 'waves']","['woman', 'riding', 'seadoo']",2.0
"['woman', 'wearing', 'headphones']","['woman', 'chopping', 'shiso', 'leaves']",0.6000000000000001
"['kitten', 'eating', 'food', 'plate']","['kitten', 'eats', 'food']",4.0
"['woman', 'reading', 'lifestyle', 'magazine']","['woman', 'slicing', 'meat', 'pieces']",0.5
"['man', 'pouring', 'chili', 'bowl']","['man', 'opens', 'pours', 'contents', 'bowl']",2.5
"['bird', 'ate', 'food', 'tree', 'bowl']","['bird', 'eating', 'bowl']",3.25
"['group', 'girls', 'exiting', 'taxi']","['video', 'clip', 'rihanna', 'leaving', 'taxi']",2.0
"['woman', 'seasoning', 'piece', 'meat']","['man', 'loading', 'rifle', 'bullets']",0.0
"['man', 'chopping', 'coriander', 'leaf']","['man', 'playing', 'guitar']",0.8
"['man', 'takes', 'slice', 'pizza']","['man', 'talks', 'cell', 'phone']",0.8
"['man', 'placing', 'meat', 'inside', 'plastic', 'bag']","['woman', 'carrying', 'wallaby', 'bag']",0.4
"['rabbi', 'talking']","['man', 'walking', 'rope']",0.0
"['man', 'rides', 'horse']","['woman', 'rubs', 'babys', 'leg']",0.0
"['man', 'playing', 'guitar']","['smeone', 'laying']",0.0
"['man', 'slicing', 'bun']","['man', 'breaking', 'pots']",0.4
"['man', 'driving', 'car']","['woman', 'dips', 'shrimp', 'batter']",0.0
"['dog', 'pawing', 'fly', 'carpet']","['dog', 'played', 'bug', 'carpet']",3.6
"['dog', 'barking']","['jet', 'flying']",0.231
"['monkey', 'walking', 'bed']","['man', 'riding', 'horse']",0.0
"['woman', 'cooking', 'broccoli']","['man', 'eating', 'food']",0.5
"['man', 'frying', 'tortilla']","['person', 'performing', 'card', 'trick']",0.0
"['woman', 'serving', 'volleyballs', 'net']","['one', 'woman', 'hands', 'volleyballs', 'another', 'woman', 'serves']",2.75
"['man', 'slicing', 'cucumber', 'knife']","['man', 'cooking', 'tortilla', 'skillet']",0.75
"['man', 'playing', 'electronic', 'keyboard']","['band', 'playing', 'instruments']",1.25
"['man', 'playing', 'violin']","['baby', 'laughing', 'crawling']",0.0
"['man', 'severs', 'toe', 'empty', 'leather', 'boot', 'using', 'sword']","['man', 'cutting', 'boot', 'sword']",3.75
"['person', 'removing', 'scales', 'fish']","['person', 'descaling', 'fish']",5.0
"['people', 'walking', 'garden']","['one', 'boy', 'talking', 'man']",0.0
"['young', 'child', 'rides', 'horse']","['little', 'girl', 'rode', 'horse']",3.2
"['person', 'cutting', 'garlic', 'pieces', 'knife']","['someone', 'putting', 'ingredients', 'wok']",0.75
"['man', 'folding', 'piece', 'paper']","['man', 'slicing', 'plastic', 'container', 'sword']",0.5
"['man', 'pushed', 'water']","['man', 'pushes', 'another', 'man', 'ocean']",2.5
"['boy', 'upset', 'playing', 'video', 'games']","['someone', 'playing', 'gameboy']",1.75
"['man', 'makes', 'call', 'cell', 'phone']","['man', 'making', 'phone', 'call']",4.0
"['man', 'speaking', 'phone']","['panda', 'bear', 'chewing', 'stick']",0.0
"['woman', 'applying', 'cosmetics', 'face']","['woman', 'putting', 'makeup']",4.6
"['man', 'lifted', 'barbells']","['man', 'lifts', 'weights']",4.0
"['woman', 'feeds', 'animal', 'hand']","['women', 'feeding', 'animal']",3.0
"['several', 'ferrets', 'climb', 'cage']","['ferrets', 'climb', 'shelf']",2.2
"['young', 'woman', 'playing', 'flute']","['woman', 'washing', 'top', 'freezer']",0.0
"['woman', 'shoots', 'shotgun']","['woman', 'shooting', 'rifle']",2.8
"['person', 'adding', 'chili', 'powder', 'chili', 'beans']","['man', 'adding', 'seasoning', 'beans']",3.8
"['woman', 'rapidly', 'fires', 'handgun']","['woman', 'shooting', 'gun']",4.4
"['person', 'slicing', 'onion']","['solenodon', 'walking', 'along', 'ground']",0.0
"['dog', 'opening', 'fridge']","['dog', 'closes', 'refrigerator', 'door']",1.75
"['woman', 'holding', 'dancing', 'baby']","['woman', 'abusing', 'child']",1.0
"['woman', 'joker', 'make', 'man']","['girl', 'applied', 'face', 'makeup', 'man']",1.8
"['lady', 'added', 'cheese', 'sauce']","['man', 'pours', 'plate', 'shredded', 'cheese', 'pot', 'sauce']",1.6
"['man', 'giving', 'lecture', 'podium']","['man', 'delivering', 'lecture', 'event', 'celebrating', 'game', 'cricket']",2.333
"['cat', 'shimmied', 'bed']","['cat', 'crawling', 'upside', 'couch']",2.0
"['woman', 'chopping', 'garlic']","['woman', 'slices', 'fish']",1.0
"['man', 'cutting', 'grass']","['masked', 'man', 'sings']",0.0
"['man', 'cutting', 'grass']","['clown', 'singing']",0.0
"['boy', 'runs', 'away', 'fishing', 'line']","['boy', 'running', 'front', 'fish', 'hanging', 'fishing', 'rod']",3.0
"['man', 'played', 'haki', 'sak', 'office']","['man', 'seasoning', 'vegetables']",0.4
"['man', 'carrying', 'another', 'man', 'back']","['man', 'taking', 'pictures', 'ant']",0.4
"['meat', 'dropped', 'pan']","['woman', 'putting', 'meat', 'pan']",3.25
"['woman', 'cutting', 'scallions']","['woman', 'falls', 'sand', 'castle']",0.0
"['man', 'slam', 'dunking', 'ball']","['woman', 'slicing', 'onions']",0.0
"['machine', 'sharpening', 'pencil']","['girl', 'riding', 'bicycle']",0.0
"['woman', 'brushing', 'feet']","['sun', 'rising', 'behind', 'trees']",0.0
"['man', 'cleaning', 'windows']","['man', 'driving', 'car']",0.4
"['person', 'stirring', 'rice']","['woman', 'cracking', 'egg']",1.0
"['man', 'puts', 'knife', 'vice']","['man', 'dancing']",0.25
"['boy', 'plays', 'violin', 'stage']","['boy', 'onstage', 'playing', 'violin']",4.25
"['woman', 'cuts', 'pink', 'loaf', 'knife']","['man', 'playing', 'guitar']",0.11800000000000001
"['man', 'adding', 'pork', 'chops', 'pan']","['woman', 'peeling', 'potato']",1.0
"['men', 'fighting']","['man', 'drew', 'white', 'paper']",0.4
"['man', 'catching', 'ball']","['cat', 'rubbing', 'baby']",0.0
"['girl', 'reading', 'newspaper']","['chef', 'peeling', 'potato']",0.0
"['slow', 'loris', 'bites', 'persons', 'fingers']","['small', 'animal', 'chewing', 'finger']",2.5
"['man', 'walking', 'along', 'path', 'wilderness']","['man', 'peeling', 'onion']",0.75
"['man', 'played', 'guitar']","['guy', 'singing', 'playing', 'guitar']",3.0
"['men', 'skating', 'road']","['two', 'boys', 'skate', 'boarding']",2.6
"['man', 'pours', 'liquid', 'pan']","['chef', 'poured', 'oil', 'pan']",2.6
"['boy', 'playing', 'piano', 'singing']","['pig', 'agitating', 'lion']",0.0
"['cat', 'ferret', 'playing']","['ferret', 'kitten', 'play', 'together']",4.25
"['monkey', 'walking', 'water']","['guy', 'playing', 'trumpet']",0.0
"['woman', 'putting', 'makeup']","['band', 'singing']",0.0
"['dog', 'driving', 'car']","['guy', 'talking', 'microphone']",0.0
"['man', 'sang', 'stage', 'microphone']","['man', 'suit', 'standing', 'microphone', 'singing']",3.5
"['car', 'backs', 'space']","['car', 'taking', 'reverse']",2.4
"['man', 'holding', 'frog']","['man', 'emptying', 'plastic', 'container']",0.6000000000000001
"['man', 'traveling', 'boat']","['woman', 'cutting', 'carrot', 'knife']",0.0
"['man', 'rode', 'motorcycle', 'highway']","['person', 'driving', 'motorcycle', 'road']",3.75
"['man', 'dicing', 'onion']","['man', 'playing', 'guitar']",0.4
"['man', 'performs', 'stage']","['man', 'guts', 'fish']",0.4
"['women', 'sitiing']","['two', 'women', 'sitting', 'close', 'talking']",2.6
"['man', 'removes', 'couple', 'toaster', 'scrambles', 'plastic', 'packet']","['man', 'removes', 'food', 'bag']",1.75
"['woman', 'dancing', 'fire']","['man', 'ties', 'noose']",0.0
"['man', 'meditating']","['man', 'riding', 'horse']",0.75
"['boy', 'cutting', 'paper']","['man', 'loading', 'rifle']",0.0
"['man', 'talked', 'telephone']","['girls', 'walking', 'stage']",0.0
"['man', 'playing', 'guitar', 'singing']","['man', 'opening', 'package', 'containing', 'headphones']",0.8
"['soccer', 'player', 'kicked', 'ball', 'side', 'side', 'legs']","['person', 'kicking', 'soccer', 'ball', 'back', 'forth', 'feet']",3.4
"['animal', 'walking']","['woman', 'applying', 'eye', 'makeup']",0.0
"['someone', 'scratching', 'animals', 'belly']","['woman', 'stroking', 'lemur']",2.0
"['man', 'lifting', 'heavy', 'weights']","['wallaby', 'licking', 'womans', 'hand']",0.25
"['boy', 'playing', 'toy']","['boy', 'plays', 'handheld', 'game']",3.0
"['man', 'dives', 'cliff']","['man', 'riding', 'motorcycle']",0.667
"['man', 'coming', 'water']","['man', 'rises', 'swamp']",3.2
"['man', 'woman', 'dance']","['man', 'petting', 'dog']",0.333
"['man', 'sweeping', 'floor', 'house', 'using', 'long', 'broom']","['man', 'swept', 'empty', 'living', 'room']",3.333
"['group', 'couples', 'dancing']","['men', 'women', 'dancing', 'slowly']",3.333
"['man', 'scaling', 'fish']","['man', 'pours', 'cooking', 'oil', 'pot']",1.0
"['man', 'set', 'camera', 'take', 'sunset', 'pictures', 'beach']","['man', 'taking', 'pictures', 'lake']",2.2
"['someone', 'holding', 'petting', 'baby', 'tiger']","['someone', 'rinsing', 'large', 'beef', 'steak', 'kitchen', 'sink']",0.4
"['man', 'playing', 'guitar']","['cat', 'cleaned', 'face', 'paw']",0.0
"['man', 'pushups', 'wall']","['man', 'tased', 'food']",0.25
"['woman', 'cuts', 'vegetable']","['woman', 'slicing', 'egg', 'plant']",2.25
"['person', 'breaks', 'egg', 'small', 'bowl']","['man', 'cracks', 'egg']",2.6
"['man', 'playing', 'keyboards']","['man', 'riding', 'mechanical', 'bull']",1.2
"['dog', 'running', 'around', 'yard']","['black', 'pet', 'dog', 'runs', 'around', 'garden', 'house']",3.2
"['child', 'walking', 'street', 'jeep', 'pulls']","['woman', 'walking', 'along', 'road', 'man', 'motorcar', 'pulls', 'beside']",1.4
"['man', 'adding', 'oil', 'pot']","['dog', 'catching', 'fish', 'river']",0.2
"['girl', 'danced', 'front', 'bonfire']","['woman', 'dancing', 'music', 'standing', 'near', 'bonfire']",2.75
"['man', 'chopping', 'butter', 'container']","['woman', 'cutting', 'shrimps']",0.6000000000000001
"['girl', 'dragged', 'downhill', 'dog']","['dog', 'pulling', 'child', 'hill']",3.8
"['man', 'took', 'sunglasses', 'talking']","['man', 'wearing', 'hard', 'hat', 'removes', 'glasses', 'speaks']",3.4
"['two', 'men', 'funny', 'skit', 'boxer', 'front', 'crowd', 'people']","['boys', 'dancing', 'front', 'people']",1.5
"['girl', 'tiding', 'bed']","['woman', 'making', 'bed']",2.5
"['someoen', 'cooking', 'onions']","['man', 'swinging', 'nunchucks']",0.0
"['man', 'using', 'sledghammer', 'break', 'concrete', 'block', 'man']","['man', 'breaks', 'slab', 'concrete', 'lying', 'prone', 'man', 'sledge', 'hammer']",5.0
"['lady', 'put', 'dried', 'noodles', 'hot', 'water', 'cook']","['woman', 'places', 'container', 'noodles', 'pan', 'water']",4.333
"['girls', 'danced', 'stage']","['girl', 'putting', 'makeup']",0.333
"['panda', 'bear', 'laying']","['baby', 'panda', 'relaxes', 'logs']",3.333
"['two', 'kids', 'playing', 'swimming', 'pool', 'green', 'colored', 'crocodile', 'float']","['two', 'kids', 'push', 'inflatable', 'crocodile', 'around', 'pool']",4.2
"['couple', 'policewomen', 'singing', 'karaoke']","['two', 'women', 'dancing']",0.8
"['man', 'putting', 'broccoli', 'water']","['person', 'peeling', 'potato']",1.0
"['doctor', 'helping', 'patient']","['doctors', 'trying', 'revive', 'man']",2.8
"['grating', 'onion', 'water']","['person', 'grates', 'potato', 'bowl']",1.5
"['baby', 'talking']","['boy', 'trying', 'say', 'firetruck']",1.2
"['woman', 'boils', 'eggs']","['woman', 'places', 'two', 'eggs', 'pot', 'water']",3.0
"['woman', 'puts', 'ingredients', 'whisked', 'egg']","['man', 'pours', 'gasoline']",0.0
"['woman', 'slicing', 'mango']","['man', 'putting', 'cheese', 'tortilla']",0.6000000000000001
"['girl', 'slicing', 'butter', 'two', 'pieces']","['woman', 'slicing', 'tofu']",1.0
"['man', 'playing', 'guitar']","['person', 'slicing', 'meat', 'pieces']",0.0
"['man', 'opening', 'package', 'containing', 'headphones']","['woman', 'riding', 'horse']",0.0
"['girl', 'playing', 'guitar']","['boy', 'playing', 'keyboard', 'people']",1.0
"['little', 'girl', 'plays', 'violin', 'beach']","['girl', 'sat', 'couch', 'crochet']",0.0
"['monkey', 'karate', 'kicking', 'someones', 'gloved', 'hand']","['monkey', 'pratices', 'martial', 'arts']",3.5
"['female', 'applies', 'something', 'hair', 'hands']","['cat', 'eating', 'slice', 'watermelon']",0.0
"['man', 'karate', 'kicking', 'another', 'man', 'wearing', 'protective', 'boxing', 'gloves']","['man', 'kick', 'boxing', 'trainer']",2.5
"['man', 'playing', 'wooden', 'flute']","['little', 'boy', 'vacuuming', 'floor']",0.0
"['young', 'woman', 'playing', 'guitar']","['woman', 'cuts', 'meat']",0.75
"['men', 'playing', 'soccer']","['man', 'riding', 'motorcycle']",0.0
"['woman', 'running', 'beach']","['dog', 'swimming', 'pool']",0.0
"['man', 'straining', 'pasta']","['man', 'plays', 'wooden', 'flute']",0.0
"['pandas', 'play', 'swing']","['man', 'playing', 'guitar']",0.8
"['two', 'green', 'white', 'trains', 'sitting', 'tracks']","['two', 'green', 'white', 'trains', 'tracks']",4.4
"['small', 'white', 'cat', 'glowing', 'eyes', 'standing', 'underneath', 'chair']","['white', 'cat', 'stands', 'floor']",2.6
"['large', 'boat', 'water', 'marina']","['large', 'boat', 'sea']",3.2
"['bus', 'driving', 'street']","['red', 'double', 'decker', 'bus', 'driving', 'street']",4.0
"['passenger', 'train', 'waiting', 'station']","['passenger', 'train', 'sits', 'station']",4.8
"['woman', 'dinner', 'table', 'writing', 'notebook']","['woman', 'table', 'busy', 'something']",3.4
"['apple', 'computer', 'sitting', 'floor']","['macintosh', 'computer', 'sitting', 'floor']",3.8
"['closeup', 'brown', 'horses', 'head']","['side', 'view', 'horses', 'head']",3.4
"['group', 'people', 'eat', 'table', 'outside']","['group', 'elderly', 'people', 'sitting', 'around', 'table']",2.8
"['jockey', 'riding', 'horse']","['jockey', 'riding', 'horse', 'pen']",3.8
"['man', 'riding', 'motorcycle', 'road']","['man', 'riding', 'red', 'motorcycle', 'road']",4.0
"['woman', 'riding', 'brown', 'horse']","['young', 'girl', 'riding', 'brown', 'horse']",3.8
"['kid', 'jumping', 'ledge', 'bike']","['black', 'white', 'cat', 'playing', 'blanket']",0.0
"['black', 'dog', 'standing', 'front', 'yellow', 'flowers']","['black', 'dog', 'standing', 'field']",3.0
"['close', 'bottle', 'water']","['close', 'view', 'bottle', 'water']",4.4
"['close', 'brown', 'faced', 'cat']","['close', 'ostrich', 'face']",0.6000000000000001
"['sheep', 'standing', 'afield']","['sheep', 'grazing', 'field']",3.2
"['longedhaired', 'cat', 'eyes', 'closed']","['close', 'cat', 'eyes', 'closed']",3.6
"['woman', 'gray', 'shirt', 'smiles', 'camera', 'woman', 'behind', 'makes', 'face']","['woman', 'surprised', 'look', 'face', 'holding', 'smiling', 'woman', 'behind']",2.6
"['silver', 'blue', 'amtrak', 'train', 'tracks', 'near', 'small', 'train', 'station']","['small', 'white', 'car', 'parked', 'gas', 'station']",0.6000000000000001
"['person', 'blue', 'shirt', 'reclines', 'near', 'coffee', 'table', 'television']","['person', 'stands', 'motorcycle', 'seat', 'pops', 'wheelie']",0.0
"['black', 'white', 'photo', 'woman', 'showing', 'horse']","['black', 'white', 'photo', 'cows', 'stalls']",1.4
"['dark', 'brown', 'horse', 'standing', 'field']","['brown', 'horse', 'stands', 'lush', 'green', 'field']",4.2
"['pitched', 'tent', 'horse', 'background']","['black', 'white', 'lamb', 'lambs', 'background']",0.0
"['group', 'people', 'sitting', 'around', 'table', 'food']","['group', 'people', 'sit', 'around', 'table', 'food', 'beer']",4.0
"['brown', 'horse', 'stands', 'lush', 'green', 'field']","['brown', 'horse', 'green', 'field']",3.8
"['black', 'white', 'cow', 'hay']","['black', 'white', 'cow', 'pen', 'hay']",4.0
"['elderly', 'woman', 'stands', 'kitchen', 'two', 'cats', 'feet']","['old', 'lady', 'standing', 'kitchen', 'two', 'cats', 'feet']",5.0
"['school', 'bus', 'driving', 'uphill', 'rural', 'road']","['race', 'care', 'driving', 'along', 'dirt', 'road']",1.0
"['camouflage', 'airplane', 'sitting', 'grassy', 'field']","['camouflaged', 'plane', 'sitting', 'green', 'grass']",4.4
"['three', 'young', 'women', 'standing', 'room', 'together']","['two', 'indian', 'women', 'two', 'indian', 'girls', 'near', 'water']",0.4
"['red', 'double', 'decker', 'bus', 'driving', 'streets']","['double', 'decker', 'passenger', 'bus', 'driving', 'traffic']",4.0
"['white', 'sheep', 'hillside', 'looking', 'camera']","['skinny', 'cows', 'standing', 'grass']",1.2
"['group', 'sheep', 'field']","['group', 'horses', 'grazing', 'field']",1.6
"['closeup', 'distorted', 'photo', 'empty', 'glass', 'coke', 'bottle']","['closeup', 'picture', 'desk', 'computer', 'papers']",0.0
"['crowded', 'office', 'desk', 'computer', 'monitor']","['messy', 'computer', 'desk', 'two', 'monitors']",3.0
"['man', 'sitting', 'cluttered', 'room']","['man', 'lies', 'bed', 'cluttered', 'room']",3.2
"['two', 'white', 'cows', 'green', 'pasture']","['tan', 'horse', 'pasture']",1.4
"['black', 'cow', 'walking', 'trees', 'pasture']","['cow', 'walking', 'tree', 'pasture']",3.8
"['two', 'people', 'sitting', 'table', 'restaurant']","['four', 'people', 'sitting', 'table']",1.8
"['smiling', 'woman', 'beer', 'sitting', 'outside', 'another', 'smiling', 'woman']","['two', 'women', 'sitting', 'outside', 'laughing']",3.2
"['bird', 'holding', 'metal', 'gate']","['multicolored', 'bird', 'clings', 'wire', 'fence']",3.2
"['skinny', 'cows', 'standing', 'grass']","['white', 'ducks', 'standing', 'ground']",0.6000000000000001
"['women', 'laying', 'across', 'two', 'men', 'sitting', 'sofa']","['man', 'two', 'women', 'smiling', 'camera', 'sitting', 'blue', 'sofa']",2.2
"['woman', 'big', 'necklace']","['young', 'woman', 'black', 'top', 'necklace']",3.4
"['brown', 'cow', 'horns', 'standing', 'field']","['brown', 'horse', 'standing', 'middle', 'grassy', 'field']",1.8
"['cruise', 'liner', 'docked', 'shoreline']","['cruise', 'ship', 'docked', 'shore']",4.4
"['black', 'white', 'cat', 'lying', 'bush']","['black', 'white', 'cat', 'yellow', 'eyes', 'lounges', 'dirt']",2.4
"['brown', 'white', 'cow', 'standing', 'grass', 'side', 'road']","['brown', 'white', 'cow', 'standing', 'grassy', 'area', 'trees', 'behind']",3.6
"['small', 'dog', 'looking', 'camera', 'standing', 'grass']","['man', 'women', 'smiling', 'camera', 'standing', 'kitchen']",0.8
"['tan', 'calf', 'yellow', 'tag', 'left', 'ear', 'looking', 'camera']","['man', 'glasses', 'two', 'plastic', 'bottles', 'foreground']",0.6000000000000001
"['black', 'white', 'photo', 'couch', 'purse', 'one', 'end']","['black', 'white', 'photo', 'cow', 'tree']",0.0
"['two', 'men', 'boat', 'floating', 'water']","['large', 'green', 'boat', 'floating', 'waterl']",2.4
"['rear', 'view', 'chevrolet', 'sports', 'car']","['rear', 'view', 'red', 'chevrolet', 'concept', 'car']",3.6
"['person', 'wearing', 'helmet', 'rides', 'bike', 'near', 'white', 'structure']","['person', 'wearing', 'bike', 'helmet', 'rides', 'bike', 'path', 'trees']",3.2
"['black', 'white', 'photo', 'old', 'train', 'station']","['black', 'white', 'photo', 'motorcycle', 'laying', 'ground']",0.2
"['grey', 'white', 'tabby', 'cat', 'sleeping', 'purple', 'fabric']","['black', 'white', 'cat', 'sleeping', 'brown', 'tarp']",2.4
"['woman', 'holding', 'small', 'baby']","['smiling', 'woman', 'holding', 'small', 'baby']",4.0
"['group', 'horses', 'grazing', 'grassy', 'field']","['group', 'horses', 'grazing', 'field']",4.6
"['three', 'men', 'sitting', 'table', 'drinks']","['three', 'men', 'sitting', 'table', 'beer', 'food']",3.4
"['two', 'people', 'dressed', 'white', 'standing', 'grass', 'field']","['person', 'standing', 'underneath', 'overpass', 'near', 'highway']",0.4
"['orange', 'tabby', 'cat', 'sleeping', 'sofa']","['man', 'watching', 'tv', 'foot', 'bed']",0.6000000000000001
"['two', 'eagles', 'perched', 'branch']","['two', 'bald', 'eagles', 'perched', 'branch']",3.8
"['striped', 'cat', 'laying', 'bag', 'cat', 'litter']","['domestic', 'cat', 'laying', 'back', 'cat', 'litter']",3.8
"['man', 'small', 'child', 'living', 'room', 'posing', 'camera']","['man', 'woman', 'posing', 'camera']",2.4
"['home', 'office', 'three', 'computer', 'monitors', 'equipment', 'desk']","['room', 'several', 'computer', 'monitors']",3.0
"['five', 'birds', 'stand', 'snow']","['several', 'cardinals', 'stand', 'snow']",3.8
"['black', 'vehicle', 'parked', 'vies', 'lowlying', 'mountains']","['black', 'car', 'parked', 'dirt', 'country']",2.6
"['passenger', 'train', 'snow']","['passenger', 'train', 'waiting', 'station']",2.2
"['black', 'bird', 'sitting', 'ground']","['blackbird', 'sitting', 'ground']",5.0
"['black', 'white', 'bull', 'looking', 'camera']","['black', 'white', 'dog', 'looking', 'camera']",2.0
"['young', 'girl', 'riding', 'white', 'grey', 'horse']","['young', 'blonde', 'girl', 'riding', 'gear', 'sits', 'top', 'gray', 'white', 'horse']",3.8
"['black', 'white', 'sheep', 'walking', 'next', 'white', 'sheep']","['little', 'black', 'white', 'calf', 'tag', 'ear']",0.8
"['living', 'room', 'dining', 'table', 'background']","['boy', 'wheelie', 'plank', 'beach', 'background']",0.0
"['dining', 'room', 'table', 'gets', 'afternoon', 'sun']","['dining', 'room', 'wooden', 'dining', 'table', 'set', 'playmates']",2.2
"['red', 'moped', 'parked', 'sidewalk', 'front', 'graffiti']","['red', 'scooter', 'sitting', 'street', 'front', 'building']",3.6
"['seagull', 'floating', 'water']","['little', 'bird', 'floating', 'water']",3.6
"['black', 'dog', 'stands', 'next', 'materials', 'construction', 'site']","['asian', 'toddler', 'girl', 'sits', 'next', 'pot', 'flowers', 'marble', 'post']",0.0
"['woman', 'posing', 'front', 'apartment', 'building', 'snow']","['woman', 'stands', 'front', 'building', 'snow']",4.4
"['five', 'cows', 'grazing', 'beside', 'road']","['several', 'sheep', 'grazing', 'field']",1.0
"['two', 'mountain', 'goats', 'grazing', 'front', 'alpine', 'lake']","['two', 'animals', 'grazing', 'next', 'mountain', 'body', 'water']",3.2
"['black', 'white', 'cows', 'behind', 'fence']","['two', 'black', 'white', 'cows', 'behind', 'metal', 'gate', 'partly', 'cloudy', 'blue', 'sky']",3.2
"['passenger', 'train', 'waiting', 'station']","['passenger', 'train', 'waiting', 'city', 'train', 'station']",4.0
"['white', 'animal', 'running', 'snow', 'covered', 'woods']","['white', 'dog', 'runs', 'snow', 'covered', 'wood']",3.4
"['man', 'sitting', 'grass', 'looking', 'toward', 'sky']","['train', 'riding', 'tracks', 'snow']",0.0
"['black', 'flat', 'screen', 'television', 'placed', 'floor']","['flat', 'screen', 'tv', 'floor']",4.0
"['silver', 'bicycle', 'parked', 'living', 'room']","['bicycle', 'dining', 'room']",2.4
"['black', 'train', 'train', 'tracks']","['train', 'train', 'tracks']",4.1
"['black', 'train', 'train', 'tracks']","['train', 'train', 'tracks']",4.1
"['orange', 'tabby', 'cat', 'sleeping', 'sofa']","['man', 'wearing', 'bib', 'sitting', 'green', 'couch']",0.0
"['bald', 'eagle', 'perched', 'rope']","['two', 'bald', 'eagles', 'perched', 'branch']",2.6
"['couple', 'posing', 'picture', 'couch']","['young', 'couple', 'sitting', 'couch']",4.0
"['men', 'playing', 'guitar', 'drink']","['young', 'boy', 'red', 'blue', 'jacket', 'feeding', 'sheep']",0.0
"['two', 'cats', 'sitting', 'together', 'sofa', 'looking', 'window']","['two', 'cats', 'looking', 'window']",3.8
"['red', 'double', 'decker', 'bus']","['red', 'double', 'decker', 'bus', 'hood']",3.75
"['closeup', 'animal', 'long', 'face', 'standing', 'grass', 'near', 'tree']","['closeup', 'woman', 'black', 'boots', 'next', 'blue', 'motorcycle']",0.0
"['brown', 'white', 'dog', 'sits', 'floralpatterned', 'chair']","['small', 'orange', 'white', 'dog', 'collar', 'bell', 'relaxes', 'flower', 'print', 'pillow']",1.8
"['group', 'people', 'sitting', 'restaurant', 'table']","['group', 'people', 'sitting', 'around', 'table', 'food']",4.2
"['two', 'sheep', 'cliff', 'looking', 'camera']","['two', 'sheep', 'standing', 'looking', 'camera', 'face', 'opposite', 'directions']",2.0
"['black', 'white', 'photo', 'empty', 'train', 'station']","['black', 'white', 'photo', 'cat', 'lying']",1.6
"['row', 'locomotives', 'siding', 'field']","['dark', 'brown', 'horse', 'standing', 'field']",1.2
"['white', 'apple', 'computer', 'sits', 'beige', 'carpeting', 'bedroom']","['apple', 'computer', 'sitting', 'floor']",3.6
"['dog', 'napping', 'small', 'table']","['dog', 'sleeping', 'table']",4.6
"['boat', 'four', 'sails', 'sailing', 'water']","['sail', 'boat', 'sailing', 'water']",3.6
"['red', 'sports', 'car', 'racing', 'track']","['red', 'sports', 'car', 'driving', 'quickly', 'track']",4.6
"['black', 'bird', 'sitting', 'concrete', 'slab']","['small', 'dog', 'sitting', 'next', 'white', 'wall']",0.8
"['victory', 'liner', 'bus', 'white', 'red', 'gold', 'stripes']","['white', 'tour', 'bus', 'red', 'orange', 'yellow', 'stripes']",3.2
"['red', 'double', 'decker', 'bus', 'side', 'street']","['red', 'double', 'decker', 'bus', 'city', 'street']",4.4
"['group', 'river', 'barges', 'trees', 'background']","['young', 'girl', 'wearing', 'bike', 'helmet', 'bicycle', 'background']",0.4
"['seagull', 'floating', 'water']","['large', 'cruise', 'ship', 'floating', 'water']",1.2
"['motorcycle', 'parked', 'next', 'car']","['bmw', 'motorcycle', 'parked', 'two', 'cars']",3.0
"['gray', 'cat', 'looking', 'window']","['cat', 'looking', 'window']",4.0
"['black', 'white', 'photo', 'cow', 'tree']","['black', 'white', 'photo', 'cow', 'walking', 'tree', 'field']",4.2
"['potted', 'plant', 'sunlight', 'window']","['potted', 'plant', 'sprouting']",2.8
"['four', 'people', 'rowing', 'boat', 'near', 'shore']","['four', 'people', 'boat', 'green', 'water']",2.8
"['girl', 'red', 'shirt', 'riding', 'brown', 'horse']","['tan', 'white', 'dog', 'laying', 'bed', 'yellow', 'coverlet']",0.0
"['small', 'desk', 'chair', 'front', 'laundry', 'room']","['room', 'tan', 'walls', 'washer', 'dryer']",1.4
"['amtrak', 'passenger', 'train', 'waiting', 'station']","['passenger', 'train', 'waiting', 'station']",4.0
"['large', 'jet', 'ground', 'airport']","['passenger', 'jet', 'flies', 'air']",1.8
"['young', 'girl', 'wearing', 'helmet', 'riding', 'pony']","['girl', 'wearing', 'red', 'blouse', 'riding', 'brown', 'horse']",2.0
"['people', 'sitting', 'porch']","['people', 'sitting', 'acouch']",1.4
"['two', 'horses', 'standing', 'pen']","['group', 'horses', 'grazing', 'field']",1.6
"['red', 'train', 'yellow', 'train', 'tracks']","['two', 'trains', 'traveling', 'track']",3.4
"['two', 'people', 'sitting', 'table', 'restaurant']","['group', 'people', 'sitting', 'around', 'table', 'porch']",1.0
"['lamb', 'stands', 'near', 'two', 'tiny', 'animals']","['sheep', 'standing', 'near', 'children']",1.4
"['person', 'riding', 'dirt', 'bike', 'outdoors']","['person', 'jumping', 'motorbike', 'air']",2.2
"['tan', 'cow', 'ear', 'tags', 'grassy', 'field']","['many', 'sheep', 'standing', 'green', 'hill']",0.2
"['sail', 'boat', 'sailing', 'water']","['sail', 'boat', 'floating', 'blue', 'water']",4.2
"['woman', 'viking', 'hat']","['smiling', 'woman', 'sitting', 'wearing', 'viking', 'hat']",4.2
"['parked', 'white', 'double', 'decker', 'bus']","['red', 'white', 'double', 'decker', 'bus', 'parked']",4.2
"['field', 'black', 'faced', 'sheep']","['black', 'faced', 'sheep']",2.8
"['two', 'birds', 'perched', 'metal', 'band']","['two', 'small', 'birds', 'perched', 'metal', 'bar']",4.0
"['table', 'blue', 'table', 'cloth', 'kitchen']","['wooden', 'cabinets', 'kitchen']",1.6
"['young', 'woman', 'bracelet', 'wearing', 'bikini', 'top', 'jeans']","['women', 'wearing', 'bikini', 'top', 'jeans']",4.0
"['brown', 'horse', 'grazing', 'field', 'green', 'grass']","['brown', 'horse', 'standing', 'middle', 'grassy', 'field']",4.0
"['pot', 'liquid', 'center', 'tinfoil', 'covered', 'plate']","['pot', 'food', 'placed', 'center', 'red', 'tablecloth']",1.4
"['black', 'white', 'cow', 'standing', 'grassy', 'field']","['blue', 'jay', 'standing', 'grassy', 'field']",0.6000000000000001
"['yellow', 'blue', 'airplane', 'flying', 'sky']","['white', 'airplane', 'flying', 'blue', 'sky']",3.2
"['women', 'sitting', 'chair', 'christmas', 'holding', 'make']","['train', 'sitting', 'tracks', 'train', 'yard']",0.0
"['four', 'asian', 'young', 'people', 'sitting', 'den', 'living', 'room']","['girl', 'sitting', 'living', 'chair']",0.8
"['train', 'going', 'tracks']","['train', 'gliding', 'tracks']",4.6
"['young', 'woman', 'dressed', 'black']","['two', 'young', 'kids', 'dressed', 'sitting', 'chairs']",0.2
"['group', 'people', 'sitting', 'table', 'drinks']","['four', 'people', 'sitting', 'table']",3.0
"['plane', 'flying', 'distance']","['woman', 'white', 'horse']",0.0
"['group', 'river', 'barges', 'trees', 'background']","['group', 'cows', 'field', 'yellow', 'tags', 'ears']",0.2
"['living', 'room', 'dining', 'table', 'background']","['living', 'room', 'large', 'sofas', 'dining', 'table', 'background']",3.6
"['yellow', 'striped', 'cat', 'resting', 'blue', 'sofa']","['orange', 'tabby', 'cat', 'sleeping', 'sofa']",4.0
"['passenger', 'train', 'coming', 'station']","['large', 'bird', 'flying', 'air']",0.0
"['two', 'people', 'paddling', 'red', 'canoe', 'trees', 'background']","['two', 'people', 'padding', 'yellow', 'canoe', 'river', 'trees', 'background']",3.4
"['black', 'train', 'moves', 'tracks']","['black', 'train', 'idle', 'tracks']",2.2
"['white', 'jeep', 'parked', 'front', 'store']","['white', 'jeep', 'parked', 'street']",3.5
"['two', 'women', 'standing', 'front', 'tour', 'bus']","['two', 'men', 'talking', 'front', 'plane']",0.4
"['man', 'rides', 'large', 'black', 'motorbike']","['child', 'sits', 'large', 'black', 'leather', 'chair']",0.0
"['bicycle', 'parked', 'outside', 'bookstore']","['people', 'stand', 'outside', 'bookstore']",0.8
"['plane', 'midflight', 'sunset']","['plane', 'flying', 'near', 'sunset']",3.8
"['two', 'red', 'buses', 'parked', 'gardens', 'front']","['red', 'buses', 'parked', 'large', 'white', 'building', 'beside', 'formal', 'garden']",3.4
"['yellow', 'parrot', 'clings', 'side', 'cage']","['yellow', 'orange', 'bird', 'hold', 'side', 'cage']",3.4
"['couple', 'sailing', 'small', 'sailboat']","['two', 'men', 'sailing', 'small', 'sailboat']",3.0
"['silver', 'blue', 'motorcycle', 'sitting', 'next', 'car']","['motorcycle', 'parked', 'next', 'car']",3.6
"['red', 'double', 'decker', 'bus']","['red', 'doubledecker', 'bus']",5.0
"['feet', 'standing', 'pretty', 'day', 'large', 'building', 'background']","['two', 'police', 'officers', 'standing', 'behind', 'van', 'bus', 'background']",0.4
"['small', 'white', 'dog', 'chews', 'twig', 'lying', 'wooden', 'deck']","['white', 'dog', 'laying', 'wooden', 'floor', 'underneath', 'table']",1.6
"['man', 'standing', 'front', 'silver', 'train']","['man', 'standing', 'front', 'silver', 'rail', 'car']",4.4
"['closeup', 'sheep', 'tongue', 'hanging']","['close', 'image', 'sheep', 'tongue', 'hanging']",5.0
"['black', 'white', 'horned', 'cow', 'standing', 'field']","['black', 'white', 'cow', 'standing', 'field']",4.2
"['man', 'riding', 'white', 'horse', 'arena']","['man', 'riding', 'white', 'horse']",4.0
"['train', 'sitting', 'tracks', 'near', 'field']","['train', 'traveling', 'tracks']",2.2
"['women', 'small', 'child', 'sitting', 'dinner', 'table', 'smiling', 'camera']","['small', 'cat', 'laying', 'wooden', 'beam', 'looking', 'camera']",0.4
"['buddha', 'statue', 'sits', 'table', 'wooden', 'table', 'runner']","['bird', 'standing', 'top', 'wooden', 'fencepost']",0.4
"['two', 'red', 'buses', 'driving', 'front', 'garden']","['train', 'pulling', 'station']",0.0
"['cows', 'grazing', 'snow', 'covered', 'field']","['five', 'cows', 'grazing', 'snow', 'covered', 'field']",3.8
"['man', 'riding', 'white', 'horse']","['woman', 'riding', 'brown', 'horse']",1.8
"['man', 'blue', 'shirt', 'standing', 'front', 'fountain']","['man', 'blue', 'shirt', 'tan', 'pants', 'standing', 'front', 'statue', 'man', 'cobble', 'stone', 'paved', 'plaza']",3.2
"['girl', 'riding', 'gear', 'sits', 'atop', 'brown', 'horse']","['girl', 'red', 'shirt', 'riding', 'brown', 'horse']",4.0
"['clear', 'plastic', 'chair', 'front', 'bookcase']","['clear', 'plastic', 'chair', 'front', 'book', 'shelves']",4.2
"['dog', 'wearing', 'gray', 'jacket']","['dog', 'laying', 'pet', 'jacket']",3.0
"['sheep', 'stands', 'hillside']","['large', 'sheep', 'standing', 'hill']",4.0
"['black', 'white', 'cow', 'standing', 'grassy', 'field']","['black', 'white', 'cow', 'standing', 'field']",3.8
"['woman', 'black', 'bikini', 'top', 'jeans']","['woman', 'black', 'hat', 'standing', 'subway']",1.0
"['girl', 'riding', 'brown', 'horse']","['jockey', 'wearing', 'purple', 'riding', 'brown', 'horse']",2.2
"['man', 'standing', 'front', 'yellow', 'corvette']","['man', 'standing', 'next', 'yellow', 'sports', 'car']",3.2
"['man', 'sitting', 'grass', 'looking', 'toward', 'sky']","['man', 'standing', 'sidewalk', 'front', 'horse']",0.0
"['man', 'poses', 'front', 'large', 'fountain', 'statue', 'top']","['man', 'blue', 'shirt', 'standing', 'front', 'fountain']",2.8
"['white', 'cat', 'standing', 'carpet']","['sheep', 'standing', 'forest']",0.4
"['flat', 'screen', 'tv', 'floor']","['flatscreen', 'tv', 'sits', 'floor']",5.0
"['two', 'brown', 'horses', 'standing', 'grassy', 'field']","['two', 'men', 'sailing', 'small', 'sailboat']",0.0
"['two', 'sheep', 'stand', 'doorway']","['two', 'rams', 'stand', 'snowy', 'ground']",1.4
"['room', 'several', 'computer', 'monitors']","['room', 'four', 'computer', 'monitors', 'row']",4.0
"['line', 'outside', 'bookstore', 'street']","['yellow', 'motorcycle', 'parked', 'street']",0.4
"['passenger', 'jet', 'sits', 'runway']","['large', 'passenger', 'jet', 'flying', 'close', 'ground']",1.8
"['old', 'green', 'bottle', 'sitting', 'table']","['three', 'men', 'suits', 'sitting', 'table']",0.4
"['two', 'white', 'horses', 'staring', 'fence']","['two', 'horses', 'standing', 'pen']",3.0
"['black', 'white', 'cows', 'pause', 'front', 'gate']","['white', 'airplane', 'flying', 'sky']",0.0
"['black', 'white', 'cow', 'standing', 'grassy', 'field']","['black', 'white', 'horned', 'cow', 'standing', 'field']",4.0
"['black', 'white', 'photo', 'cat', 'lying']","['black', 'white', 'image', 'cat', 'laying', 'rug']",4.2
"['man', 'woman', 'stand', 'smiling', 'camera']","['man', 'woman', 'posing', 'camera']",4.2
"['orange', 'white', 'cat', 'asleep', 'leather', 'chair']","['ginger', 'cat', 'sitting', 'office', 'chair']",3.0
"['white', 'cat', 'standing', 'carpet']","['pretty', 'white', 'striped', 'cat', 'head', 'hanging', 'table']",1.6
"['grey', 'white', 'domestic', 'kitten', 'lying', 'desk']","['man', 'bicycle', 'laying', 'green', 'grass']",0.2
"['woman', 'posing', 'front', 'apartment', 'building', 'snow']","['white', 'bus', 'parked', 'grass', 'front', 'building']",0.0
"['young', 'woman', 'bracelet', 'wearing', 'bikini', 'top', 'jeans']","['woman', 'wearing', 'jeans', 'dark', 'bikini', 'top', 'bracelet']",4.6
"['table', 'chairs', 'room', 'picture', 'wall', 'ceiling', 'fan']","['school', 'bus', 'driving', 'road', 'green', 'trees', 'grass', 'background']",0.0
"['man', 'sits', 'crossed', 'legged', 'bed', 'watching', 'small', 'tv']","['man', 'sits', 'bed', 'close', 'small', 'television']",3.4
"['headlights', 'blue', 'car']","['close', 'headlights', 'blue', 'car']",4.2
"['passenger', 'train', 'coming', 'station']","['passenger', 'train', 'sits', 'station']",2.4
"['airplane', 'facing', 'camera']","['lone', 'cow', 'sits', 'cold', 'yard']",0.0
"['woman', 'riding', 'brown', 'horse']","['person', 'dressed', 'white', 'brown', 'horse']",3.2
"['jockey', 'riding', 'horse']","['jockey', 'riding', 'horse', 'pen']",3.8
"['two', 'dogs', 'blend', 'stuff', 'animals']","['two', 'dogs', 'sit', 'couch', 'many', 'stuffed', 'animals']",3.4
"['train', 'running', 'tracks']","['train', 'running', 'track', 'rural', 'area']",4.0
"['someone', 'standing', 'snowy', 'mountain', 'watching', 'plane']","['man', 'stands', 'mountain', 'watching', 'plane']",4.4
"['bird', 'flapping', 'wings', 'water']","['large', 'black', 'bird', 'sitting', 'water']",3.2
"['cruise', 'liner', 'docked', 'port']","['cruise', 'ship', 'docked', 'coast']",3.2
"['red', 'double', 'decker', 'bus', 'crowded', 'street']","['white', 'bus', 'partially', 'snow', 'public', 'street']",2.0
"['woman', 'pets', 'dog', 'fenced', 'area']","['woman', 'pets', 'dog', 'gated', 'yard']",4.8
"['black', 'white', 'cat', 'playing', 'blanket']","['black', 'white', 'cat', 'gets', 'basket', 'yarn']",2.2
"['man', 'mountain', 'bike', 'going', 'incline']","['man', 'riding', 'mountain', 'bike', 'rocks', 'clear', 'day']",3.2
"['cat', 'reclines', 'office', 'chair']","['ginger', 'cat', 'sitting', 'office', 'chair']",3.8
"['group', 'horses', 'grazing', 'field']","['brown', 'horse', 'grazing', 'field', 'green', 'grass']",2.6
"['group', 'people', 'drink']","['row', 'locomotives', 'siding', 'field']",0.0
"['two', 'dogs', 'fenced', 'kennel', 'look', 'ahead']","['two', 'woman', 'pose', 'dining', 'room', 'baby']",0.0
"['three', 'sheep', 'dirt', 'road', 'viewed', 'passenger', 'vehicle']","['three', 'sheep', 'middle', 'gravel', 'road']",3.4
"['yellow', 'blue', 'airplane', 'flying', 'sky']","['nine', 'red', 'white', 'aircraft', 'flying', 'formation', 'trailing', 'smoke']",1.0
"['train', 'sits', 'train', 'station']","['blue', 'train', 'station']",4.0
"['train', 'sitting', 'tracks', 'near', 'field']","['baby', 'sitting', 'grass']",0.0
"['red', 'double', 'decker', 'bus', 'taking', 'passengers']","['red', 'double', 'decker', 'bus', 'picking', 'passengers', 'city']",4.4
"['two', 'guys', 'sit', 'couch', 'holding', 'beers', 'girl', 'lying', 'laps']","['two', 'women', 'watching', 'street', 'bikes', 'see', 'may', 'cross']",0.0
"['two', 'women', 'kitchen', 'looking', 'object']","['two', 'women', 'kitchen', 'one', 'taking', 'picture']",2.8
"['race', 'horse', 'galloping', 'without', 'rider']","['horse', 'galloping', 'wearing', 'number', 'num']",2.8
"['steam', 'engine', 'train', 'moving', 'toward', 'camera']","['large', 'bird', 'prey', 'flying', 'towards', 'camera']",0.8
"['black', 'white', 'photo', 'glass', 'bottle', 'coca', 'cola']","['black', 'white', 'picture', 'short', 'squat', 'cocacola', 'bottle']",4.2
"['small', 'bird', 'perched', 'icy', 'branch']","['yellow', 'bird', 'perched', 'branch']",3.2
"['boy', 'glasses', 'typing', 'computer']","['boy', 'looking', 'computer', 'screen']",3.2
"['red', 'truck', 'spins', 'tires', 'black', 'one', 'leaves', 'frame']","['red', 'truck', 'spinning', 'tires', 'emitting', 'smoke', 'behind']",3.2
"['living', 'room', 'table', 'chair', 'sofa', 'alongside', 'large', 'palm']","['living', 'room', 'blue', 'sofa', 'camp', 'bed', 'wooden', 'bench', 'dresser']",2.4
"['smiling', 'woman', 'holding', 'small', 'baby']","['woman', 'sitting', 'sofa', 'holding', 'baby']",3.4
"['esso', 'gas', 'station', 'trees', 'background']","['two', 'police', 'officers', 'standing', 'behind', 'van', 'bus', 'background']",0.0
"['four', 'blue', 'yellow', 'planes', 'flying', 'four', 'boats']","['four', 'blue', 'yellow', 'planes', 'flight']",4.2
"['horse', 'standing', 'near', 'gate', 'another', 'horse', 'background']","['group', 'river', 'barges', 'trees', 'background']",0.0
"['three', 'bottles', 'table']","['old', 'green', 'bottle', 'sitting', 'table']",2.4
"['steam', 'engine', 'comes', 'train', 'track', 'near', 'trees']","['train', 'train', 'station']",1.4
"['train', 'train', 'station']","['train', 'parked', 'train', 'station']",4.2
"['woman', 'sitting', 'sofa', 'holding', 'baby']","['bird', 'sitting', 'log', 'lake']",0.4
"['two', 'birds', 'flying', 'towards', 'water', 'feeder']","['two', 'birds', 'flying', 'near', 'bird', 'feeders']",3.6
"['two', 'cows', 'standing', 'large', 'field']","['horse', 'standing', 'field']",1.6
"['group', 'sheep', 'grazing', 'hill']","['group', 'sheep', 'hill']",4.0
"['man', 'stands', 'front', 'train']","['man', 'standing', 'front', 'raised', 'statue']",2.0
"['two', 'women', 'posing', 'camera', 'giving', 'thumbs', 'sign']","['two', 'smiling', 'young', 'women', 'giving', 'thumbs', 'sign']",4.4
"['women', 'holds', 'small', 'baby', 'sitting', 'sofa']","['woman', 'sitting', 'sofa', 'holding', 'baby']",4.8
"['double', 'decker', 'red', 'united', 'bus', 'city', 'street']","['doubly', 'decker', 'red', 'bus', 'driving', 'road']",4.0
"['two', 'women', 'sitting', 'brown', 'couch']","['two', 'women', 'standing', 'outside', 'bus']",1.0
"['grey', 'cat', 'green', 'eyes', 'looking', 'camera']","['grey', 'black', 'white', 'cat', 'looking', 'camera']",3.2
"['bird', 'sitting', 'branch']","['sheep', 'standing', 'trees']",0.0
"['group', 'people', 'sitting', 'table', 'restaurant']","['two', 'people', 'sitting', 'table', 'restaurant']",3.8
"['black', 'white', 'cow', 'stands', 'grass', 'partly', 'cloudy', 'blue', 'sky']","['two', 'black', 'white', 'cows', 'behind', 'metal', 'gate', 'partly', 'cloudy', 'blue', 'sky']",2.4
"['guy', 'white', 'horse']","['man', 'riding', 'white', 'horse', 'arena']",3.2
"['two', 'dairy', 'cows', 'drinking', 'pond']","['two', 'cows', 'drinking', 'pond']",4.6
"['several', 'sheared', 'sheep', 'pen']","['three', 'white', 'sheep', 'enclosure']",2.4
"['black', 'dog', 'lying', 'grass']","['black', 'dog', 'lies', 'grass']",5.0
"['two', 'young', 'people', 'sitting', 'table', 'next', 'sliding', 'glass', 'door', 'one', 'person', 'pointing']","['two', 'people', 'sit', 'facing', 'table', 'one', 'points']",4.2
"['man', 'woman', 'holding', 'hands', 'walking', 'along', 'beach']","['man', 'beard', 'skullcap', 'boy', 'walk', 'along', 'oceans', 'shore']",2.2
"['ten', 'sheep', 'looking', 'camera']","['cat', 'back', 'looking', 'camera']",1.2
"['black', 'white', 'dog', 'looking', 'camera']","['small', 'black', 'white', 'goat', 'pen', 'looking', 'camera']",1.4
"['black', 'table', 'white', 'fuzzy', 'chair']","['woman', 'child']",0.0
"['red', 'double', 'decker', 'bus', 'taking', 'passengers']","['red', 'double', 'decker', 'bus', 'driving', 'street']",2.2
"['sail', 'boat', 'sailing', 'water']","['sailboat', 'sailing', 'cloudy', 'day']",3.4
"['blue', 'bird', 'perches', 'gloved', 'hand', 'person']","['bird', 'perched', 'persons', 'gloved', 'hand']",4.2
"['girl', 'riding', 'brown', 'white', 'horse']","['girl', 'riding', 'brown', 'horse']",3.6
"['mostly', 'black', 'train', 'track']","['car', 'parked', 'front', 'train', 'tracks']",1.0
"['young', 'boy', 'coloring', 'red', 'blue', 'crayon']","['young', 'blonde', 'girl', 'riding', 'gear', 'sits', 'top', 'gray', 'white', 'horse']",0.0
"['group', 'people', 'living', 'room']","['group', 'four', 'people', 'walking', 'past', 'giant', 'mushroom']",0.8
"['mallard', 'tame', 'white', 'duck', 'grass', 'near', 'water']","['small', 'child', 'pink', 'dress', 'sits', 'table']",0.0
"['cat', 'sitting', 'two', 'bicycles', 'front', 'door']","['horse', 'standing', 'field', 'front', 'fence']",0.0
"['girl', 'red', 'bag', 'standing', 'street']","['black', 'dog', 'staring', 'sheep']",0.0
"['horse', 'rider', 'riding', 'white', 'horse']","['woman', 'leading', 'white', 'horse']",3.4
"['long', 'train', 'train', 'tracks']","['train', 'train', 'tracks']",4.2
"['black', 'tan', 'dog', 'looks', 'black', 'sheep']","['black', 'dog', 'looking', 'brown', 'sheep', 'pen']",3.0
"['room', 'several', 'computers', 'pictures', 'wall']","['home', 'office', 'three', 'computer', 'monitors', 'equipment', 'desk']",2.8
"['black', 'white', 'photo', 'cow', 'walking', 'tree', 'field']","['black', 'white', 'dog', 'looking', 'camera']",1.0
"['silver', 'areomexico', 'jet', 'liner', 'sitting', 'tarmac']","['aeromexico', 'silver', 'plane', 'runway']",4.2
"['man', 'dirt', 'bike', 'jumping', 'high']","['man', 'motorbike', 'jumping', 'sky', 'behind']",3.4
"['two', 'people', 'sailing', 'small', 'white', 'sail', 'boat']","['couple', 'sailing', 'small', 'sailboat']",4.2
"['white', 'airplane', 'parked', 'cement']","['blue', 'motorcycle', 'parked', 'sidewalk']",0.8
"['three', 'cows', 'grazing', 'field']","['several', 'sheep', 'grazing', 'field']",0.8
"['man', 'sitting', 'messy', 'table', 'using', 'laptop']","['man', 'sits', 'looking', 'laptop', 'computer', 'messy', 'table']",4.8
"['dining', 'table', 'candles', 'wine', 'teapot']","['wooden', 'table', 'set', 'candles', 'wine', 'purple', 'plastic', 'bowl']",3.0
"['two', 'people', 'paddling', 'red', 'canoe', 'reflected', 'still', 'water']","['two', 'people', 'red', 'canoe', 'clear', 'lake']",3.2
"['scantily', 'clad', 'woman', 'standing', 'next', 'car']","['scantily', 'clad', 'woman', 'standing', 'next', 'small', 'red', 'vehicle']",3.8
"['red', 'double', 'decker', 'bus', 'taking', 'passengers']","['red', 'double', 'decker', 'bus', 'hood']",2.2
"['buddha', 'statue', 'holding', 'candle', 'sitting', 'table']","['man', 'fishing', 'small', 'boat', 'lake']",0.0
"['three', 'people', 'sitting', 'dinner', 'table', 'smiling', 'camera']","['two', 'elderly', 'women', 'sit', 'dinner', 'table', 'man']",2.0
"['multicolored', 'train', 'track']","['mostly', 'black', 'train', 'track']",2.8
"['white', 'red', 'bus', 'traveling', 'street']","['red', 'bus', 'street']",2.2
"['red', 'blue', 'plane', 'flying', 'landing', 'gears']","['wwii', 'fighter', 'plane', 'landing', 'gear']",3.2
"['small', 'boat', 'going', 'creek']","['boat', 'moving', 'river']",3.0
"['four', 'women', 'two', 'men', 'sit', 'long', 'table', 'restaurant']","['group', 'people', 'sit', 'table', 'italian', 'restaurant']",3.0
"['two', 'goats', 'standing', 'field', 'tree']","['large', 'boat', 'pulling', 'small', 'white', 'boat']",0.0
"['black', 'white', 'photo', 'living', 'room', 'large', 'window', 'sofa', 'chair']","['black', 'white', 'scene', 'well', 'furnished', 'room', 'view', 'outlooking', 'forest']",3.0
"['close', 'brown', 'horse', 'blue', 'halter']","['close', 'horse', 'wearing', 'blue', 'halter']",3.6
"['large', 'black', 'bird', 'sitting', 'water']","['birds', 'swimming', 'water']",2.6
"['closeup', 'cat', 'cream', 'sofa']","['siamese', 'cat', 'resting', 'white', 'sofa']",3.4
"['person', 'jumping', 'bicycle', 'performing', 'trick']","['person', 'riding', 'dirt', 'bike', 'outdoors']",2.25
"['yellow', 'school', 'bus', 'parked', 'rural', 'area']","['yellow', 'school', 'bus', 'parked', 'field']",4.0
"['pug', 'dog', 'wits', 'yellow', 'chair', 'next', 'green', 'dumpster']","['bulldog', 'sitting', 'yellow', 'chair', 'beside', 'large', 'waste', 'receptacle']",3.2
"['woman', 'sitting', 'red', 'motorcycle']","['white', 'sheep', 'standing', 'green', 'hill']",0.0
"['sheep', 'standing', 'table', 'auction']","['woolly', 'sheep', 'auction', 'house']",4.2
"['closeup', 'black', 'train', 'engine']","['close', 'white', 'sheep', 'black', 'head']",0.0
"['orange', 'white', 'cat', 'asleep', 'leather', 'chair']","['orange', 'white', 'cat', 'laying', 'blanket', 'black', 'leather', 'chair']",4.0
"['train', 'rides', 'tracks']","['train', 'comes', 'track', 'two', 'rows', 'trees']",3.0
"['black', 'white', 'cow', 'standing', 'grassy', 'field']","['black', 'white', 'horned', 'cow', 'standing', 'field']",3.8
"['double', 'decker', 'red', 'united', 'bus', 'city', 'street']","['double', 'decker', 'bus', 'drives', 'city', 'street']",4.0
"['television', 'desk', 'hotel', 'room', 'lamp', 'lighting']","['television', 'laptop', 'computer', 'hotel', 'room']",2.6
"['man', 'riding', 'small', 'bicycle']","['man', 'wheelie', 'bike']",2.8
"['woman', 'wearing', 'navy', 'dress', 'cutting', 'cake', 'white', 'table']","['person', 'wearing', 'helmet', 'sits', 'bicycle', 'sunny', 'day']",0.4
"['black', 'train', 'moves', 'tracks']","['train', 'traveling', 'tracks']",4.0
"['closeup', 'picture', 'white', 'purple', 'motorcycle']","['closeup', 'picture', 'desk', 'computer', 'papers']",1.0
"['young', 'girl', 'riding', 'brown', 'horse']","['woman', 'riding', 'brown', 'horse']",3.8
"['two', 'women', 'kitchen', 'looking', 'object']","['three', 'men', 'suits', 'sitting', 'table']",0.0
"['two', 'women', 'posing', 'baby']","['woman', 'poses', 'baby']",2.2
"['group', 'people', 'sitting', 'around', 'table', 'containing', 'food']","['four', 'people', 'sitting', 'around', 'living', 'room', 'withsnacks']",2.8
"['blue', 'motorcycle', 'parked', 'sidewalk']","['blue', 'moped', 'parked', 'sidewalk']",4.0
"['red', 'double', 'decker', 'bus', 'city', 'street']","['red', 'double', 'decker', 'bus', 'driving', 'street']",4.8
"['two', 'trains', 'inside', 'train', 'station']","['train', 'sits', 'train', 'station']",2.4
"['man', 'riding', 'white', 'horse']","['woman', 'white', 'horse']",2.2
"['man', 'two', 'women', 'smiling', 'camera', 'sitting', 'blue', 'sofa']","['man', 'women', 'smiling', 'camera', 'standing', 'kitchen']",2.2
"['large', 'cruise', 'ship', 'harbor', 'trees', 'behind']","['cruise', 'ship', 'docked', 'coast']",3.4
"['two', 'cows', 'crossing', 'road', 'intersection']","['two', 'cows', 'cross', 'paved', 'street']",3.8
"['several', 'cows', 'grazing', 'median', 'road']","['five', 'cows', 'grazing', 'patch', 'grass', 'two', 'roadways']",4.0
"['black', 'cow', 'brown', 'cow', 'stands', 'plain', 'front', 'uprooted', 'tree']","['black', 'cow', 'brown', 'cow', 'standing', 'front', 'small', 'copse', 'trees', 'field']",4.2
"['red', 'double', 'decker', 'bus', 'driving', 'street']","['double', 'decker', 'bus', 'city', 'street']",3.6
"['tan', 'cow', 'ear', 'tags', 'grassy', 'field']","['person', 'grassy', 'field', 'tending', 'sheep']",1.2
"['close', 'front', 'end', 'purple', 'white', 'motor', 'cycle']","['close', 'rear', 'red', 'sports', 'car']",1.2
"['two', 'women', 'shopping', 'clothing', 'store']","['two', 'women', 'clothing', 'store']",4.6
"['group', 'people', 'sitting', 'restaurant', 'table']","['group', 'people', 'sitting', 'table', 'restaurant']",4.6
"['closeup', 'brown', 'horses', 'head']","['closeup', 'yellow', 'school', 'bus']",0.0
"['person', 'red', 'cap', 'standing', 'next', 'brick', 'support', 'beam']","['brown', 'horse', 'standing', 'grass', 'scrub']",0.0
"['bay', 'foal', 'walking', 'next', 'mother', 'grassy', 'field']","['closeup', 'young', 'horse', 'walking', 'next', 'larger', 'horse']",2.6
"['women', 'standing', 'next', 'brown', 'cow']","['women', 'glasses', 'stands', 'next', 'cow', 'field']",3.8
"['dog', 'peaks', 'back', 'truck']","['dog', 'peeking', 'back', 'van']",3.6
"['woman', 'blue', 'shift', 'dress', 'cutting', 'food']","['woman', 'blue', 'dress', 'cuts', 'cake']",3.8
"['black', 'white', 'cat', 'looking', 'camera']","['grey', 'black', 'white', 'cat', 'looking', 'camera']",3.6
"['two', 'brunette', 'girls', 'sit', 'atop', 'red', 'yellow', 'motorcycle', 'side', 'car']","['couple', 'posing', 'red', 'yellow', 'motorcycle']",3.2
"['small', 'white', 'cat', 'standing', 'sink']","['grey', 'white', 'cat', 'sitting', 'bathroom', 'sink']",3.6
"['man', 'back', 'seat', 'red', 'tandem', 'bicycle']","['man', 'alone', 'back', 'tandem', 'bicycle']",3.6
"['computer', 'desk']","['computer', 'operating', 'desk']",4.0
"['small', 'child', 'smiling', 'camera']","['small', 'child', 'sits', 'cement', 'wall', 'near', 'white', 'flower']",1.6
"['little', 'bird', 'floating', 'water']","['duck', 'floating', 'water']",2.4
"['white', 'bus', 'word', 'julia', 'near', 'water', 'big', 'ship']","['white', 'bus', 'water', 'barge', 'background']",3.8
"['old', 'blue', 'white', 'train', 'tracks']","['blue', 'train', 'mountainous', 'area']",2.6
"['yellow', 'boat', 'beach']","['yellow', 'boat', 'shore']",4.0
"['kitchendiner', 'papers', 'laying', 'blue', 'clothed', 'dining', 'table']","['small', 'kitchen', 'cluttered', 'table', 'blue', 'table', 'cloth']",3.4
"['train', 'station']","['trains', 'inside', 'indoor', 'station']",3.8
"['gray', 'cat', 'sitting', 'window', 'ledge', 'looking', 'camera']","['cat', 'standing', 'window', 'sill', 'looking', 'camera']",4.0
"['man', 'playing', 'guitar', 'sitting']","['red', 'white', 'bus', 'driving', 'road']",0.0
"['red', 'double', 'decker', 'bus', 'driving', 'street']","['double', 'decker', 'bus', 'city', 'street']",4.2
"['three', 'cows', 'grazing', 'grassy', 'field']","['three', 'cows', 'grazing', 'field']",4.6
"['brown', 'train', 'sitting', 'railroad', 'tracks']","['white', 'train', 'sitting', 'tracks']",2.25
"['black', 'white', 'horned', 'cow', 'standing', 'field']","['black', 'white', 'photo', 'cat', 'sitting', 'sofa']",0.4
"['tiny', 'blonde', 'child', 'blue', 'dress', 'sits', 'table', 'near', 'mother']","['young', 'blonde', 'girl', 'wearing', 'helmet', 'sits', 'red', 'bicycle', 'behind']",1.6
"['group', 'people', 'sitting', 'restaurant', 'table']","['group', 'people', 'sitting', 'around', 'table', 'porch']",2.6
"['black', 'white', 'cow', 'pen', 'hay']","['black', 'white', 'cat', 'lies', 'dirt']",0.4
"['red', 'doubledecker', 'bus']","['front', 'left', 'side', 'red', 'double', 'decker', 'bus']",3.2
"['closeup', 'view', 'horses', 'head']","['side', 'view', 'horses', 'head']",3.2
"['old', 'fashioned', 'wooden', 'sailing', 'ship', 'ocean']","['wooden', 'yacht', 'ocean']",3.2
"['sheep', 'standing', 'mountainous', 'area']","['large', 'sheep', 'standing', 'hill']",4.4
"['white', 'plane', 'runway']","['white', 'airplane', 'runway']",4.8
"['tan', 'puppy', 'petted']","['tan', 'puppy', 'held', 'petted']",4.4
"['elegant', 'dining', 'room', 'wood', 'furniture']","['elegant', 'pink', 'dining', 'room', 'wooden', 'furniture']",3.8
"['women', 'laying', 'across', 'two', 'men', 'sitting', 'sofa']","['two', 'men', 'shorts', 'sitting', 'sofa']",2.0
"['two', 'motorbikes', 'dirt', 'track']","['two', 'dirt', 'bikers', 'riding', 'dirt', 'hill']",3.6
"['black', 'white', 'cat', 'looking', 'camera']","['black', 'white', 'dog', 'looking', 'camera']",2.2
"['gray', 'cat', 'green', 'eyes', 'looks', 'camera']","['grey', 'cat', 'green', 'eyes', 'looking', 'camera']",5.0
"['two', 'lambs', 'stand', 'grassy', 'hill']","['two', 'dirt', 'bikers', 'riding', 'dirt', 'hill']",0.2
"['man', 'white', 'wine', 'bottle', 'woman', 'red', 'turtleneck', 'white', 'vest']","['man', 'woman', 'posing', 'field', 'bottle', 'wine']",3.0
"['lone', 'cow', 'sits', 'cold', 'yard']","['black', 'white', 'cow', 'standing', 'field']",1.8
"['double', 'decker', 'bus', 'drives', 'city', 'street']","['red', 'double', 'decker', 'bus', 'driving', 'street']",3.6
"['large', 'black', 'white', 'cat', 'resting', 'windowsill']","['small', 'white', 'cat', 'sitting', 'sink']",1.8
"['boy', 'feeding', 'sheep']","['boy', 'feeding', 'sheep', 'hay']",4.2
"['girl', 'black', 'desktop', 'holds', 'open', 'box', 'corn', 'flakes', 'carton', 'milk']","['girl', 'wearing', 'black', 'shorts', 'boots', 'standing', 'next', 'blue', 'motorcycle']",0.0
"['close', 'small', 'cactus', 'pot']","['close', 'woman', 'holding', 'white', 'puppy']",0.8
"['white', 'sheep', 'standing', 'green', 'hill']","['sheep', 'stands', 'hillside']",4.0
"['black', 'white', 'bird', 'body', 'water', 'grass', 'background']","['bus', 'road', 'ferris', 'wheel', 'background']",0.0
"['wooden', 'bicycle', 'awning']","['group', 'elderly', 'people', 'sitting', 'around', 'dining', 'table']",0.0
"['black', 'white', 'photo', 'dilapidated', 'wooden', 'fence']","['black', 'white', 'photo', 'old', 'wooden', 'fence', 'near', 'dirty', 'street']",4.5
"['two', 'brown', 'horses', 'standing', 'green', 'meadow']","['brown', 'horse', 'stands', 'tall', 'grass']",2.6
"['two', 'men', 'wearing', 'bike', 'helmets']","['two', 'men', 'stand', 'bicycles', 'outside', 'shop']",1.6
"['man', 'playing', 'video', 'game', 'store']","['man', 'playing', 'game', 'store']",3.4
"['group', 'people', 'sitting', 'around', 'table', 'porch']","['group', 'people', 'sitting', 'around', 'table', 'food']",3.6
"['young', 'girl', 'wearing', 'bike', 'helmet', 'bicycle', 'background']","['women', 'holds', 'small', 'dog', 'leash', 'chairs', 'background']",0.0
"['back', 'stop', 'sign', 'many', 'stickers']","['back', 'stop', 'sign', 'adorned', 'stickers']",5.0
"['bicycle', 'parked', 'outside', 'bookstore']","['green', 'bike', 'parked', 'outside', 'book', 'store']",4.0
"['brown', 'double', 'decker', 'tour', 'bus', 'street', 'ferris', 'wheel', 'behind']","['doubledecker', 'bus', 'driving', 'front', 'ferris', 'wheel']",4.4
"['black', 'white', 'chair', 'sitting', 'front', 'brick', 'wall', 'window', 'bamboo', 'plant', 'vase']","['black', 'headed', 'sheep', 'covered', 'thick', 'white', 'wool', 'stands', 'pasture', 'sheep']",0.6000000000000001
"['man', 'black', 'uniform', 'white', 'horse']","['man', 'tux', 'white', 'horse']",3.6
"['two', 'women', 'stand', 'living', 'room', 'black', 'dog']","['two', 'women', 'standing', 'living', 'room', 'black', 'dog', 'looking', 'towards', 'camera']",4.0
"['two', 'people', 'paddling', 'red', 'canoe', 'reflected', 'still', 'water']","['two', 'people', 'paddling', 'red', 'canoe', 'trees', 'background']",3.2
"['closeup', 'view', 'headlights', 'blue', 'oldfashioned', 'car']","['close', 'headlights', 'blue', 'car']",4.0
"['cars', 'driving', 'near', 'model', 'building']","['vehicles', 'driving', 'infant', 'ornate', 'building']",2.4
"['blue', 'orange', 'airplane', 'flying', 'landing', 'gear']","['red', 'blue', 'plane', 'flying', 'landing', 'gears']",2.6
"['black', 'white', 'cat', 'lying', 'blanket']","['black', 'white', 'cat', 'sleeps', 'purple', 'blanket']",4.0
"['building', 'temporary', 'sign', 'entrance', 'parking', 'lot']","['road', 'rear', 'image', 'tail', 'lights', 'bus']",0.2
"['group', 'people', 'sitting', 'around', 'table', 'containing', 'food']","['group', 'people', 'sitting', 'around', 'table', 'porch']",3.4
"['man', 'women', 'sitting', 'sofa', 'holding', 'small', 'baby']","['woman', 'sitting', 'sofa', 'holding', 'baby']",3.2
"['black', 'white', 'cat', 'lying', 'blanket']","['black', 'white', 'cat', 'sleeping', 'side', 'purple', 'blanket']",3.0
"['black', 'white', 'photo', 'love', 'seat']","['black', 'white', 'photo', 'bicycle']",1.8
"['living', 'room', 'dining', 'table', 'background']","['view', 'living', 'room', 'dining', 'room', 'background']",4.2
"['red', 'gray', 'train', 'going', 'tunnel']","['red', 'gray', 'train', 'travels', 'tunnel', 'amongst', 'trees']",4.25
"['red', 'double', 'decker', 'bus', 'hood', 'open']","['old', 'red', 'london', 'double', 'decker', 'bus', 'hood', 'raised']",4.2
"['man', 'riding', 'white', 'horse']","['woman', 'leading', 'white', 'horse']",1.8
"['view', 'living', 'room', 'dining', 'room', 'background']","['living', 'room', 'large', 'sofas', 'dining', 'table', 'background']",3.8
"['orange', 'kitten', 'lay', 'leather', 'couch']","['young', 'couple', 'sitting', 'black', 'couch']",0.8
"['person', 'wearing', 'bike', 'helmet', 'talks', 'cell', 'phone']","['person', 'wearing', 'helmet', 'rides', 'bike', 'near', 'white', 'structure']",3.0
"['subway', 'train', 'pulling', 'station']","['white', 'train', 'pulling', 'station']",3.6
"['bicycle', 'parked', 'shop']","['green', 'bike', 'parked', 'outside', 'book', 'store']",3.8
"['two', 'men', 'standing', 'beach']","['two', 'women', 'standing', 'front', 'tour', 'bus']",0.0
"['longhaired', 'black', 'dog', 'standing', 'grassy', 'field']","['blue', 'jay', 'standing', 'grassy', 'field']",1.4
"['small', 'desk', 'chair', 'near', 'laundry', 'closet']","['room', 'tan', 'walls', 'washer', 'dryer']",0.2
"['red', 'double', 'decker', 'bus', 'driving', 'streets']","['red', 'double', 'decker', 'bus', 'driving', 'street']",4.6
"['goose', 'flapping', 'wings', 'body', 'water']","['black', 'swan', 'flapping', 'wings', 'water']",3.0
"['boy', 'laying', 'couch', 'dog']","['boy', 'lying', 'couch', 'puppy']",4.4
"['black', 'white', 'image', 'cat', 'laying', 'rug']","['black', 'white', 'picture', 'cat', 'laying', 'rug']",5.0
"['large', 'jet', 'ground', 'airport']","['large', 'airplane', 'parked', 'airport', 'night']",3.6
"['two', 'women', 'sitting', 'cafe']","['two', 'men', 'catching', 'fish', 'swamp']",0.0
"['eight', 'bottles', 'harp', 'lager', 'lined', 'floor']","['eight', 'bottles', 'harp', 'beer', 'lined', 'wooden', 'floor']",4.0
"['small', 'child', 'smiling', 'camera']","['cat', 'looking', 'camera']",1.4
"['woman', 'riding', 'brown', 'horse']","['person', 'dressed', 'blue', 'riding', 'brown', 'horse']",2.6
"['photo', 'television', 'screen', 'showing', 'movie']","['wallmounted', 'flatscreen', 'tv', 'showing', 'movie']",3.2
"['bird', 'perched', 'flowerpot']","['bird', 'perched', 'flowerpot', 'beside', 'stucco', 'wall']",4.2
"['white', 'cat', 'sitting', 'inside', 'sink']","['grey', 'white', 'cat', 'sitting', 'bathroom', 'sink']",3.4
"['young', 'woman', 'riding', 'gear', 'top', 'horse']","['young', 'girl', 'riding', 'gear', 'horse']",4.4
"['two', 'people', 'sailing', 'small', 'boat']","['two', 'women', 'sailboat']",3.8
"['small', 'bird', 'tiny', 'branch']","['small', 'bird', 'perched', 'icy', 'branch']",3.0
"['two', 'animals', 'sitting', 'rock']","['two', 'eagles', 'sitting', 'long', 'branch']",1.6
"['two', 'cats', 'sit', 'back', 'couch', 'looking', 'window']","['two', 'cats', 'sitting', 'back', 'couch', 'looking', 'window', 'sea', 'photo']",4.2
"['two', 'young', 'women', 'shear', 'sheep']","['two', 'women', 'sheering', 'sheep']",4.4
"['young', 'rider', 'takes', 'ride', 'brown', 'horse']","['young', 'female', 'rider', 'brown', 'horse']",3.8
"['six', 'people', 'seated', 'restaurant', 'table', 'looking', 'camera']","['group', 'people', 'sitting', 'restaurant', 'table']",3.0
"['little', 'white', 'lamb', 'nose', 'wood']","['white', 'lamb', 'nose', 'wooden', 'box']",3.8
"['young', 'girl', 'riding', 'white', 'grey', 'horse']","['little', 'girl', 'riding', 'white', 'grey', 'horse']",4.6
"['black', 'dog', 'stands', 'next', 'materials', 'construction', 'site']","['black', 'dog', 'standing', 'room', 'constructed']",3.2
"['bird', 'flapping', 'wings', 'water']","['black', 'swan', 'flapping', 'wings', 'water']",3.6
"['black', 'white', 'cat', 'lying', 'blanket']","['black', 'white', 'cat', 'laying', 'cat', 'bed']",3.75
"['young', 'woman', 'riding', 'gear', 'top', 'horse']","['woman', 'riding', 'brown', 'horse']",3.8
"['plane', 'readied', 'takeoff']","['small', 'turboprop', 'plane', 'loaded', 'tarmac']",3.4
"['white', 'leather', 'couch', 'purse', 'throw', 'blanket']","['television', 'show']",0.0
"['kitchen', 'wooden', 'cabinets', 'furniture']","['kitchen', 'wooden', 'table', 'cabinets']",4.2
"['cat', 'attacking', 'corn', 'husk', 'broom']","['grey', 'white', 'cat', 'sitting', 'bathroom', 'sink']",0.8
"['couple', 'holds', 'baby']","['couple', 'newborn', 'baby']",4.2
"['small', 'bird', 'eating', 'feeder']","['bird', 'eating', 'bird', 'feeder']",4.25
"['close', 'white', 'sheep', 'black', 'head']","['closeup', 'sheep', 'black', 'head']",4.0
"['young', 'boy', 'laying', 'sofa', 'dog']","['small', 'boy', 'laying', 'sofa', 'dog']",5.0
"['red', 'bird', 'perched', 'tree']","['small', 'red', 'grey', 'bird', 'perched', 'tree']",3.2
"['two', 'buses', 'parked', 'street']","['yellow', 'scooter', 'parked', 'alley', 'way']",0.4
"['black', 'white', 'dog', 'looking', 'camera']","['grey', 'black', 'white', 'cat', 'looking', 'camera']",1.0
"['train', 'railroad', 'tracks']","['train', 'train', 'tracks']",4.8
"['large', 'silver', 'locomotive', 'engine', 'shed']","['closeup', 'silver', 'train', 'engine', 'red', 'stripe']",3.0
"['women', 'sitting', 'table', 'drinking', 'basketball', 'picture', 'background']","['woman', 'sari', 'drinks', 'something', 'sitting', 'table']",2.6
"['green', 'steam', 'engine', 'traveling', 'railroad', 'tracks']","['black', 'steam', 'train', 'traveling', 'railroad', 'tracks']",3.0
"['small', 'red', 'car', 'top', 'semi', 'truck']","['red', 'sports', 'car', 'top', 'white', 'semi', 'truck']",4.0
"['man', 'poses', 'photo', 'front', 'train']","['man', 'stands', 'platform', 'front', 'silver', 'train']",3.4
"['bicyclist', 'black', 'black', 'red', 'racing', 'bike']","['cyclist', 'black', 'white', 'lira', 'speeding', 'past', 'spectators']",3.4
"['kitchen', 'sink', 'countertop', 'bowls', 'shelves']","['small', 'kitchen', 'items', 'stacked', 'shelves', 'counter']",3.8
"['television', 'messy', 'room', 'several', 'bookcases']","['room', 'television', 'stereo', 'bookshelf']",3.2
"['black', 'white', 'cat', 'sleeping', 'side', 'purple', 'blanket']","['black', 'white', 'cat', 'laying', 'ground', 'sun']",2.8
"['woman', 'riding', 'bicycle', 'large', 'concrete', 'area']","['women', 'riding', 'mountain', 'bike', 'large', 'concrete', 'area']",3.8
"['two', 'cows', 'standing', 'large', 'field']","['cow', 'grazing', 'field']",2.8
"['bald', 'man', 'touches', 'nose', 'black', 'horse', 'side', 'fence']","['bald', 'man', 'beard', 'pets', 'nose', 'black', 'white', 'horse', 'fence']",3.4
"['man', 'standing', 'next', 'yellow', 'sports', 'car']","['man', 'stands', 'next', 'yellow', 'corvette']",4.0
"['black', 'white', 'photo', 'cows', 'stalls']","['black', 'white', 'photo', 'cattle', 'trough']",3.2
"['double', 'decker', 'bus', 'london', 'eye', 'ferris', 'wheel', 'background']","['brown', 'double', 'decker', 'tour', 'bus', 'street', 'ferris', 'wheel', 'behind']",4.2
"['yellow', 'black', 'bird', 'eats', 'bird', 'feeder']","['flock', 'birds', 'flying', 'body', 'water']",0.6000000000000001
"['man', 'stands', 'front', 'train']","['man', 'stands', 'platform', 'front', 'silver', 'train']",3.8
"['small', 'plane', 'parked', 'airfield', 'cloudy', 'sky', 'overhead']","['small', 'white', 'plane', 'parked', 'airport', 'cloudy', 'day']",4.6
"['boat', 'water', 'near', 'small', 'plane']","['boat', 'water', 'small', 'airplane', 'dock']",3.4
"['man', 'riding', 'white', 'horse', 'arena']","['domestic', 'animal', 'stands', 'pen']",0.6000000000000001
"['macintosh', 'computer', 'sitting', 'floor']","['computer', 'floor']",4.2
"['black', 'white', 'cat', 'sitting', 'brown', 'chair', 'looking']","['dog', 'sitting', 'yellow', 'chair', 'next', 'green', 'dumpster']",0.4
"['sheep', 'standing', 'afield']","['large', 'dog', 'stands', 'next', 'sheep', 'field']",2.8
"['group', 'elderly', 'people', 'sitting', 'around', 'table']","['group', 'elderly', 'people', 'pose', 'around', 'dining', 'table']",3.4
"['three', 'women', 'brown', 'hair', 'smiling']","['three', 'women', 'indian', 'dresses', 'crowded', 'room', 'smiling']",2.8
"['black', 'white', 'photo', 'empty', 'train', 'station']","['black', 'white', 'photo', 'cat', 'sitting', 'sofa']",1.6
"['two', 'dogs', 'fenced', 'kennel', 'look', 'ahead']","['two', 'girls', 'guy', 'posing', 'bow', 'boat']",0.0
"['black', 'white', 'cow', 'looking', 'fence']","['black', 'white', 'cat', 'laying', 'ground', 'sun']",0.6000000000000001
"['several', 'people', 'motorcycles', 'market', 'square']","['people', 'ride', 'mopeds', 'urban', 'setting']",1.8
"['closeup', 'sheep', 'grass']","['closeup', 'lamb', 'ear', 'tagged', 'standing', 'grass']",1.8
"['domestic', 'cat', 'laying', 'back', 'cat', 'litter']","['tan', 'domestic', 'cat', 'black', 'tarp']",2.0
"['two', 'green', 'birds', 'fly', 'towards', 'wooden', 'telephone', 'pole']","['two', 'green', 'birds', 'flying', 'telephone', 'wires']",3.2
"['person', 'sitting', 'motorcycle', 'man', 'stands']","['man', 'stands', 'next', 'helmeted', 'man', 'motorcycle', 'empty', 'parking', 'lot']",3.0
"['three', 'cows', 'grazing', 'field']","['two', 'cows', 'graze', 'field']",2.6
"['blue', 'bird', 'perched', 'gloved', 'hand']","['bird', 'perched', 'persons', 'gloved', 'hand']",4.4
"['baby', 'holds', 'ketchup', 'packet']","['baby', 'highchair', 'holds', 'ketchup', 'packet']",4.0
"['closeup', 'view', 'horses', 'head']","['closeup', 'brown', 'horses', 'head']",4.2
"['train', 'train', 'station']","['train', 'station']",5.0
"['dark', 'brown', 'horse', 'standing', 'field']","['horse', 'standing', 'field']",3.6
"['small', 'cat', 'laying', 'wooden', 'beam', 'looking', 'camera']","['small', 'dog', 'wearing', 'sweater', 'looking', 'camera']",0.8
"['black', 'bird', 'sitting', 'ground']","['bird', 'sitting', 'branch']",2.5
"['small', 'brown', 'birds', 'eating', 'bird', 'feeder', 'hanging', 'tree']","['small', 'red', 'grey', 'bird', 'perched', 'tree']",2.0
"['pair', 'dogs', 'playing', 'purple', 'ball']","['two', 'dogs', 'play', 'purple', 'football']",4.4
"['bird', 'lands', 'water']","['boat', 'floats', 'water']",0.6000000000000001
"['three', 'children', 'stand', 'near', 'fence']","['three', 'children', 'standing', 'fence']",4.6
"['black', 'dog', 'emerges', 'water', 'white', 'ball', 'mouth']","['black', 'dog', 'walking', 'water', 'white', 'ball', 'mouth']",4.8
"['girl', 'purple', 'shirt', 'pink', 'headband', 'posing']","['young', 'girl', 'wearing', 'hat', 'blue', 'jeans', 'swing']",0.4
"['brown', 'dog', 'digging', 'hole', 'front', 'plant']","['group', 'people', 'walking', 'side', 'railroad', 'track']",0.0
"['brown', 'white', 'dog', 'swims', 'swimming', 'pool']","['brown', 'white', 'dog', 'swims', 'backyard', 'swimming', 'pool']",4.6
"['boy', 'red', 'sled', 'riding', 'hill']","['multicolour', 'dog', 'red', 'collar', 'crouching', 'grass']",0.0
"['black', 'brown', 'dog', 'runs', 'woods']","['dog', 'running', 'woods']",4.0
"['two', 'dogs', 'running', 'grass']","['two', 'dogs', 'playing', 'grass']",4.4
"['young', 'girl', 'holds', 'peace', 'sign']","['little', 'girl', 'holds', 'onto', 'pole', 'city', 'street']",0.6000000000000001
"['man', 'hanging', 'line', 'cliff', 'water']","['man', 'sitting', 'pier', 'bottle', 'water']",0.6000000000000001
"['man', 'crouching', 'holding', 'camera']","['crouching', 'man', 'holding', 'large', 'camera']",4.6
"['man', 'riding', 'bicycle', 'narrow', 'path']","['man', 'riding', 'unicycle', 'paved', 'road']",2.6
"['man', 'wearing', 'orange', 'coat', 'speaks', 'another', 'walk', 'snow']","['man', 'woman', 'dressedin', 'old', 'fashion', 'clothing', 'sit', 'outside', 'table']",0.6000000000000001
"['dog', 'jumping', 'air', 'catch', 'toy']","['black', 'dog', 'jumps', 'air', 'catch', 'toy']",4.0
"['brown', 'dog', 'laying', 'blue', 'cover']","['person', 'diving', 'clear', 'blue', 'water']",0.0
"['two', 'boys', 'play', 'field']","['two', 'people', 'heads', 'covered', 'scarves']",0.0
"['two', 'dogs', 'running', 'grass']","['three', 'dogs', 'run', 'snow']",2.2
"['boy', 'broken', 'arm', 'resting', 'bed']","['boy', 'broken', 'arm', 'sleeping']",4.0
"['boy', 'tricks', 'skateboard']","['boy', 'trick', 'skateboard']",4.8
"['three', 'dogs', 'playing', 'snow']","['three', 'dogs', 'playing', 'water']",2.6
"['little', 'girl', 'ribbon', 'hair', 'picking', 'nose']","['little', 'girl', 'purple', 'shirt', 'helmet', 'riding', 'scooter']",1.2
"['young', 'girl', 'going', 'tube', 'slide']","['young', 'girl', 'swinging', 'tire', 'swing']",1.8
"['many', 'people', 'bicycle', 'racing', 'including', 'one', 'man', 'threewheeled', 'bike']","['man', 'riding', 'threewheeled', 'wheelchair']",2.6
"['group', 'people', 'wearing', 'bunny', 'ears']","['group', 'people', 'ride', 'race']",0.8
"['dog', 'superman', 'shirt', 'sleeps', 'blanket']","['brown', 'dog', 'superman', 'shirt', 'laying', 'blue', 'blanket']",4.0
"['white', 'brown', 'dog', 'runs', 'across', 'grass']","['brown', 'white', 'dog', 'runs', 'across', 'grass']",4.8
"['brown', 'dog', 'resting', 'paws', 'laptop', 'keyboard']","['dog', 'sits', 'paws', 'laptop', 'computer']",3.8
"['young', 'girl', 'glasses', 'sits', 'holds', 'two', 'american', 'flags']","['girl', 'glasses', 'looking', 'two', 'american', 'flags', 'near', 'wooded', 'area']",2.6
"['small', 'white', 'brown', 'dog', 'jumping', 'horizontal', 'pole']","['brown', 'white', 'dog', 'jumping', 'red', 'yellow', 'pole']",3.0
"['two', 'dogs', 'running', 'grassy', 'area']","['two', 'dogs', 'running', 'grassy', 'field']",4.8
"['man', 'swinging', 'rope', 'water']","['man', 'warm', 'clothes', 'swinging', 'monkey', 'bars', 'night']",1.6
"['two', 'asian', 'men', 'asian', 'woman', 'sit', 'black', 'massage', 'chairs']","['two', 'asian', 'men', 'woman', 'relaxing', 'massage', 'chairs']",4.6
"['girl', 'playing', 'pile', 'colorful', 'balls']","['little', 'girl', 'plays', 'pit', 'colorful', 'balls']",5.0
"['older', 'man', 'standing', 'outside', 'front', 'truck']","['woman', 'dressed', 'green', 'roller', 'skating', 'outside', 'event']",0.0
"['smiling', 'man', 'reflective', 'classes']","['gentleman', 'smiling', 'showing', 'reflective', 'sunglasses']",4.6
"['five', 'people', 'standing', 'sidewalk']","['five', 'people', 'sidewalk']",4.8
"['white', 'dog', 'runs', 'across', 'snow']","['white', 'bear', 'walks', 'along', 'snowcovered', 'ground', 'casts', 'shadow', 'snow']",1.4
"['young', 'boy', 'brown', 'jacket', 'playing', 'snow']","['two', 'dogs', 'playing', 'snow']",1.2
"['man', 'picking', 'big', 'rock']","['woman', 'picking', 'large', 'rock']",2.4
"['white', 'brown', 'dog', 'running', 'grass']","['brown', 'white', 'dog', 'running', 'across', 'grass']",4.6
"['man', 'carrying', 'tool', 'box', 'sidewalk']","['woman', 'riding', 'blue', 'bicycle', 'park']",0.0
"['man', 'wearing', 'tshirt', 'says', 'gigolo', 'stands', 'counter', 'talking', 'someone']","['man', 'wearing', 'shirt', 'says', 'gigolo', 'standing', 'front', 'desk', 'area', 'back', 'camera']",3.4
"['tent', 'campsite', 'sunlit', 'forest']","['white', 'dog', 'beach', 'carrying', 'stick', 'mouth']",0.0
"['two', 'large', 'dogs', 'running', 'grass']","['two', 'brindle', 'dogs', 'running', 'grass']",4.2
"['dog', 'swimming', 'stick', 'mouth']","['dog', 'running', 'stick', 'mouth']",2.6
"['man', 'playing', 'fetch', 'two', 'brown', 'dogs']","['woman', 'plays', 'brown', 'dog']",2.33
"['dog', 'running', 'across', 'sand', 'stick', 'mouth']","['dog', 'running', 'creek', 'stick', 'mouth']",3.6
"['man', 'standing', 'water', 'near', 'waterfall']","['man', 'wades', 'water', 'watches', 'water', 'fall']",3.4
"['tan', 'dog', 'jumps', 'catch', 'tennis', 'ball']","['red', 'dog', 'jumps', 'catches', 'tennis', 'ball', 'mouth']",3.0
"['man', 'jumping', 'water']","['man', 'air']",2.4
"['woman', 'black', 'shirt', 'stands', 'front', 'bananas', 'fruit', 'stand']","['woman', 'wearing', 'black', 'stands', 'front', 'pickup', 'truck']",2.4
"['child', 'jumping', 'swimming', 'pool']","['dog', 'jumping', 'swimming', 'pool']",1.2
"['little', 'boy', 'jumping', 'one', 'chair', 'another']","['young', 'boy', 'jumping', 'one', 'chair', 'another', 'house']",4.8
"['girl', 'swings', 'long', 'wet', 'hair', 'lake']","['person', 'riding', 'dirt', 'bike']",0.0
"['two', 'dogs', 'playing', 'shore']","['two', 'dogs', 'playing', 'snow']",2.8
"['little', 'girl', 'walks', 'boardwalk', 'blue', 'domes', 'background']","['man', 'going', 'jump', 'bike', 'river', 'background']",0.0
"['two', 'women', 'sitting', 'bench', 'faces', 'obscured', 'one', 'woman', 'carrying', 'inflatable', 'tiger', 'woman', 'disney', 'snow', 'white', 'costume']","['girl', 'sits', 'bench', 'holding', 'inflatable', 'tiger', 'next', 'another', 'girl', 'colorful', 'outfit']",2.2
"['guy', 'two', 'girls', 'smiling', 'camera']","['three', 'dogs', 'one', 'white', 'two', 'brown', 'running', 'together', 'field', 'grass']",0.0
"['dog', 'swimming', 'stick', 'mouth']","['dog', 'swimming', 'water', 'stick', 'mouth']",5.0
"['black', 'poodle', 'plays', 'snow']","['black', 'poodle', 'frolics', 'snow']",5.0
"['two', 'girls', 'holding', 'scary', 'movie', 'flyer']","['two', 'girls', 'holding', 'sacks', 'standing', 'field']",1.4
"['three', 'boys', 'running', 'beach', 'playing', 'game']","['two', 'young', 'boys', 'one', 'young', 'man', 'run', 'beach', 'water', 'behind']",3.2
"['girl', 'wearing', 'purple', 'sash', 'matching', 'skirt']","['group', 'girls', 'stands', 'wearing', 'jean', 'skirts', 'superman', 'shirts']",1.6
"['man', 'wearing', 'grey', 'jacket', 'standing', 'side', 'street']","['boy', 'wearing', 'blue', 'life', 'jacket', 'holding', 'onto', 'side', 'green', 'boat']",0.6000000000000001
"['brown', 'black', 'dog', 'jumping', 'catch', 'red', 'ball']","['brown', 'black', 'dog', 'jumps', 'red', 'ball']",5.0
"['tan', 'dog', 'runs', 'leaves']","['white', 'dog', 'runs', 'ocean']",1.8
"['white', 'black', 'dog', 'jumping', 'pool']","['woman', 'black', 'apron', 'standing', 'front', 'mirror']",0.0
"['black', 'white', 'dog', 'carrying', 'stick', 'mouth']","['black', 'white', 'dog', 'stick', 'paws']",3.0
"['deer', 'jumps', 'fence']","['deer', 'jumping', 'fence']",5.0
"['little', 'girl', 'holds', 'wooden', 'stick']","['little', 'girl', 'swimming', 'pool']",2.2
"['black', 'dog', 'jumps', 'water']","['dog', 'walks', 'snow']",2.4
"['group', 'people', 'front', 'red', 'fire', 'truck']","['group', 'people', 'standing', 'around', 'red', 'fire', 'truck']",4.2
"['boy', 'jumps', 'blue', 'pool', 'water']","['young', 'boy', 'jumping', 'pool', 'belly']",3.4
"['blonde', 'dog', 'catching', 'ball', 'mouth', 'snow']","['little', 'blonde', 'girl', 'sitting', 'green', 'chair']",0.0
"['three', 'children', 'playing', 'laughing', 'floor']","['three', 'children', 'playing', 'floor']",3.8
"['man', 'sits', 'fishing', 'poles', 'near', 'body', 'water']","['man', 'sits', 'rock', 'next', 'folding', 'deck', 'chair', 'fishing', 'pole']",3.4
"['woman', 'dog', 'standing', 'grass']","['man', 'carries', 'sign', 'standing', 'rain']",0.0
"['man', 'blue', 'shirt', 'running', 'stadium', 'field']","['man', 'wearing', 'blue', 'hat', 'shirt', 'riding', 'white', 'horse']",1.0
"['black', 'dog', 'running', 'water']","['black', 'dog', 'running', 'water']",4.8
"['children', 'jumping', 'trampoline']","['man', 'sledding', 'orange', 'slide']",0.0
"['large', 'brown', 'dog', 'crouching', 'grassy', 'field']","['brown', 'dog', 'running', 'field']",3.0
"['dog', 'runs', 'grass']","['dog', 'runs', 'snow']",2.2
"['skier', 'speeds', 'snow']","['brown', 'dog', 'carrying', 'frisbee', 'runs', 'snow']",0.2
"['two', 'people', 'playing', 'golf', 'golf', 'course']","['two', 'people', 'golf', 'course', 'playing', 'golf']",5.0
"['boy', 'girl', 'playing', 'beach']","['dog', 'playing', 'waves', 'ball']",0.8
"['child', 'red', 'coat', 'laid', 'red', 'mat']","['toddler', 'ready', 'climb', 'red', 'piece', 'equipment']",0.8
"['two', 'dogs', 'play', 'grass']","['two', 'dogs', 'playing', 'grass']",5.0
"['child', 'blue', 'white', 'team', 'uniform', 'chasing', 'soccer', 'ball']","['young', 'boy', 'blue', 'soccer', 'uniform', 'chasing', 'ball']",4.0
"['softball', 'player', 'swinging', 'pitch']","['baseball', 'player', 'hitting', 'ball']",2.8
"['man', 'kite', 'surfing', 'away', 'camera']","['man', 'sky', 'surfing', 'water']",2.8
"['black', 'dog', 'running', 'grass']","['boy', 'running', 'green', 'grass']",1.0
"['little', 'boy', 'little', 'girl', 'playing', 'together', 'outside']","['young', 'boy', 'young', 'girl', 'walking', 'towards']",2.0
"['two', 'people', 'sit', 'end', 'dock']","['two', 'people', 'sitting', 'dock']",4.2
"['two', 'dogs', 'yard']","['two', 'dogs', 'stream']",2.0
"['man', 'chases', 'dog', 'trying', 'pass', 'barrier', 'enter', 'play', 'area']","['man', 'follows', 'black', 'white', 'dog', 'takes', 'obstacle', 'course']",2.2
"['large', 'brown', 'white', 'dog', 'running', 'snow']","['st', 'bernard', 'dog', 'running', 'snowy', 'field']",4.0
"['bloody', 'man', 'woman', 'pose', 'picture']","['man', 'woman', 'dressed', 'warmly', 'pose', 'picture']",2.0
"['yellow', 'dog', 'playing', 'grassy', 'area', 'near', 'flowers']","['girl', 'playing', 'swing']",0.4
"['boy', 'plays', 'noodle', 'pool']","['boy', 'plays', 'foam', 'noodle', 'toy', 'pool']",4.6
"['two', 'big', 'brown', 'dogs', 'running', 'snow']","['brown', 'dog', 'running', 'grass']",2.0
"['young', 'boy', 'jumps', 'pool', 'outstretched', 'arms']","['dog', 'jumps', 'backyard', 'pool']",1.2
"['girl', 'holds', 'yellow', 'balloon', 'animal']","['child', 'holds', 'yellow', 'balloon']",4.0
"['two', 'dogs', 'share', 'toy', 'field', 'vegetation']","['two', 'snowboarders', 'air', 'snow']",0.17
"['blond', 'haired', 'lady', 'white', 'poses', 'camera']","['black', 'white', 'dog', 'runs', 'mouth', 'open']",0.0
"['dog', 'runs', 'field', 'chasing', 'ball']","['child', 'runs', 'grass']",0.2
"['two', 'girls', 'sitting', 'front', 'statue']","['two', 'blonde', 'girls', 'sitting', 'next', 'statue']",3.8
"['girl', 'orange', 'lights', 'candle']","['girl', 'orange', 'shirt', 'lights', 'candles']",4.0
"['white', 'dog', 'runs', 'field', 'yellow', 'flowers']","['dog', 'red', 'collar', 'runs', 'forest', 'middle', 'winter']",1.6
"['infant', 'sitting', 'cot', 'reaching', 'touch', 'face', 'older', 'boy']","['boy', 'seems', 'ill', 'touched', 'face', 'toddler']",2.2
"['dog', 'shaking', 'water']","['dog', 'shaking', 'water']",5.0
"['young', 'boys', 'running', 'along', 'pavement']","['black', 'dog', 'running', 'along', 'edge', 'ocean']",0.5
"['young', 'child', 'slides', 'orange', 'slide']","['little', 'boy', 'denim', 'overalls', 'slides', 'orange', 'slide']",3.67
"['black', 'white', 'dog', 'running', 'red', 'white', 'poles']","['black', 'white', 'dog', 'living', 'room', 'standing', 'hind', 'legs']",1.6
"['three', 'individuals', 'posing', 'skis', 'behind', 'skiing', 'sign']","['three', 'people', 'skis', 'standing', 'behind', 'skiing', 'sign']",4.4
"['man', 'white', 'suit', 'walks', 'street', 'holding', 'newspaper']","['man', 'white', 'suit', 'walks', 'outside', 'carrying', 'newspaper']",4.6
"['black', 'dog', 'blue', 'collar', 'running', 'snow']","['black', 'dog', 'wearing', 'blue', 'collar', 'running', 'snow']",5.0
"['dog', 'running', 'toward', 'camera']","['brown', 'white', 'dog', 'running', 'grass']",0.8
"['boy', 'swinging', 'swing']","['girl', 'swing']",2.4
"['group', 'youngsters', 'swim', 'lake', 'water']","['many', 'children', 'playing', 'swimming', 'water']",4.4
"['blue', 'white', 'soccer', 'team', 'playing']","['topless', 'woman', 'face', 'painted', 'covered', 'mud']",0.0
"['brown', 'dog', 'catch', 'green', 'frisbee']","['brown', 'dog', 'waits', 'frisbee', 'come', 'catching']",3.8
"['black', 'white', 'dog', 'swimming', 'large', 'green', 'lake']","['black', 'dog', 'runs', 'fast', 'shallow', 'water']",2.2
"['two', 'large', 'black', 'dogs', 'playing', 'grassy', 'field']","['two', 'white', 'dogs', 'running', 'together']",2.2
"['brown', 'black', 'dog', 'sprints', 'across', 'snow']","['black', 'dog', 'running', 'quickly', 'along', 'ground']",2.8
"['man', 'backpack', 'looks', 'left']","['adult', 'male', 'wearing', 'backpack', 'walks', 'looks', 'left']",3.8
"['elderly', 'man', 'blue', 'shirt', 'holding', 'piece', 'canvas', 'art']","['black', 'man', 'walking', 'next', 'building', 'big', 'city']",0.0
"['two', 'skinny', 'young', 'boys', 'playing', 'sand', 'water']","['two', 'dogs', 'shaking', 'water']",0.4
"['small', 'dog', 'runs', 'obstacle', 'course']","['small', 'dog', 'jumping', 'obstacle']",3.8
"['brown', 'dog', 'running', 'woods']","['brown', 'dog', 'runs', 'grass']",3.2
"['group', 'people', 'standing', 'window', 'watching', 'something']","['group', 'people', 'stand', 'wait', 'see', 'something']",3.4
"['dog', 'jumping', 'barrier', 'agility', 'competition']","['dog', 'jumping', 'obstacle', 'course', 'fence']",4.4
"['three', 'people', 'racing', 'ice', 'skates']","['three', 'ice', 'skaters', 'round', 'corner']",3.2
"['two', 'women', 'contestants', 'walking', 'dogs', 'dog', 'show']","['two', 'women', 'walk', 'dogs', 'dog', 'show']",4.8
"['two', 'men', 'side', 'barge']","['man', 'lying', 'grass', 'long', 'hair', 'beard']",0.0
"['brown', 'dog', 'running', 'grass']","['brown', 'dog', 'runs', 'grass']",4.8
"['person', 'riding', 'bike', 'trail', 'next', 'woods']","['small', 'child', 'yellow', 'shirt', 'holding', 'arms', 'sides']",0.4
"['woman', 'black', 'dress', 'smiles', 'front', 'silver', 'truck']","['girl', 'wearing', 'black', 'top', 'smiling', 'silver', 'truck', 'background']",3.6
"['dog', 'beach', 'near', 'ball']","['guy', 'going', 'layup', 'basketball', 'court']",0.6000000000000001
"['dog', 'bounds', 'across', 'brown', 'grass']","['two', 'dogs', 'bound', 'across', 'grass']",2.6
"['woman', 'playing', 'two', 'young', 'boys', 'park']","['woman', 'three', 'kids', 'play', 'park']",3.2
"['dog', 'emerges', 'form', 'water', 'stick', 'mouth']","['dog', 'runs', 'toward', 'camera', 'stick', 'mouth']",2.4
"['three', 'dogs', 'playing', 'snow']","['boy', 'playing', 'sand']",0.8
"['dog', 'carries', 'leash', 'mouth']","['fluffy', 'dog', 'carries', 'black', 'leash', 'mouth']",4.2
"['man', 'jeans', 'playing', 'ball', 'woman', 'jeans', 'stands', 'nearby', 'looking', 'away']","['man', 'tying', 'red', 'arm', 'band', 'around', 'another', 'mans', 'arm', 'street']",0.0
"['skier', 'falling', 'snow']","['skier', 'falling', 'face', 'first', 'snow']",4.0
"['dog', 'red', 'toy', 'mouth']","['brown', 'dog', 'carrying', 'stick', 'mouth']",2.2
"['two', 'hockey', 'players', 'fighting', 'ice']","['two', 'hockey', 'players', 'struggle', 'ice']",4.8
"['two', 'terriers', 'play', 'wood', 'floor', 'home']","['two', 'puppies', 'play', 'red', 'chew', 'toy', 'field']",1.6
"['two', 'dogs', 'running', 'field']","['two', 'dogs', 'play', 'field']",4.2
"['man', 'gray', 'suit', 'locking', 'bicycle']","['man', 'woman', 'standing', 'city', 'street']",0.4
"['man', 'black', 'leather', 'jacket', 'sleeping', 'subway', 'car']","['man', 'black', 'leather', 'jacket', 'falls', 'asleep', 'public', 'transportation']",4.6
"['dog', 'leaping', 'hurdle']","['dog', 'leaps', 'hurdle']",4.8
"['two', 'men', 'setting', 'electronic', 'equpitment']","['two', 'dogs', 'wrestling', 'ground', 'snow']",0.0
"['black', 'dog', 'walking', 'grass', 'stick', 'mouth']","['boy', 'holds', 'net', 'snake', 'close', 'ground']",0.0
"['girl', 'runs', 'dogs', 'dry', 'field']","['grey', 'dog', 'tan', 'dog', 'playing', 'grassy', 'field']",2.2
"['two', 'dogs', 'playing', 'snow']","['two', 'black', 'dogs', 'snow']",4.0
"['dog', 'leaps', 'dock', 'water']","['black', 'dog', 'leaps', 'dock', 'water']",4.0
"['group', 'old', 'men', 'walking', 'street']","['couple', 'walking', 'street']",2.0
"['three', 'dogs', 'standing', 'snow', 'next', 'blue', 'fence']","['three', 'dogs', 'play', 'shallows', 'next', 'rocky', 'shore']",2.2
"['black', 'white', 'dog', 'running', 'field']","['black', 'white', 'dog', 'running', 'grass']",4.8
"['boy', 'black', 'waves', 'arms', 'people', 'behind', 'field']","['man', 'black', 'shirt', 'roller', 'blading', 'past', 'bench', 'city']",0.4
"['elderly', 'woman', 'rides', 'bicycle', 'along', 'city', 'street']","['elderly', 'woman', 'walking', 'uphill', 'crossing', 'street']",2.0
"['young', 'boy', 'punching', 'yellow', 'ball']","['small', 'dog', 'jumps', 'yellow', 'beam']",0.4
"['group', 'young', 'ballerinas', 'dance', 'studio']","['group', 'young', 'ladies', 'bikinis']",1.4
"['young', 'boy', 'white', 'dress', 'shirt', 'playing', 'grassy', 'plain']","['woman', 'getting', 'hair', 'done', 'salon']",0.0
"['man', 'dog', 'playing', 'tug', 'war']","['man', 'dances', 'colorful', 'wall']",0.4
"['wet', 'child', 'shivers', 'towel', 'pool']","['wet', 'child', 'shivering', 'towel', 'front', 'pool']",4.6
"['white', 'dog', 'runs', 'beach']","['white', 'dog', 'running', 'along', 'beach']",5.0
"['six', 'dogs', 'running', 'sandy', 'beach']","['six', 'dogs', 'walking', 'beside', 'beach']",3.4
"['man', 'holds', 'handle', 'water']","['man', 'holding', 'onto', 'handles', 'air']",3.2
"['white', 'dog', 'walking', 'snow']","['black', 'tan', 'dog', 'walking', 'snow']",3.0
"['white', 'brown', 'dog', 'runs', 'across', 'grass']","['three', 'dogs', 'running', 'grass']",3.2
"['boy', 'goes', 'inflatable', 'slide']","['boy', 'red', 'slides', 'inflatable', 'ride']",3.8
"['two', 'dogs', 'playing', 'ball', 'puddle']","['two', 'dogs', 'stand', 'puddle', 'one', 'yellow', 'tennis', 'ball']",3.8
"['three', 'dogs', 'playing', 'water']","['three', 'dogs', 'run', 'snow']",1.4
"['two', 'dogs', 'playing', 'snow']","['two', 'kids', 'playing', 'dog']",1.2
"['girl', 'back', 'bend', 'beach']","['girl', 'back', 'bend', 'beach']",4.8
"['two', 'dogs', 'playing', 'fetch', 'snow']","['two', 'dogs', 'playing', 'together', 'grass']",2.2
"['two', 'surfers', 'riding', 'small', 'wave']","['two', 'surfers', 'perform', 'tricks', 'waves']",3.6
"['two', 'people', 'walking', 'beach', 'sunset']","['two', 'people', 'walking', 'along', 'shore', 'sunset']",5.0
"['two', 'puppies', 'playing', 'around', 'grass']","['two', 'dogs', 'wrestling', 'grass']",4.0
"['young', 'girl', 'sitting', 'santas', 'lap']","['little', 'girl', 'sitting', 'santas', 'lap']",4.8
"['black', 'white', 'dog', 'runs', 'mouth', 'open']","['black', 'white', 'dog', 'swims', 'blue', 'water']",2.2
"['young', 'boy', 'jumping', 'air', 'beach']","['boy', 'jumping', 'air', 'beach']",4.8
"['five', 'men', 'tuxedos', 'walking', 'steps']","['five', 'men', 'tuxedos', 'walk', 'set', 'steps']",5.0
"['man', 'red', 'shorts', 'white', 'shirt', 'kicking', 'soccer', 'ball']","['black', 'dog', 'stands', 'surf', 'holding', 'red', 'rubber', 'ball']",0.0
"['man', 'dog', 'rocky', 'seashore']","['man', 'dog', 'standing', 'rocks', 'next', 'water']",4.8
"['brown', 'dog', 'splashing', 'water']","['four', 'dogs', 'splashing', 'water']",2.4
"['smiling', 'woman', 'beach', 'buried', 'seaweed']","['girl', 'cowboy', 'hat', 'sheep', 'leash']",1.0
"['dog', 'big', 'ears', 'holding', 'small', 'stick', 'mouth']","['puppy', 'big', 'ears', 'chewing', 'stick']",3.8
"['large', 'brown', 'dog', 'jumping', 'tall', 'grass']","['girl', 'wearing', 'blue', 'shirt', 'running', 'science', 'center']",0.0
"['two', 'dogs', 'fighting', 'snow']","['two', 'dogs', 'playing', 'snow']",2.6
"['brown', 'dog', 'middle', 'line', 'dogs', 'chasing', 'dirty', 'tennis', 'ball', 'dirt']","['two', 'white', 'dogs', 'one', 'brown', 'dog', 'chasing', 'ball']",2.8
"['grey', 'hound', 'active', 'grassy', 'field']","['bunch', 'bikes', 'racing', 'track']",0.0
"['two', 'people', 'racing', 'sidecar', 'motorcycle', 'mud']","['dog', 'carrying', 'long', 'stick', 'mouth']",0.0
"['man', 'sitting', 'top', 'rocky', 'mountain']","['person', 'sticks', 'head', 'tent', 'top', 'mountain']",2.4
"['man', 'standing', 'boat', 'pulling', 'another', 'boat', 'close', 'bamboo', 'stick']","['man', 'black', 'hat', 'standing', 'front', 'brick', 'wall', 'sign']",0.0
"['man', 'plays', 'white', 'guitar']","['man', 'playing', 'white', 'guitar', 'singing', 'well']",3.2
"['person', 'skijoring', 'dog', 'mountains']","['brown', 'dog', 'playing', 'ball', 'water']",0.0
"['two', 'shirtless', 'young', 'people', 'playing', 'water']","['lots', 'people', 'play', 'water', 'beach']",2.4
"['closeup', 'hummingbird']","['closeup', 'hummingbird', 'flying']",3.6
"['woman', 'black', 'dress', 'walking', 'street']","['woman', 'watches', 'dog', 'jump', 'stairs']",0.8
"['man', 'woman', 'looking', 'camera']","['man', 'woman', 'laughing']",2.33
"['brown', 'dog', 'running', 'dirty', 'muddy', 'grass']","['large', 'brown', 'dog', 'running', 'outside', 'dirt']",3.6
"['three', 'dogs', 'pulling', 'man', 'bicycle', 'snow']","['dogs', 'pulling', 'man', 'type', 'bike', 'snow']",5.0
"['baby', 'red', 'hat', 'sitting', 'stroller', 'holding', 'doll']","['man', 'gray', 'shirt', 'sitting', 'field', 'flowers']",0.0
"['three', 'children', 'playing', 'hay', 'outdoors', 'throwing', 'camera', 'lens']","['three', 'young', 'children', 'play', 'hay', 'throwing', 'camera']",4.8
"['climber', 'standing', 'rock', 'face', 'next', 'pink', 'rope']","['children', 'running', 'snow', 'fences', 'background']",0.0
"['black', 'dog', 'wearing', 'orange', 'collar', 'entangled', 'fishing', 'wire']","['black', 'dog', 'wearing', 'red', 'collar', 'shakes', 'water']",1.8
"['two', 'dogs', 'playing', 'around', 'dirt']","['dancer', 'posing', 'camera', 'red', 'white', 'dress']",0.0
"['golden', 'dog', 'running', 'grass']","['large', 'beige', 'dog', 'running', 'grass']",3.4
"['dog', 'runs', 'grass']","['dog', 'runs', 'across', 'grass']",4.8
"['man', 'red', 'shorts', 'walking', 'along', 'rocks', 'river', 'carrying', 'stick']","['man', 'walking', 'rocks', 'water', 'flowing', 'around']",3.4
"['man', 'rowing', 'boat']","['man', 'trick', 'skateboard']",0.0
"['three', 'dogs', 'running', 'racetrack']","['three', 'dogs', 'round', 'bend', 'racetrack']",4.8
"['black', 'brown', 'dog', 'walks', 'snow', 'near', 'building']","['older', 'man', 'stands', 'outside', 'old', 'boarded', 'building']",0.8
"['dog', 'jumping', 'swimming', 'pool', 'duck']","['dog', 'jumping', 'swimming', 'pool']",3.4
"['dog', 'running', 'forest', 'winter', 'time']","['dog', 'running', 'lot', 'twigs']",3.2
"['girl', 'playing', 'along', 'images', 'big', 'screen']","['three', 'girls', 'holding', 'umbrellas', 'backs', 'camera']",0.4
"['many', 'people', 'run', 'race', 'street']","['puppy', 'running', 'along', 'street']",1.0
"['man', 'swimming', 'trunks', 'standing', 'rocks']","['man', 'gray', 'shirt', 'climbs', 'large', 'rock', 'wall']",1.0
"['two', 'white', 'dogs', 'walking', 'snow']","['tan', 'dog', 'black', 'collar', 'barking', 'snow']",2.0
"['woman', 'wearing', 'pink', 'shirt', 'jumps', 'air', 'arms', 'legs', 'spread', 'sides']","['man', 'wearing', 'suspenders', 'sunglasses', 'leaps', 'air', 'arms', 'legs', 'spread', 'side']",2.4
"['dog', 'runs', 'grass']","['two', 'dogs', 'run', 'brush']",2.8
"['dog', 'running', 'across', 'sand']","['dog', 'running', 'water']",2.8
"['woman', 'attempting', 'ride', 'small', 'wave']","['man', 'woman', 'sitting', 'back', 'back', 'outside', 'sun']",0.0
"['black', 'white', 'dog', 'swimming', 'river']","['black', 'man', 'dog', 'beach']",0.6000000000000001
"['man', 'standing', 'top', 'jagged', 'rocks', 'near', 'ocean']","['man', 'standing', 'top', 'rocks', 'overlooking', 'ocean']",4.6
"['girl', 'black', 'blue', 'wet', 'suit', 'surfing']","['woman', 'wearing', 'black', 'blue', 'striped', 'suit', 'surfing', 'wave']",4.4
"['woman', 'leading', 'dog', 'obstacle', 'course']","['woman', 'leading', 'small', 'dog', 'obstacle', 'course']",4.6
"['two', 'dogs', 'beach']","['dog', 'walks', 'beach']",2.4
"['young', 'boy', 'standing', 'gray', 'tiled', 'area']","['young', 'boy', 'practicing', 'karate', 'gym']",1.0
"['dog', 'running', 'food', 'mouth']","['dog', 'running', 'yellow', 'ball', 'mouth']",2.2
"['two', 'dogs', 'running', 'beach']","['two', 'dogs', 'running', 'beach']",4.8
"['black', 'white', 'dog', 'swimming', 'pool']","['black', 'white', 'dog', 'running', 'something', 'mouth']",2.0
"['dog', 'head', 'inside', 'red', 'green', 'gift', 'bag']","['pet', 'playfully', 'investigates', 'contents', 'gift', 'bag']",3.8
"['yellow', 'shirted', 'man', 'wearing', 'golden', 'sun', 'mask']","['man', 'yellow', 'shirt', 'wears', 'gold', 'sunshaped', 'mask']",5.0
"['man', 'scalling', 'sheer', 'rock', 'face', 'rope', 'support']","['young', 'man', 'ski', 'jump', 'purple', 'board']",0.4
"['child', 'hands', 'head']","['little', 'boy', 'stands', 'hands', 'top', 'head']",4.2
"['man', 'wearing', 'orange', 'vest', 'canoeing', 'blue', 'water']","['man', 'orange', 'jacket', 'raising', 'hands', 'sky', 'sand']",1.8
"['old', 'man', 'black', 'trench', 'coat', 'standing', 'marketplace']","['baby', 'wearing', 'red', 'shirt', 'walking', 'plaza']",1.2
"['man', 'climbing', 'cliff', 'face']","['man', 'climbs', 'sheer', 'cliff', 'face']",4.8
"['two', 'girls', 'pajama', 'pants', 'appear', 'dancing']","['two', 'girls', 'baseball', 'caps', 'eating', 'snack', 'outside']",0.6000000000000001
"['white', 'brown', 'dog', 'playing', 'black', 'toy']","['white', 'brown', 'dog', 'playing', 'tugowar']",3.4
"['boy', 'plays', 'baseball']","['man', 'playing', 'baseball']",3.0
"['boy', 'wearing', 'red', 'shirt', 'runs', 'across', 'grass', 'furry', 'dog']","['sports', 'fan', 'wearing', 'face', 'paint', 'stands']",0.0
"['black', 'dog', 'retrieves', 'snow']","['skateboarder', 'jumping', 'street']",0.0
"['smiling', 'man', 'baby', 'girl', 'posing', 'photo']","['smiling', 'man', 'holds', 'small', 'child', 'wearing', 'pink', 'red']",3.2
"['dog', 'jumping', 'frisbee', 'snow']","['dog', 'jumping', 'snow']",3.2
"['brown', 'white', 'dog', 'pink', 'collar', 'barking', 'brown', 'dog', 'blue', 'collar', 'snow']","['dog', 'red', 'collar', 'bearing', 'teeth', 'dog', 'blue', 'collar']",3.4
"['two', 'brown', 'dogs', 'biting']","['two', 'brown', 'dogs', 'biting', 'sand']",4.2
"['skateboarder', 'attempts', 'trick', 'side', 'low', 'wall']","['boy', 'skateboard', 'tricks', 'railing']",4.0
"['young', 'girl', 'back', 'flip', 'water']","['young', 'girl', 'wearing', 'purple', 'running', 'water']",2.8
"['snowboarder', 'rides', 'snowboard', 'railing', 'beside', 'flight', 'steps']","['boy', 'grinding', 'skateboard', 'concrete', 'wall']",0.8
"['woman', 'two', 'men', 'hats', 'socializing', 'outside']","['young', 'woman', 'knit', 'cap', 'stands', 'wall', 'dominos', 'pizza']",1.4
"['small', 'boy', 'bathrobe', 'sitting', 'metal', 'chair']","['boy', 'robe', 'sits', 'chair']",4.2
"['black', 'dog', 'running', 'snow']","['black', 'pit', 'bull', 'dog', 'running', 'dirt']",2.2
"['group', 'teenagers', 'dancing', 'wooden', 'floor']","['group', 'people', 'dark', 'colored', 'clothing', 'line', 'dancing', 'wooden', 'floor']",3.4
"['young', 'boy', 'riding', 'bike']","['young', 'girl', 'laying', 'blue', 'inflatable', 'toy']",0.4
"['black', 'dog', 'running', 'snow']","['black', 'dog', 'running', 'beach']",1.8
"['three', 'dogs', 'snow', 'fence']","['two', 'dogs', 'drink', 'water', 'lake']",1.0
"['girl', 'runs', 'along', 'river', 'bank', 'two', 'black', 'dogs']","['little', 'boy', 'petting', 'tiger', 'laying']",0.2
"['teenage', 'girl', 'running', 'beach', 'shouting', 'older', 'man', 'walking', 'behind']","['young', 'child', 'running', 'along', 'shore', 'beach']",1.8
"['brown', 'white', 'dog', 'walking', 'next', 'man', 'skateboard']","['blond', 'child', 'laying', 'branch', 'tree', 'green', 'field']",0.0
"['man', 'riding', 'surfboard', 'wave']","['man', 'black', 'surfboard', 'riding', 'wave']",4.0
"['man', 'red', 'shirt', 'climbing', 'side', 'mountain']","['man', 'climbing', 'side', 'mountain']",4.2
"['man', 'riding', 'motorcycle', 'wearing', 'black', 'uniform']","['white', 'motorcycle', 'ridden', 'around', 'race', 'track']",1.4
"['black', 'dog', 'swimming', 'river']","['black', 'dog', 'digging', 'snow']",1.2
"['man', 'woman', 'smiling']","['man', 'woman', 'laughing']",3.2
"['man', 'standing', 'top', 'rock', 'mountain', 'watching', 'sun', 'set']","['man', 'standing', 'mountains', 'watching', 'sunset']",4.8
"['two', 'little', 'girls', 'playing', 'trampoline']","['two', 'little', 'boys', 'playing', 'playground']",1.4
"['two', 'girls', 'jumping', 'high', 'air']","['two', 'dogs', 'nussle', 'one', 'another', 'grass', 'near', 'lake']",0.2
"['woman', 'holding', 'black', 'purse', 'smoking', 'cigarette']","['woman', 'black', 'bag', 'smoking', 'cigarette']",4.8
"['dog', 'running', 'along', 'grass']","['brown', 'dog', 'running', 'grass']",4.2
"['man', 'long', 'hair', 'looking', 'camera']","['woman', 'stands', 'wall', 'near', 'video', 'camera']",1.0
"['brown', 'dog', 'running', 'grass']","['dog', 'running', 'grass']",4.0
"['two', 'people', 'wearing', 'hats', 'sit', 'look', 'camera']","['man', 'wearing', 'blue', 'shirt', 'makes', 'grouchy', 'face']",0.0
"['two', 'girls', 'playing', 'people', 'flowers', 'behind']","['two', 'young', 'girls', 'wearing', 'skirts', 'playing', 'garden']",3.2
"['girl', 'pink', 'shirt', 'sprawling', 'limbs', 'midair']","['man', 'dressed', 'santa', 'suit', 'climbing', 'large', 'concrete', 'building']",0.0
"['little', 'girl', 'red', 'shirt', 'pulls', 'kite']","['girl', 'red', 'shirt', 'takes', 'picture', 'phone']",1.4
"['child', 'sliding', 'snow']","['man', 'sleeping', 'street']",0.0
"['three', 'dogs', 'playing', 'water']","['three', 'dogs', 'swim', 'water']",4.2
"['white', 'dog', 'running', 'sand']","['white', 'dog', 'runs', 'sand']",5.0
"['little', 'girl', 'hands', 'air', 'sitting', 'mans', 'back', 'laying', 'blanket']","['kid', 'runs', 'opposite', 'direction', 'others', 'playing', 'game']",0.2
"['red', 'white', 'race', 'car', 'racing', 'dirt', 'racetrack']","['person', 'riding', 'dirt', 'bike', 'race', 'dirt', 'track']",1.4
"['black', 'white', 'dog', 'running', 'cow', 'field']","['large', 'black', 'white', 'dog', 'runs', 'ocean', 'water']",2.2
"['man', 'straw', 'hat', 'shades', 'phone', 'others', 'walk', 'busy', 'sidewalk']","['man', 'lies', 'street', 'headand', 'shoulders', 'parked', 'car', 'jacked']",0.6000000000000001
"['man', 'messenger', 'bag', 'front', 'gray', 'tile', 'wall']","['man', 'red', 'jacket', 'standing', 'front', 'lighthouse']",0.8
"['dog', 'swims', 'water']","['three', 'dogs', 'swim', 'water']",3.2
"['little', 'white', 'curly', 'haired', 'dog', 'runs', 'across', 'pavement', 'stick', 'mouth']","['white', 'curly', 'haired', 'dog', 'runs', 'stick', 'mouth']",4.6
"['blonde', 'woman', 'wearing', 'black', 'american', 'flag', 'tartan', 'cap']","['redhaired', 'woman', 'wearing', 'black', 'beret', 'adorned', 'american', 'flag']",2.8
"['person', 'holding', 'net', 'standing', 'water']","['black', 'woman', 'two', 'black', 'children', 'sitting', 'thatched', 'tent']",0.6000000000000001
"['woman', 'red', 'tracksuit', 'squeezing', 'lemons', 'press']","['young', 'woman', 'pink', 'hoodie', 'takes', 'picture']",0.4
"['man', 'walks', 'two', 'dogs', 'leashes', 'street']","['man', 'walks', 'two', 'dogs', 'city']",4.2
"['dog', 'running', 'snow']","['two', 'dogs', 'running', 'dirt']",2.2
"['small', 'boy', 'playing', 'snow']","['brown', 'white', 'dog', 'playing', 'snow']",1.6
"['woman', 'blue', 'shirt', 'tan', 'shorts', 'sits', 'table']","['smiling', 'young', 'woman', 'tourquoise', 'shirt', 'bandanna', 'poses', 'table', 'outdoors']",3.2
"['white', 'dog', 'running', 'snow']","['dogs', 'running', 'snow']",3.2
"['black', 'dog', 'running', 'snow']","['race', 'car', 'driver', 'driving', 'car', 'mud']",0.0
"['dog', 'wearing', 'green', 'sweater', 'backpack', 'walking', 'snow']","['small', 'dog', 'wearing', 'green', 'sweater', 'backpack', 'walks', 'snow']",4.4
"['group', 'people', 'sitting', 'around', 'desk']","['group', 'girls', 'beach']",0.6000000000000001
"['three', 'dogs', 'running', 'field']","['two', 'dogs', 'running', 'grassy', 'field']",2.8
"['man', 'woman', 'hands', 'chins', 'standing', 'next', 'christmas', 'tree']","['man', 'white', 'beard', 'blue', 'cap', 'standing', 'doorway', 'workshop']",0.4
"['black', 'white', 'dog', 'stick', 'paws']","['black', 'dog', 'white', 'dog', 'standing', 'snow']",1.2
"['white', 'dog', 'running', 'snow']","['black', 'white', 'dog', 'runs', 'grass']",1.4
"['man', 'skis', 'snowcovered', 'hill', 'mountains', 'background']","['dog', 'enjoys', 'romp', 'water', 'mountains', 'sand', 'background']",0.6000000000000001
"['man', 'bike', 'nest', 'river']","['man', 'bike', 'high', 'jump']",1.2
"['skier', 'going', 'snowy', 'hill']","['brown', 'dog', 'laying', 'snow']",0.4
"['two', 'dogs', 'running', 'grass']","['two', 'dogs', 'running', 'dirt']",3.6
"['man', 'spraying', 'fluid', 'long', 'hose', 'beach']","['guy', 'sitting', 'bike', 'one', 'wheel', 'air']",0.6000000000000001
"['person', 'red', 'vest', 'touching', 'blue', 'ice', 'skates', 'another', 'person']","['lady', 'fastens', 'someones', 'ice', 'skates', 'snow']",2.2
"['girl', 'bounces', 'upside', 'head', 'trampoline']","['girl', 'bouncing', 'head', 'trampoline']",4.8
"['woman', 'standing', 'front', 'trees', 'smiling']","['man', 'walking', 'trees', 'front', 'city', 'skyline']",2.0
"['boy', 'back', 'flip', 'swimming', 'pool']","['boy', 'wearing', 'red', 'blue', 'swim', 'trunks', 'jumping', 'head', 'first', 'swimming', 'pool']",2.4
"['three', 'little', 'boys', 'cover', 'bubbles']","['three', 'children', 'standing', 'pool', 'covered', 'foam', 'bubbles']",4.2
"['boy', 'looking', 'girl', 'another', 'girl', 'ignores']","['boy', 'diving', 'pool', 'couple', 'watch']",0.2
"['black', 'dog', 'blue', 'collar', 'running', 'snow']","['black', 'dog', 'red', 'collar', 'plays', 'snow']",3.2
"['bird', 'sits', 'tree']","['bird', 'sits', 'leafless', 'tree']",3.8
"['brown', 'dog', 'chews', 'orange', 'ball']","['dog', 'orange', 'ball', 'mouth']",4.0
"['brown', 'dog', 'jumping', 'air', 'catch', 'ball']","['three', 'young', 'woman', 'jumping', 'air', 'catch', 'ball']",0.6000000000000001
"['child', 'walking', 'one', 'picnic', 'table', 'another']","['boy', 'hops', 'one', 'picnic', 'table', 'park']",3.2
"['dog', 'snow']","['two', 'dogs', 'snow']",3.0
"['dalmation', 'running', 'along', 'beach']","['dalmation', 'runs', 'along', 'beach']",4.8
"['dog', 'running', 'snow']","['dog', 'runs', 'snow']",5.0
"['four', 'black', 'dogs', 'run', 'across', 'grass']","['dog', 'runs', 'across', 'grassy', 'field']",2.0
"['man', 'red', 'black', 'hitting', 'soccer', 'ball', 'head']","['man', 'red', 'striped', 'soccer', 'shirt', 'heads', 'ball']",3.6
"['brown', 'dog', 'walking', 'grass']","['dog', 'chases', 'another', 'tree']",1.2
"['woman', 'placing', 'baby', 'skateboard', 'beach']","['woman', 'holds', 'small', 'baby', 'skateboard', 'beach']",4.6
"['black', 'dog', 'biting', 'light', 'brown', 'dogs', 'ear', 'playful', 'manner']","['black', 'dog', 'playfully', 'bits', 'another', 'dog', 'living', 'room', 'setting']",4.0
"['beagle', 'walking', 'beach', 'waterline']","['beagle', 'walks', 'along', 'calm', 'shore']",4.4
"['black', 'white', 'dog', 'runs', 'grass']","['black', 'white', 'dog', 'running', 'grass']",5.0
"['two', 'dogs', 'run', 'snow', 'one', 'tennis', 'ball']","['boy', 'stunt', 'air', 'bicycle']",0.0
"['black', 'dog', 'walking', 'grass', 'stick', 'mouth']","['black', 'dog', 'running', 'grass', 'toy', 'mouth']",3.2
"['man', 'walks', 'toward', 'policeman', 'standing', 'crosswalk', 'city', 'street']","['policeman', 'stands', 'crosswalk', 'city']",3.0
"['black', 'dog', 'white', 'dog', 'playing', 'street']","['black', 'dog', 'white', 'dog', 'play', 'street', 'together']",4.6
"['large', 'black', 'white', 'dog', 'swimming', 'water']","['black', 'white', 'dog', 'stick', 'muddy', 'water']",3.6
"['little', 'boy', 'clowns', 'colander', 'head']","['boy', 'metal', 'colander', 'head']",4.2
"['two', 'constructions', 'workers', 'sit', 'beam', 'taking', 'break']","['man', 'putting', 'shirt', 'near', 'elevator']",0.0
"['man', 'woman', 'laughing']","['man', 'woman', 'kiss']",1.2
"['black', 'brown', 'white', 'dog', 'running', 'field']","['white', 'brown', 'dog', 'runs', 'field']",2.83
"['children', 'playing', 'swimming', 'pool', 'two', 'adult', 'men', 'watch']","['children', 'play', 'pool', 'adults', 'look']",4.6
"['two', 'kids', 'splashing', 'water']","['two', 'dogs', 'play', 'together', 'bed']",0.0
"['brown', 'white', 'dog', 'walking', 'shallow', 'waters']","['white', 'brown', 'dog', 'appears', 'walking', 'water']",4.6
"['woman', 'reads', 'public', 'transportation']","['man', 'fallen', 'asleep', 'public', 'transportation']",1.6
"['bulldog', 'running', 'grassy', 'park', 'people', 'stand', 'background']","['dog', 'running', 'large', 'body', 'water', 'causing', 'splash']",1.8
"['young', 'boy', 'riding', 'bike', 'brick', 'road']","['person', 'tricks', 'bike', 'ramp', 'surrounded', 'trees']",2.2
"['young', 'man', 'skateboarding', 'skate', 'park']","['boy', 'blue', 'shirt', 'airborne', 'skateboard', 'skate', 'park']",3.8
"['girl', 'jumping', 'rope', 'sidewalk', 'near', 'parking', 'garage']","['girl', 'jumping', 'rope', 'sidewalk', 'parking', 'garage', 'left']",4.4
"['person', 'water', 'beach', 'sun', 'sets']","['person', 'surfboard', 'water']",3.0
"['dog', 'jumps', 'midair', 'catch', 'frisbee']","['brown', 'dog', 'jumps', 'pink', 'frisbee']",4.0
"['dog', 'returns', 'play', 'toy', 'master']","['three', 'dogs', 'race', 'snow', 'together']",1.0
"['two', 'females', 'jump', 'swings']","['two', 'girls', 'jump', 'swings']",4.6
"['woman', 'young', 'girl', 'pose', 'bear', 'statues', 'front', 'store']","['man', 'jersey', 'stands', 'front', 'large', 'crowd']",0.6000000000000001
"['shirtless', 'man', 'playing', 'football', 'lawn']","['shirtless', 'man', 'catches', 'football']",4.4
"['girl', 'wearing', 'green', 'twists', 'something', 'hands']","['young', 'boy', 'wearing', 'green', 'shorts', 'poses', 'awkwardly', 'brick', 'background']",0.8
"['man', 'red', 'jacket', 'holds', 'bike', 'picture']","['woman', 'red', 'jacket', 'video', 'taping', 'natural', 'landscape']",0.4
"['boy', 'jumps', 'notsocrowded', 'public', 'pool']","['man', 'jumps', 'snowboard']",0.8
"['clowns', 'striking', 'pose', 'camera']","['child', 'orange', 'boogie', 'board', 'waves']",0.6000000000000001
"['four', 'kids', 'holding', 'hands', 'jump', 'swimming', 'pool']","['four', 'dogs', 'playing', 'snow']",0.0
"['boy', 'pushes', 'wagon', 'two', 'pumpkins']","['child', 'squats', 'behind', 'wagon', 'two', 'pumpkins']",2.8
"['two', 'soccer', 'players', 'battle', 'ball', 'intense', 'match']","['two', 'little', 'orange', 'white', 'dogs', 'snow']",0.0
"['black', 'dog', 'walking', 'tall', 'grass']","['black', 'dog', 'running', 'grass']",3.8
"['two', 'black', 'dogs', 'playing', 'snow']","['black', 'dog', 'digs', 'snow']",3.4
"['dog', 'jumps', 'chain']","['dog', 'leaping', 'chain']",5.0
"['girl', 'black', 'purse', 'sitting', 'wooden', 'bench']","['young', 'woman', 'black', 'purse', 'sits', 'wooden', 'bench']",4.6
"['black', 'yellow', 'dog']","['black', 'dog', 'brownandwhite', 'dog', 'play', 'field']",2.2
"['three', 'children', 'ball', 'pit']","['several', 'children', 'playing', 'ball', 'pit']",3.4
"['large', 'white', 'grey', 'dog', 'runs', 'yellow', 'tunnel', 'obstacle', 'course']","['white', 'black', 'dog', 'running', 'yellow', 'orange', 'tube']",3.6
"['swimmer', 'backstroke', 'swimming', 'pool']","['person', 'back', 'stroke', 'swimming', 'pool']",4.8
"['man', 'stands', 'astride', 'bike', 'rocky', 'trail', 'lake']","['woman', 'wearing', 'white', 'headband', 'purple', 'tank', 'top', 'black', 'gloves']",0.0
"['brown', 'dog', 'running', 'green', 'grass']","['brown', 'dog', 'running', 'though', 'river']",2.4
"['small', 'white', 'dog', 'large', 'brown', 'dog', 'play', 'grass']","['small', 'light', 'tan', 'dog', 'running', 'past', 'large', 'brown', 'dog', 'standing', 'grass']",3.4
"['woman', 'holds', 'dog', 'another', 'dog', 'stands', 'nearby', 'field']","['lady', 'holding', 'one', 'dog', 'another', 'dog', 'playing', 'yard']",3.4
"['black', 'dog', 'walking', 'water']","['two', 'black', 'dogs', 'walking', 'snow']",2.4
"['black', 'dog', 'running', 'snow']","['black', 'dog', 'swimming', 'ball', 'mouth']",1.8
"['woman', 'dressed', 'green', 'playing', 'tan', 'dog']","['tan', 'dog', 'licks', 'girls', 'hand', 'laying']",1.6
"['two', 'homeless', 'men', 'stand', 'outside', 'cardboard', 'sign']","['two', 'homeless', 'young', 'men', 'holding', 'cardboard', 'sign']",4.6
"['brown', 'dog', 'wades', 'water']","['dog', 'splashes', 'murky', 'water']",3.6
"['one', 'man', 'orange', 'shirt', 'wearing', 'white', 'helmet', 'riding', 'bike']","['man', 'wearing', 'blue', 'helmet', 'riding', 'polaris']",2.8
"['little', 'boy', 'standing', 'front', 'wedding', 'party', 'laughing']","['person', 'standing', 'stage', 'front', 'seated', 'crowd']",1.8
"['person', 'snowmobile']","['person', 'snowmobile', 'mid', 'jump']",3.6
"['man', 'standing', 'shore', 'hitting', 'ball', 'paddle']","['two', 'teenage', 'girls', 'standing', 'beside', 'beach', 'listening', 'ipods']",0.8
"['top', 'photo', 'shows', 'two', 'men', 'taking', 'break']","['person', 'swim', 'cap', 'goggles', 'taking', 'breath']",0.4
"['two', 'brown', 'dogs', 'running', 'together', 'sand']","['two', 'brown', 'dogs', 'running', 'sand']",4.6
"['black', 'dog', 'chasing', 'red', 'frisbee']","['black', 'poodle', 'running', 'snow']",1.4
"['two', 'girls', 'ponytails', 'ride', 'amusement', 'park', 'ride']","['young', 'girl', 'ride', 'amusement', 'park']",3.0
"['dog', 'digging', 'sand']","['brown', 'dog', 'digs', 'sand']",4.2
"['two', 'men', 'sit', 'sidewalk', 'front', 'stores']","['woman', 'bathing', 'suit', 'walks', 'dog', 'beach']",0.0
"['black', 'white', 'spotted', 'dog', 'jumps', 'stream']","['black', 'white', 'spotted', 'dog', 'jumping', 'small', 'stream', 'water']",4.6
"['person', 'bmx', 'bike']","['man', 'bike', 'midair']",3.0
"['two', 'dogs', 'running', 'tall', 'grass']","['two', 'dogs', 'running', 'grassy', 'area']",4.6
"['little', 'white', 'dog', 'wearing', 'leash', 'jumping', 'red', 'ball']","['black', 'white', 'dog', 'returns', 'stick', 'snow']",1.0
"['group', 'people', 'standing', 'outside', 'building']","['large', 'group', 'people', 'formed', 'line', 'outside']",3.2
"['group', 'four', 'children', 'dancing', 'backyard']","['group', 'children', 'stretches', 'colored', 'mats']",1.6
"['group', 'teenagers', 'jumping', 'air', 'beach']","['group', 'young', 'people', 'jump', 'air', 'beach']",4.8
"['boy', 'waves', 'around', 'sparkler']","['young', 'boy', 'twisting', 'sparkler', 'around', 'air']",4.4
"['several', 'people', 'sitting', 'around', 'fire', 'night']","['group', 'people', 'standing', 'sitting', 'around', 'ground', 'night']",2.6
"['two', 'different', 'breeds', 'brown', 'white', 'dogs', 'play', 'beach']","['two', 'dogs', 'playing', 'sand', 'beach']",4.0
"['one', 'man', 'two', 'women', 'dressed', 'vampire', 'costumes']","['man', 'two', 'women', 'dressed', 'costumes']",3.4
"['two', 'boys', 'one', 'wearing', 'hat', 'playground']","['boy', 'tan', 'hat', 'laughs', 'sitting', 'near', 'playground', 'equipment']",2.4
"['two', 'dogs', 'playing', 'snow']","['two', 'dogs', 'play', 'snow']",5.0
"['woman', 'holds', 'baby', 'man', 'looks', 'another', 'man', 'holding', 'child', 'watches']","['woman', 'stands', 'arms', 'store', 'another', 'woman', 'holds', 'camera']",0.4
"['white', 'fluffy', 'dog', 'running', 'pure', 'white', 'snow']","['fluffy', 'white', 'dog', 'running', 'snow']",4.6
"['woman', 'holding', 'newspaper']","['man', 'rollerblading', 'metal', 'bar']",0.0
"['group', 'men', 'playing', 'brass', 'instruments']","['group', 'guys', 'play', 'instruments', 'outside']",3.4
"['two', 'girls', 'shore', 'watch', 'people', 'boat', 'fish']","['two', 'males', 'one', 'red', 'one', 'white', 'playing', 'basketball', 'game']",0.0
"['snowboarder', 'jumps', 'air']","['snowboarder', 'flies', 'air']",4.0
"['white', 'dog', 'red', 'ears', 'running', 'snow']","['wet', 'black', 'dog', 'red', 'collar', 'river']",0.6000000000000001
"['little', 'girl', 'little', 'boy', 'hold', 'hands', 'shiny', 'slide']","['little', 'girl', 'paisley', 'dress', 'runs', 'across', 'sandy', 'playground']",0.4
"['kids', 'play', 'soccer', 'field']","['three', 'boys', 'playing', 'soccer', 'field']",4.2
"['man', 'jumps', 'one', 'rooftop', 'onto', 'another']","['young', 'man', 'jumps', 'one', 'balcony', 'another']",2.8
"['one', 'child', 'pulls', 'another', 'sitting', 'red', 'wagon', 'along', 'sand']","['young', 'boy', 'pulls', 'another', 'boy', 'wearing', 'silly', 'hat', 'radio', 'flyer', 'wagon']",3.4
"['owl', 'wings', 'widespread', 'day']","['bird', 'wings', 'spread', 'flies']",2.4
"['man', 'blue', 'cap', 'sitting', 'stool', 'tree']","['dog', 'standing', 'beach', 'ball', 'nearby']",0.0
"['woman', 'sings', 'microphone', 'guy', 'playing', 'guitar']","['woman', 'sings', 'microphone', 'guitar', 'player', 'background']",4.4
"['three', 'sheep', 'graze', 'grassy', 'field', 'dog', 'walking', 'behind']","['small', 'group', 'goats', 'grass', 'black', 'white', 'dog', 'backgroud']",2.8
"['cyclist', 'making', 'bike', 'jump', 'two', 'rocks']","['man', 'jumps', 'bicycle', 'air', 'two', 'rocks']",4.4
"['young', 'girl', 'pink', 'hat', 'yellow', 'building', 'background']","['young', 'girl', 'pink', 'dress', 'something', 'hand']",1.8
"['girl', 'pink', 'dress', 'rides', 'bike', 'along', 'white', 'picket', 'fence']","['girl', 'red', 'dress', 'rides', 'bike', 'front', 'white', 'fence']",4.0
"['brown', 'furry', 'animal', 'stands', 'behind', 'plants']","['dog', 'pants', 'standing', 'woods']",1.4
"['child', 'red', 'shirt', 'using', 'black', 'wake', 'board', 'splash', 'beach', 'wave']","['man', 'rowboat', 'rowing', 'across', 'blue', 'water']",1.0
"['tan', 'white', 'dog', 'running', 'field']","['brown', 'white', 'dogs', 'run', 'field']",3.4
"['two', 'teenage', 'girls', 'one', 'smiling']","['little', 'girl', 'kid', 'swing']",0.8
"['two', 'birds', 'interacting', 'grass']","['two', 'dogs', 'play', 'outdoors']",0.2
"['two', 'hikers', 'stand', 'top', 'snowy', 'mountain']","['two', 'mountain', 'climbers', 'stand', 'top', 'mountain', 'looking', 'around']",3.4
"['two', 'children', 'field', 'red', 'flowers']","['two', 'kids', 'playing', 'field', 'red', 'flowers']",4.8
"['young', 'men', 'jumps', 'rocks', 'lake']","['young', 'man', 'red', 'swimming', 'trunks', 'jumped', 'large', 'rock', 'water']",4.0
"['small', 'black', 'dog', 'grass']","['black', 'dog', 'running', 'grass']",3.6
"['lady', 'dressed', 'kimono', 'looking', 'camera']","['two', 'girls', 'dressed', 'black', 'sitting', 'room', 'making', 'suggestive', 'poses', 'camera']",1.0
"['group', 'people', 'firing', 'hot', 'air', 'balloon']","['large', 'group', 'people', 'riding', 'brown', 'white', 'horses']",0.0
"['children', 'play', 'fight', 'swords']","['child', 'parent', 'pet', 'horse']",0.0
"['man', 'wind', 'sailing', 'ocean']","['dog', 'running', 'ocean']",1.4
"['three', 'dogs', 'racing', 'dirt', 'track']","['cars', 'racing', 'dirt', 'track']",1.4
"['two', 'people', 'holding', 'hands', 'walking', 'field']","['two', 'men', 'walking', 'past', 'mural', 'car']",1.2
"['brown', 'dog', 'chases', 'frisbee']","['brown', 'dog', 'squating', 'grass']",1.6
"['woman', 'red', 'overalls', 'standing', 'sidewalk']","['woman', 'red', 'overalls', 'stands', 'sidewalk']",5.0
"['dog', 'running', 'backyard', 'full', 'leaves']","['three', 'dogs', 'run', 'field']",2.8
"['two', 'puppies', 'playing', 'around', 'grass']","['two', 'puppies', 'play', 'grass']",5.0
"['two', 'black', 'white', 'dogs', 'playing', 'together', 'outside']","['two', 'children', 'black', 'dog', 'playing', 'snow']",1.0
"['three', 'dogs', 'running', 'water']","['black', 'dog', 'running', 'water']",1.0
"['woman', 'sits', 'alone', 'brick', 'wall']","['woman', 'walking', 'red', 'bag']",1.2
"['brown', 'dog', 'carrying', 'stick', 'mouth']","['dog', 'swimming', 'stick', 'mouth']",2.6
"['young', 'woman', 'leans', 'plate', 'meal']","['young', 'woman', 'topless', 'except', 'paint', 'mud']",0.8
"['person', 'climbs', 'snowy', 'hill', 'dog', 'follows']","['person', 'climbs', 'snowy', 'hill', 'black', 'dog', 'follows']",3.8
"['brown', 'dog', 'sits', 'beach']","['dog', 'running', 'beach']",2.0
"['scuba', 'diver', 'submerged', 'water']","['scuba', 'diver', 'underwater']",5.0
"['man', 'riding', 'bike', 'dirt', 'hill']","['trick', 'bicyclist', 'grinds', 'handrail']",1.8
"['large', 'gray', 'dog', 'playing', 'deep', 'snow']","['four', 'dogs', 'playing', 'snow']",2.6
"['man', 'riding', 'bike', 'beach', 'ocean']","['man', 'walking', 'cow', 'side', 'road']",0.8
"['dog', 'car']","['dog', 'biting', 'mop']",1.0
"['dog', 'floppy', 'ears', 'walking', 'towards', 'camera', 'woods']","['child', 'front', 'reflection', 'turning', 'towards', 'camera', 'smiling']",1.2
"['brown', 'dog', 'splashing', 'water', 'everywhere', 'shaking', 'water']","['white', 'dog', 'standing', 'river', 'shaking', 'dry']",2.4
"['black', 'white', 'dog', 'running', 'beach']","['black', 'brown', 'dog', 'running', 'snow']",1.8
"['many', 'middle', 'eastern', 'people', 'sitting', 'back', 'blue', 'truck']","['group', 'people', 'riding', 'back', 'truck']",3.4
"['person', 'two', 'ski', 'poles', 'skiing', 'snowy', 'hill']","['person', 'skiing', 'snowy', 'hill']",4.2
"['woman', 'eating', 'fish', 'restaurant']","['woman', 'eating', 'large', 'fish', 'restaurant']",4.6
"['child', 'two', 'dogs', 'play', 'water']","['child', 'red', 'blue', 'floaties', 'looking', 'water']",2.2
"['skateboarder', 'trick', 'stone', 'wall']","['skateboarder', 'riding', 'slope']",2.2
"['people', 'standing', 'escalator', 'moving']","['people', 'ride', 'escalator']",4.6
"['lady', 'running', 'dog', 'agility', 'course']","['trainer', 'runs', 'dog', 'training', 'course', 'green', 'pipe']",4.2
"['white', 'brown', 'dog', 'shaking', 'ears']","['brown', 'dog', 'running', 'across', 'sand']",1.4
"['children', 'raising', 'hands', 'clapping']","['three', 'children', 'playing', 'soccer', 'sand']",0.2
"['man', 'blowing', 'large', 'bubble']","['man', 'walking', 'large', 'black', 'horse']",0.0
"['two', 'people', 'sit', 'dock', 'near', 'water']","['two', 'people', 'sit', 'end', 'dock', 'middle', 'still', 'water']",3.8
"['hockey', 'goalkeeper', 'laying', 'ice', 'front', 'net']","['hockey', 'player', 'laying', 'ice', 'front', 'goal']",4.6
"['skier', 'wearing', 'blue', 'snow', 'pants', 'flying', 'air', 'near', 'jump']","['skier', 'stands', 'hands', 'snow', 'front', 'movie', 'camera']",1.4
"['brown', 'dog', 'running', 'along', 'grassy', 'pathway']","['brown', 'dog', 'running', 'along', 'grassy', 'stretch', 'divided', 'strings']",3.4
"['girl', 'wearing', 'blue', 'striped', 'shirt', 'rollerblades']","['man', 'wearing', 'black', 'white', 'shirt', 'jumping', 'dogs', 'back']",0.0
"['tattooed', 'man', 'black', 'playing', 'white', 'guitar', 'singing']","['woman', 'black', 'white', 'coat', 'earmuffs']",0.0
"['dog', 'running', 'along', 'beach']","['boy', 'girl', 'running', 'along', 'beach']",1.4
"['young', 'man', 'woman', 'sitting', 'bench', 'outside', 'kissing']","['man', 'woman', 'sitting', 'bench', 'kissing']",4.6
"['brown', 'dog', 'jumping', 'catch', 'green', 'strap', 'mouth']","['grey', 'dog', 'jumps', 'bite', 'green', 'leash']",3.2
"['black', 'dog', 'running', 'grass']","['black', 'brown', 'dog', 'running', 'grass']",3.2
"['woman', 'sitting', 'sidewalk', 'cell', 'phone', 'ear']","['woman', 'riding', 'bicycle']",0.5
"['three', 'dogs', 'play', 'grassy', 'field']","['kids', 'play', 'field']",1.2
"['young', 'boy', 'plays', 'red', 'ball', 'pit']","['laughing', 'boy', 'lies', 'pit', 'blue', 'balls']",3.0
"['surfer', 'wave']","['surfer', 'riding', 'wave']",4.4
"['skateboarder', 'gets', 'top', 'ramp']","['skateboarder', 'rides', 'pipe', 'wall', 'skater', 'park']",2.4
"['two', 'men', 'running', 'contest']","['dogs', 'race']",1.0
"['two', 'kids', 'walking', 'path', 'woods']","['two', 'children', 'walking', 'path', 'woods']",5.0
"['brown', 'white', 'dog', 'running', 'grass']","['tan', 'black', 'dog', 'running', 'across', 'grass']",3.4
"['two', 'dogs', 'run', 'sidebyside', 'grass']","['two', 'dogs', 'running', 'grass']",4.4
"['two', 'dogs', 'peeing', 'red', 'fire', 'hydrant']","['two', 'dogs', 'urinating', 'red', 'fire', 'hydrant']",5.0
"['rugby', 'player', 'dark', 'gear', 'carrying', 'light', 'colored', 'rugby', 'ball', 'arm', 'outstretched']","['brown', 'dog', 'splashes', 'water', 'carrying', 'ball', 'mouth']",0.4
"['two', 'people', 'walking', 'water']","['two', 'girls', 'walking', 'tree', 'front', 'brick', 'building']",1.2
"['dog', 'splashing', 'water']","['dog', 'splashes', 'murky', 'water']",4.0
"['group', 'people', 'walking', 'sidewalk', 'big', 'city']","['group', 'people', 'riding', 'back', 'truck']",1.0
"['dog', 'air', 'grass']","['dog', 'laying', 'bed', 'blue', 'sheet']",1.0
"['black', 'dog', 'running', 'water']","['man', 'football', 'uniform', 'running', 'football', 'game']",0.0
"['girl', 'stands', 'subway', 'waiting', 'something']","['girl', 'stands', 'dimly', 'lit', 'area']",2.0
"['man', 'sitting', 'little', 'girl', 'park']","['man', 'playing', 'shaggy', 'little', 'dog']",0.6000000000000001
"['large', 'tan', 'dog', 'running', 'green', 'item', 'mouth']","['tan', 'dog', 'carrying', 'green', 'squeak', 'toy', 'mouth']",4.4
"['group', 'people', 'boats', 'racing', 'towards', 'shore']","['classroom', 'students', 'watching', 'presentation']",0.0
"['person', 'riding', 'skateboard', 'air', 'ramp']","['biker', 'riding', 'along', 'track', 'element', 'located', 'wooded', 'area']",0.6000000000000001
"['boy', 'skateboards', 'metal', 'handrail', 'night']","['brown', 'dog', 'runs', 'sand', 'holding', 'stick']",0.0
"['person', 'squeezing', 'opening', 'rock', 'face']","['medium', 'sized', 'brown', 'dog', 'running', 'open', 'white', 'wooded', 'area']",0.0
"['dog', 'running', 'towards', 'camera', 'ball', 'mouth']","['black', 'white', 'dog', 'swims', 'brown', 'object', 'mouth']",2.0
"['young', 'girl', 'running', 'beach']","['little', 'girl', 'running', 'shore', 'beach']",4.2
"['baseball', 'player', 'throws', 'ball']","['basketball', 'player', 'holds', 'ball']",1.6
"['man', 'swinging', 'rope', 'water']","['man', 'maroon', 'bathing', 'suit', 'swings', 'rope', 'lake']",3.0
"['young', 'girl', 'dressed', 'minnie', 'mouse', 'outfit', 'older', 'woman', 'walking', 'sidewalk']","['man', 'wearing', 'white', 'suit', 'holding', 'newspaper', 'walking', 'streets']",1.0
"['testimonies', 'real', 'health', 'experts']","['also', 'whos', 'say', 'arent', 'testimonies', 'real', 'health', 'experts']",3.0
"['captain', 'gone']","['captain', 'came', 'back']",0.8
"['problem', 'simpler']","['problem', 'simple']",3.8
"['negative', 'reconnaissance', 'requirements']","['pacific', 'requirements']",1.0
"['dropping', 'asking', 'question', 'marx']","['moving', 'ask', 'question', 'beef']",0.4
"['go', 'figure', 'youre', 'asking', 'prove', 'negative']","['youre', 'asking', 'prove', 'negative']",4.6
"['ok', 'medical', 'use']","['ok', 'medical', 'use']",5.0
"['prices', 'everything', 'need', 'gone', 'due', 'inflation']","['prices', 'everything', 'ie', 'assets', 'gone']",2.0
"['war', 'middle', 'east']","['war', 'middle', 'east']",5.0
"['originally', 'posted', 'vienna', 'authoritarian']","['originally', 'posted', 'zaf', 'give']",0.6000000000000001
"['imagine', 'place', 'thats', 'white', 'black']","['imagine', 'place', 'men', 'women']",1.0
"['theres', 'chance', 'fair', 'trial']","['chance', 'fair', 'trial']",5.0
"['nirvana', 'different', 'oblivion']","['nirvana', 'oblivion']",3.6
"['britain', 'think', 'differently', 'americans']","['originally', 'posted', 'zaf', 'britain', 'think', 'differently', 'americans']",4.0
"['answer', 'yes', 'probably', 'straight']","['answer', 'yes', 'probably', 'straight']",3.1
"['whole', 'earth', 'combined', 'produces', 'enough', 'food', 'billion', 'people']","['produce', 'enough', 'billion']",2.2
"['btw', 'appropriate', 'deferments', 'time']","['appropriate', 'deferments', 'time', 'eh']",3.2
"['hey', 'blueeyes', 'hows', 'things', 'london']","['smooches', 'ran', 'hey', 'blueeyes', 'hows', 'things', 'london']",4.4
"['news', 'broadcasts', 'seen', 'call', 'white']","['seems', 'would', 'less', 'impact', 'didnt', 'call', 'white']",2.2
"['according', 'girlfriend', 'zimmerman']","['according', 'zimmerman']",2.4
"['parents', 'told', 'bad']","['teachers', 'told', 'bad']",2.8
"['nazi', 'slang', 'term', 'nswp']","['originally', 'posted', 'odins', 'eye', 'nazi', 'slang', 'term', 'nswp']",4.6
"['oppose', 'death', 'penalty']","['support', 'death', 'penalty']",1.0
"['well', 'whatever']","['well', 'whatever', 'youre', 'aware']",2.2
"['produce', 'nothing', 'eat', 'wear', 'live']","['think', 'things', 'cant', 'eat', 'wear', 'live']",2.2
"['dickshot', 'matt', 'holliday', 'owns']","['matt', 'holliday', 'owns', 'yall']",3.8
"['people', 'exploited', 'laws']","['people', 'bent', 'laws']",2.8
"['funny', 'thought', 'thing', 'math']","['thought', 'knew', 'math']",2.2
"['years', 'neener', 'neener', 'rights', 'use', 'lettuce']","['years', 'neener', 'neener', 'rights', 'hi', 'wiggies']",2.6
"['dont', 'prefix', 'suffix', 'everything', 'hate', 'jews']","['stop', 'prefixing', 'suffixing', 'everything', 'hate', 'jews']",3.0
"['wood', 'asked', 'treesome']","['wood', 'least', 'asked', 'threesome', 'question']",4.8
"['still', 'makes', 'sense']","['makes', 'sense']",1.4
"['expensive', 'homes']","['expensive', 'cars']",1.2
"['martin', 'said', 'following']","['zimmerman', 'replied']",0.8
"['although', 'satellite', 'intensity', 'estimates', 'tafb', 'sab']","['subjective', 'dvorak', 'intensity', 'estimates', 'tafb', 'sab', 'increased', 'kt']",2.0
"['fairies', 'dont', 'exist', 'fine']","['satyrs', 'dont', 'exist', 'fine']",1.2
"['wanna', 'know', 'find', 'curious']","['thats', 'find', 'curious']",2.8
"['compare', 'homo', 'sexuaity', 'developmental', 'disorder']","['compared', 'homo', 'phobia', 'developmental', 'disorder']",2.6
"['asked', 'conservatives', 'numbers', 'skewed', 'right']","['asked', 'progressives', 'numbers', 'would', 'skewed', 'left']",2.6
"['didnt', 'mention', 'pfa', 'one', 'post']","['didnt', 'mention', 'restraining', 'order', 'either']",0.8
"['ramblin', 'rose', 'nat', 'king', 'cole', 'vessels', 'filled', 'many', 'wonders']","['eye', 'tiger', 'vessels', 'filled', 'many', 'wonders']",2.4
"['year', 'prior']","['warmedc', 'year', 'prior']",3.0
"['still', 'love', 'show']","['holy', 'poo', 'poo', 'show']",1.0
"['vast', 'properties', 'protected', 'govt']","['great', 'wealth', 'protected', 'govt']",3.2
"['fundimental', 'difference', 'please']","['fundamental', 'difference']",4.6
"['exactly', 'germany', 'punished', 'stupidity', 'ww']","['exactly', 'punished']",1.4
"['z', 'stalked', 'shot']","['claimed', 'zimmerman', 'stalked', 'shot']",3.0
"['im', 'outraged', 'im', 'disappointed']","['god', 'bless', 'im', 'outraged', 'im', 'disappointed']",5.0
"['never', 'got', 'first', 'place']","['money', 'come', 'first', 'place']",0.8
"['freedom', 'speech', 'consequences']","['freedom', 'speech', 'consequences', 'free']",2.11111111111111
"['parents', 'told', 'bad']","['teachers', 'told', 'bad']",2.8
"['could', 'kill', 'one', 'person', 'save', 'four', 'would']","['would', 'kill', 'person', 'save', 'idea']",2.0
"['imposing', 'morals']","['imposing', 'law']",1.1
"['depends', 'define', 'extreme']","['depends', 'define', 'extreme']",5.0
"['least', 'mexico', 'presence', 'california']","['mexico', 'zero', 'claim', 'california']",1.2
"['yes', 'read', 'bible', 'learn', 'christianity']","['personally', 'would', 'read', 'bible', 'learn', 'christianity']",3.0
"['ah', 'ha', 'ha', 'ha', 'ha', 'ha']","['ha', 'ha', 'ha', 'ha', 'ha', 'ha']",4.5
"['thats', 'youre', 'yelling', 'refusing', 'answer', 'questions']","['still', 'refusing', 'answer', 'questions']",3.4
"['much', 'regulation', 'little']","['much', 'intervention', 'free', 'markets', 'little']",3.8
"['human', 'element', 'could', 'sign', 'lance', 'berkman', 'end', 'year', 'guess']","['could', 'sign', 'lance', 'berkman', 'end', 'year', 'guess']",4.0
"['book', 'thomas', 'left', 'canon']","['would', 'addition', 'jesus', 'words', 'left', 'canon']",2.6
"['mean', 'believe', 'word', 'mainstream', 'media']","['mean', 'believe', 'word', 'springhallconvert']",1.8
"['meant', 'explore']","['meant', 'move']",2.4
"['israel', 'doesnt', 'give', 'accept']","['israel', 'doesnt', 'giva', 'anybody', 'else', 'thinks']",3.4
"['vessels', 'filled', 'many', 'wonders']","['want', 'rock', 'roll', 'kiss', 'vessels', 'filled', 'many', 'wonders']",3.4
"['slutstamp', 'dear', 'friend', 'ohio', 'sent']","['dear', 'friend', 'ohio', 'sent']",3.6
"['yet', 'titanic', 'story', 'one', 'holds', 'scrutiny', 'evidence']","['new', 'study', 'shows', 'titanic', 'story', 'stand', 'scrutiny', 'imo']",1.6
"['really', 'make', 'mone', 'google', 'ad', 'sense']","['makes', 'money', 'google', 'ad', 'sense']",3.2
"['know', 'video', 'doesnt', 'show', 'gas', 'chamber']","['bottom', 'line', 'video', 'clip', 'doesnt', 'show', 'gas', 'chamber']",4.6
"['warm', 'maybe', 'record']","['warmer', 'almost', 'certainly', 'record']",4.4
"['bright', 'scatterbrained', 'becomes', 'treat', 'drugs']","['opinionated', 'stubborn', 'becomes', 'treat', 'drugs']",2.2
"['definition', 'life']","['whats', 'definition', 'nature']",1.2
"['could', 'lot', 'things']","['could', 'simple', 'mistake']",2.2
"['extortion', 'bribery', 'money', 'involved', 'hes', 'asking', 'money', 'vote']","['extortion', 'bribery', 'money', 'involved', 'class', 'e', 'felonies']",3.8
"['dr', 'neanders', 'revised', 'version']","['neanders', 'revised', 'version']",4.0
"['tell', 'feel']","['wait', 'see', 'goes']",2.2
"['atlantic', 'requirements']","['pacific', 'requirements']",0.8
"['remains', 'missile', 'pentagon']","['witnesses', 'missile', 'pentagon']",2.6
"['jane', 'wants', 'ask', 'helpful', 'party', 'guest', 'pay']","['cant', 'believe', 'asking', 'ask', 'helpful', 'party', 'guest', 'money']",2.2
"['woman', 'wants', 'birth', 'control', 'get']","['woman', 'wants', 'abortion', 'get', 'one']",1.6
"['legal', 'grow']","['yes', 'legal', 'grow']",2.6
"['pressing', 'one', 'english']","['pressing', 'one', 'send', 'tone']",1.8
"['whats', 'opinion', 'regarding', 'series']","['opinion', 'firefly', 'interim']",2.8
"['vessels', 'filled', 'many', 'wonders']","['chuck', 'close', 'vessels', 'filled', 'many', 'wonders']",3.6
['supporters'],"['definently', 'supporters']",2.0
"['okay', 'ultimate', 'sovereignty']","['thus', 'ultimate', 'sovereignty']",2.2
['answer'],['answer'],4.8
"['nazis', 'increases', 'longevity', 'handgun', 'permit', 'years']","['nazis', 'lowered', 'minimum', 'age', 'buy', 'firearm']",2.2
"['cant', 'without', 'help']","['cant', 'without']",3.6
"['healthy', 'person', 'needs', 'gambling']","['healthy', 'person', 'needs', 'sex']",1.4
"['said', 'wasnt', 'person', 'legal', 'sense']","['isnt', 'person', 'wtf']",2.0
"['see', 'obama', 'calling', 'regulation', 'reform']","['see', 'obama', 'calling', 'cut', 'cap', 'balance']",1.8
"['leprechauns', 'dont', 'exist', 'fine']","['elves', 'dont', 'exist', 'fine']",3.0
"['got', 'heine', 'coors', 'light', 'started', 'last', 'night', 'xanis']","['started', 'last', 'night', 'xanis']",2.0
"['iran', 'also', 'signed', 'npt', 'iaea']","['gotta', 'love', 'ek', 'factoid', 'iran', 'also', 'signed', 'npt', 'iaea']",4.2
"['gorgons', 'dont', 'exist', 'fine']","['satyrs', 'dont', 'exist', 'fine']",2.0
"['best', 'way', 'get', 'money', 'get', 'rid', 'lobby']","['best', 'way', 'turn', 'head', 'get', 'money']",3.0
"['years', 'neener', 'neener', 'rights', 'usually', 'get', 'pretty', 'decent', 'care']","['years', 'neener', 'neener', 'rights', 'crack', 'ups']",3.4
"['dutchy', 'anyone', 'heard', 'dutchy']","['nickfun', 'anyone', 'heard', 'dutchy']",3.6
"['commodity', 'expanded', 'valueform']","['elementary', 'commoditycapital', 'valueform']",3.6
['christian'],"['therefore', 'christian']",1.4
"['simple', 'fact', 'today']","['repeat', 'simple', 'fact', 'today']",4.0
"['morals', 'absolutely', 'nothing']","['morals', 'honesty', 'everything']",2.0
"['oh', 'youre', 'good', 'person']","['youre', 'bad', 'person']",1.8
"['fern', 'think', 'stories', 'like', 'stupid']","['wolf', 'think', 'stories', 'like', 'stupid']",3.6
"['cyclone', 'formation', 'expected', 'next', 'hours']","['tropical', 'cyclone', 'formation', 'expected']",3.4
"['understand', 'string', 'words', 'means']","['understand', 'word', 'led', 'implies']",1.2
"['freedom', 'religion']","['freedom', 'speech']",1.2
"['originally', 'posted', 'solinvictus', 'messahe', 'scriptures', 'oneness']","['originally', 'posted', 'solinvictus', 'ah']",2.4
"['long', 'obliteration', 'kid', 'return', 'school']","['long', 'obliteration', 'longer', 'bother', 'kid']",3.0
"['man', 'woman', 'different', 'yes']","['men', 'women', 'different', 'yes']",3.4
"['double', 'jeopardy', 'actually', 'enforces', 'jury', 'nullification']","['far', 'legality', 'goes', 'use', 'jury', 'nullification']",2.2
"['facilitator', 'show', 'smart', 'child']","['facilitator', 'dumb', 'child']",1.0
"['religious', 'fiction', 'isnt', 'redundant', 'repetetive']","['isnt', 'redundant', 'repetetive']",3.2
"['originally', 'posted', 'anabelle', 'whats', 'wrong']","['originally', 'posted', 'vienna', 'say']",0.0
"['cracklin', 'rosie', 'neil', 'diamond', 'vessels', 'filled', 'many', 'wonders']","['jingle', 'bell', 'rock', 'bobby', 'helm', 'vessels', 'filled', 'many', 'wonders']",1.6
"['people', 'complete', 'confidence', 'people', 'running', 'institutions']","['people', 'confidence', 'teh', 'people', 'running', 'institutions']",1.6
"['loose', 'change', 'started', 'work', 'fiction']","['finished', 'work', 'fiction']",2.2
"['wasnt', 'life', 'would', 'able', 'born']","['wasnt', 'alive', 'would', 'miscarriage']",3.0
"['gl', 'terral', 'absolutely', 'amazing']","['hi', 'ollie', 'absolutely', 'amazing']",2.4
"['lets', 'assume', 'white', 'black']","['imagine', 'place', 'thats', 'white', 'black']",3.77777777777778
"['freedom', 'speech', 'consequences']","['freedom', 'speech', 'consequences', 'free']",2.11111111111111
"['fairies', 'dont', 'exist', 'fine']","['leprechauns', 'dont', 'exist', 'fine']",1.0
"['state', 'theyre', 'true']","['please', 'true']",3.2
"['talking', 'anything']","['even', 'worse', 'talking', 'anything']",2.8
"['nukes', 'mean', 'wanting', 'use', 'nukes']","['using', 'nukes', 'means', 'wanting', 'use', 'nukes']",1.4
"['niece', 'married', 'black', 'man']","['great', 'niece', 'half', 'black']",1.4
"['uk', 'population', 'million']","['japanese', 'population', 'nearly', 'million']",1.0
"['shot', 'sheriff', 'vessels', 'filled', 'many', 'wonders']","['vessels', 'filled', 'many', 'wonders']",3.4
"['hope', 'nothing']","['hope', 'everything', 'ok']",2.0
"['money', 'spent', 'adopting', 'velociraptor']","['may', 'top', 'money', 'spent', 'adopting', 'velociraptor']",4.2
"['actually', 'believe', 'every', 'word', 'terral', 'wrote']","['gl', 'terral', 'hi', 'corn', 'actually', 'believe', 'every', 'word', 'terral', 'wrote']",4.2
"['isnt', 'sold']","['sold', 'gb']",1.6
"['know', 'id', 'hate']","['id', 'hate']",4.4
['weapons'],"['course', 'weapons']",4.6
"['stupid', 'true']","['amusing', 'think', 'even', 'might', 'true']",3.0
"['personal', 'responsibility', 'much']","['personal', 'responsibility']",4.4
"['notice', 'nonsensical', 'things', 'saying']","['fair', 'notice', 'nonsensical', 'things', 'saying']",4.57142857142857
"['guess', 'pulled', 'censuss', 'rear', 'end', 'top', 'hat']","['census', 'rear', 'end', 'top', 'hat']",2.6
"['slanted', 'bush']","['slant', 'bush']",4.4
"['wasnt', 'bollocks', 'wouldnt', 'homeopathy']","['thats', 'simple', 'logic', 'wasnt', 'bollocks', 'wouldnt', 'homeopathy']",4.8
"['ive', 'never', 'accused', 'overmilligraming', 'nothing']","['ive', 'never', 'accused', 'doctoring', 'baseball']",0.4
"['bailout', 'bigger', 'tarp', 'bloomberg', 'news']","['bailout', 'bigger', 'tarp', 'title', 'misleading']",3.8
"['parents', 'told', 'bad']","['officers', 'told', 'bad']",2.0
"['position', 'individuals', 'risk', 'assume']","['position', 'way', 'currently']",1.0
"['atlantic', 'requirements']","['pacific', 'requirements']",0.8
"['read', 'never', 'met', 'anyone', 'proabortion']","['never', 'met', 'anyone', 'proabortion']",4.8
"['problem', 'money']","['many', 'problems', 'men', 'way', 'many', 'state']",0.2
"['nixon', 'ford', 'carter', 'shut', 'oilfields']","['shut', 'oil', 'fields']",2.0
"['dont', 'want', 'president', 'cares']","['dont', 'want', 'president', 'charasmatic']",1.0
"['doesnt', 'braindead']","['dont', 'proposed', 'model']",0.0
"['missile', 'evidence']","['missile', 'witnesses']",3.2
"['teachers', 'told', 'bad']","['officers', 'told', 'bad']",2.2
"['gosh', 'im', 'one', 'pregnancy', 'ticker']","['pregnancy', 'ticker']",4.2
['omnipotent'],['malevolent'],1.4
"['tin', 'foil', 'hat', 'dog', 'face', 'size', 'u', 'wear']","['tin', 'foil', 'hat', 'sarg', 'size', 'u', 'wear']",3.0
"['like', 'year', 'old', 'shot', 'dead', 'marijuanarelated', 'crime']","['year', 'old', 'boy', 'shot', 'dead', 'automatic', 'weapons', 'marijuana', 'dealers']",4.2
"['leap', 'make', 'hit', 'youre', 'getting', 'penalty']","['stick', 'hits', 'guy', 'face', 'youre', 'getting', 'penalty']",2.6
"['electrical', 'energy', 'comes', 'battery']","['electrical', 'energy', 'ultimately', 'comes', 'alternator']",2.4
"['know', 'many', 'passengers', 'testified', 'said']","['many', 'passengers', 'said', 'saw', 'iceberg']",2.4
"['imagine', 'place', 'men', 'women']","['imagine', 'place', 'thats', 'white', 'black']",1.6
"['scenario', 'assumes', 'co', 'growth', 'rate', 'accelerates', 'yr']","['assumes', 'methane', 'growth', 'rate', 'accelerates', 'yr']",1.75
"['actually', 'showed', 'cooling', 'trend', 'since', 'due', 'recent', 'decline']","['get', 'cooling', 'trend', 'recent', 'decline']",4.6
"['vessels', 'filled', 'many', 'wonders']","['landon', 'memory', 'cats', 'vessels', 'filled', 'many', 'wonders']",3.0
"['repeat', 'sovereign']",['sovereign'],4.5
"['touch', 'completely', 'untrustworthy', 'however', 'wouldnt']","['touch', 'untrustworthy']",4.25
"['mostly', 'dutch']","['fact', 'dutch']",3.6
"['talking', 'angels', 'common', 'pins', 'right']","['lustig', 'andrei', 'talking', 'angels', 'common', 'pins', 'right']",4.8
"['claims', 'trayvons', 'character']","['slanted', 'blogs']",2.6
"['much', 'money', 'pp', 'take', 'abortion', 'services']","['much', 'spent', 'abortions', 'services']",2.6
"['transaction', 'take', 'place']","['transaction', 'take', 'place']",2.4
"['egg', 'cell', 'postfertilization']","['sperm', 'cell']",2.4
"['lacey', 'welcome', 'back']","['anyway', 'welcome', 'back']",4.0
"['factchecking', 'dont', 'know', 'anyone', 'making', 'fuss', 'bet']","['dont', 'know', 'anyone', 'making', 'fuss', 'bet']",4.4
"['havent', 'made', 'claims', 'say']","['havent', 'made', 'claims']",2.4
"['thatcherite', 'ever', 'call', 'libertarian']","['ergo', 'offends', 'thatcherites', 'call', 'libertarian']",2.4
"['problem', 'isnt', 'money']","['problem', 'doesnt', 'money']",2.46666666666667
"['actually', 'believe', 'iceberg', 'waters']","['dont', 'believe', 'iceberg', 'anywhere', 'near', 'titanic']",2.8
"['astros', 'orioles', 'bad', 'gameday', 'orioles', 'game', 'frozen']","['gameday', 'orioles', 'game', 'frozen']",3.0
"['alot', 'cops', 'take', 'presciption', 'drugs']","['alot', 'inventors', 'writers', 'take', 'prescription', 'drugs']",2.4
"['tell', 'us', 'charges']","['yes', 'charges']",4.0
"['partial', 'psychopaths']","['ted', 'bundy', 'partial', 'psychopath']",1.8
"['ignore', 'history', 'doomed', 'repeat']","['ooo', 'strike', 'two', 'ignore', 'history', 'doomed', 'repeat']",4.2
"['war', 'deployment']","['official', 'deployment']",2.4
"['nutrax', 'plural', 'anecdote', 'data', 'gentlemen', 'need', 'chaperones']","['nutrax', 'plural', 'anecdote', 'data']",3.6
"['alright', 'got']","['well', 'alright', 'got']",4.0
"['h', 'read', 'books', 'thought', 'movie', 'moved', 'quickly']","['havent', 'read', 'books', 'saw', 'movie', 'today']",3.0
"['thats', 'moloch', 'scene', 'though']","['moloch', 'scene']",2.4
"['lustig', 'andrei', 'lyndon', 'johnson', 'john', 'kennedy', 'compatible']","['edgarblythe', 'lyndon', 'johnson', 'john', 'kennedy', 'compatible']",4.4
"['need', 'make', 'mind']","['need', 'polish', 'logic', 'skills']",0.6000000000000001
"['one', 'walks', 'home', 'afterwards', 'goes', 'sleep']","['one', 'three', 'walks', 'home', 'beats', 'wife']",1.4
"['admin', 'drpizza', 'id', 'forgotten', 'whiny', 'little', 'bed', 'wetter']","['id', 'forgotten', 'whiny', 'little', 'bed', 'wetter']",3.8
"['argument', 'albert', 'einstein', 'didnt', 'go', 'college']","['omg', 'einstein', 'didnt', 'go', 'college']",4.2
"['capital', 'gains', 'top', 'rate', 'percent']","['income', 'tax', 'top', 'rate', 'percent']",2.4
"['bienging', 'unaccptable']","['drunk', 'unacceptable']",1.0
"['hasnt', 'funny', 'years']","['hasnt', 'funny', 'since', 'larry', 'bud', 'melman', 'show']",3.4
"['universe', 'explanation', 'existence', 'explanation', 'god']","['therefore', 'universe', 'explanation', 'existence']",2.4
"['get', 'return', 'fighting']","['get', 'return', 'fighting']",5.0
"['wouldnt', 'stop', 'joke', 'marriages']","['dont', 'fight', 'marriage']",1.2
"['jews', 'would', 'call', 'jews']","['catholics', 'would', 'call', 'catholics']",2.2
"['great', 'lady']","['nice', 'lady']",4.0
"['hes', 'wealthy', 'hes', 'successful']","['hate', 'people', 'successful']",0.8
['irritated'],"['seem', 'irritated', 'henry']",1.75
"['common', 'sensedeductive', 'reasoning', 'thing']","['hilited', 'common', 'sensedeductive', 'reasoning', 'thing']",2.5
"['already', 'muslim', 'office', 'right']","['cryptolutheran', 'christian', 'office', 'right']",0.8
"['said', 'ever', 'part', 'workforce']","['ann', 'romney', 'never', 'get', 'part', 'workforce']",3.4
"['dreamtech', 'never', 'ejaculated', 'far', 'know']","['never', 'ejaculated', 'far', 'know']",3.0
"['didnt', 'say', 'gotten', 'soft', 'since', 'rand']","['said', 'gotten', 'soft']",1.2
"['believe', 'getting', 'expect']","['times', 'time', 'getting', 'expect']",3.8
"['despicable', 'ben', 'stop', 'trying', 'find', 'excuses', 'man']","['ben', 'stop', 'trying', 'find', 'excuses', 'man']",4.4
"['unless', 'different', 'different', 'countries']","['short', 'form', 'yes', 'probably', 'different', 'different', 'countries']",3.6
"['new', 'study', 'support', 'claim']","['physical', 'evidence', 'support', 'claim']",2.2
"['said', 'every', 'level']","['said', 'every', 'level']",4.6
"['morals', 'exist', 'technically', 'nothing', 'morally', 'wrong']","['ask', 'god', 'exist', 'anything', 'morally', 'wrong']",2.2
"['thought', 'mostly', 'dutch']","['mostly', 'dutch']",4.0
"['toyland', 'johnny', 'mathis', 'vessels', 'filled', 'many', 'wonders']","['eye', 'tiger', 'vessels', 'filled', 'many', 'wonders']",3.2
"['lets', 'let', 'play', 'court']","['nothing', 'stopping', 'thing', 'playing', 'court']",3.8
"['gang', 'isnt', 'crime']","['commiting', 'crime', 'gang', 'crime']",1.8
"['id', 'offer', 'iran', 'deal']","['chuck', 'id', 'offer', 'iran', 'deal']",4.2
"['yes', 'different']","['opinions', 'different']",1.2
"['imposing', 'morals']","['imposing', 'law']",1.1
"['annie', 'ever', 'used', 'sexuality', 'like']","['one', 'word', 'zombies', 'annie', 'ever', 'used', 'sexuality', 'like']",3.8
"['pure', 'communism', 'two', 'cows']","['libertariananarchocapitalism', 'two', 'cows']",2.4
"['put', 'scientists', 'pedestal']","['people', 'like', 'put', 'scientist', 'pedestal']",3.4
"['trying', 'hide']","['asked', 'trying', 'hide']",3.6
"['would', 'make', 'partially', 'responsible', 'death']","['would', 'make', 'sort', 'accessory', 'think']",3.0
"['would', 'like', 'pay', 'others', 'health', 'care']","['would', 'like', 'wear', 'seatbelt']",0.0
['sovereign'],"['repeat', 'sovereign']",4.4
"['dont', 'see', 'obama', 'lesser', 'two', 'evils']","['dont', 'see', 'evil']",2.0
"['one', 'jim', 'croce', 'vessels', 'filled', 'many', 'wonders']","['vessels', 'filled', 'many', 'wonders']",3.2
"['point', 'unarmed', 'child', 'murdered']","['point', 'unarmed', 'child', 'murdered', 'black']",3.4
"['zimmerman', 'replied']","['martin', 'said', 'following']",0.9
"['irreligion', 'problem']","['religion', 'doesnt', 'dont', 'problem']",1.6
"['im', 'angry', 'show', 'one', 'scans']","['im', 'hyper', 'active', 'show', 'one', 'scans']",3.2
"['want', 'buy', 'billion', 'xyz', 'inc', 'common', 'stock', 'cares']","['want', 'buy', 'house', 'suv', 'cares']",1.4
"['billion', 'everyone', 'world', 'mexicos', 'current', 'prosperity', 'level']","['everyone', 'world', 'current', 'prosperity', 'level', 'northwest', 'africa']",1.53333333333333
"['answer', 'yes', 'probably', 'straight']","['answer', 'yes', 'probably', 'straight']",3.1
"['sometimes', 'fantasize', 'power']","['sometimes', 'fantasise', 'bending', 'people', 'demented']",4.2
"['parents', 'told', 'bad']","['sheriff', 'told', 'bad']",2.8
"['atlas', 'shrugged', 'also', 'stellar', 'performer', 'terms', 'blithering', 'idiocy']","['also', 'stellar', 'performer', 'terms', 'blithering', 'idiocy']",3.6
"['would', 'martin', 'know', 'case']","['would', 'martin', 'anyone', 'else', 'know', 'intentions', 'based', 'actions']",2.4
"['regulation', 'get', 'government', 'everything']","['get', 'government', 'everything']",2.4
"['common', 'sensedeductive', 'reasoning', 'thing']","['hilited', 'common', 'sensedeductive', 'reasoning', 'thing']",2.5
"['yes', 'ive', 'assumed', 'packaging', 'would', 'recyclable', 'argument']","['ive', 'assumed', 'well', 'argument']",2.8
"['jury', 'nullification', 'mean', 'law', 'unconstuitutional']","['jury', 'nullification', 'means', 'law', 'isnt', 'constitutional']",3.6
"['bunch', 'cells']","['im', 'bunch', 'cells']",2.2
"['manns', 'work', 'math']","['manns', 'work', 'hs', 'tree', 'rings']",1.6
"['im', 'sorry', 'hear', 'kelly']","['im', 'sorry', 'kelly']",4.0
"['dont', 'like', 'flavored', 'beers']","['dont', 'like', 'many', 'flavored', 'drinks']",3.0
"['hope', 'everything', 'ok']","['hope', 'lo', 'ok']",1.6
"['woman', 'wants', 'birth', 'control', 'get']","['woman', 'wants', 'abortion', 'get', 'one']",1.6
"['wish', 'see', 'hitler', 'killing', 'jews']","['see', 'hitler', 'killing', 'jews']",4.6
"['im', 'friend', 'mitt']","['good', 'friend', 'mitt']",4.0
"['means', 'option']","['doesnt', 'mean', 'bad', 'option']",1.6
"['think', 'need', 'reread', 'wrote']","['need', 'reread', 'wrote']",5.0
"['lets', 'assume', 'white', 'black']","['imagine', 'place', 'thats', 'white', 'black']",3.77777777777778
"['mom', 'busted', 'said', 'whats', 'noise']","['kids', 'busted', 'said', 'whats', 'dad']",1.8
"['best', 'kutte', 'exfiance', 'wouldnt', 'use', 'va', 'navy', 'doctors']","['jay', 'exfiance', 'wouldnt', 'use', 'va', 'navy', 'doctors']",3.6
"['holder', 'filed', 'threepage', 'letter']","['judges', 'orders', 'threepage', 'letter', 'filed']",2.8
"['lustig', 'andrei', 'lustig', 'agreed']","['lustig', 'andrei', 'thank', 'lustig']",2.2
"['eclipses', 'old', 'record', 'set']","['breaks', 'daily', 'record', 'set']",4.8
"['zimmerman', 'replied']","['martin', 'said', 'following']",0.9
"['dont', 'know', 'legitimate', 'heard', 'hes', 'kind', 'suicidal']","['dont', 'know', 'legitimate', 'yeah']",1.6
"['council', 'tax', 'hasnt', 'council', 'tax', 'frozen', 'people']","['hasnt', 'council', 'tax', 'frozen', 'people']",4.8
"['schtick', 'getting', 'stale']","['misogyny', 'getting', 'messy']",0.4
['works'],"['nah', 'thats', 'works']",1.6
"['breathe', 'breathe', 'move']","['buwhahahaha', 'breathe', 'breathe', 'move']",4.4
"['wait', 'become', 'consistent', 'closer', 'together']","['wait', 'contractions', 'get', 'stronger', 'closer', 'together']",3.8
"['obama', 'extreme', 'leftwing']","['obama', 'part', 'extreme', 'leftwing']",4.8
"['frank', 'apisa', 'want', 'call']","['cyracuz', 'want', 'call']",2.5
"['jury', 'nullification', 'nothing', 'constitutionality', 'laws']","['jury', 'nullification', 'means', 'law', 'isnt', 'constitutional']",2.6
"['conviction', 'talking']","['conviction', 'would']",4.4
"['actually', 'read', 'op', 'guess', 'found']","['furthermore', 'found', 'actually', 'read', 'op', 'guess', 'found']",4.6
"['government', 'determine', 'married']","['government', 'doesnt', 'declare', 'married', 'married']",3.6
"['democracy', 'threat', 'liberty']","['democracy', 'nothing', 'liberty']",1.8
"['hi', 'pro', 'corn', 'many', 'threads', 'plan', 'making']","['many', 'threads', 'plan', 'making']",4.0
"['tell', 'exactly', 'system', 'isnt', 'working', 'right']","['system', 'isnt', 'working', 'us']",4.0
"['oh', 'asserts', 'marriage', 'fundamental', 'human', 'right']","['particularly', 'stating', 'marriage', 'fundamental', 'human', 'right']",4.0
"['russians', 'damascus']","['russians', 'damascus']",4.2
"['yes', 'dilution']","['er', 'thats', 'dilution', 'works']",1.8
"['yeah', 'dont', 'think', 'controversial', 'either']","['dont', 'think', 'shes', 'saying', 'controversial']",3.8
"['operation', 'chaos', 'merely', 'people', 'voting']","['chaos', 'merely', 'people', 'voting']",4.0
"['originally', 'posted', 'jond', 'doubtful']","['originally', 'posted', 'eleanorellis']",1.2
"['classical', 'gas', 'vessels', 'filled', 'many', 'wonders']","['theme', 'song', 'cheers', 'vessels', 'filled', 'many', 'wonders']",3.0
"['repeat', 'sovereign']",['sovereign'],4.5
"['morals', 'absolutely', 'nothing']","['morals', 'honesty', 'everything']",2.0
"['conversations', 'cornell', 'west', 'dear', 'brother']","['conversations', 'cornell', 'west', 'hell']",3.0
"['war', 'middle', 'east']","['war', 'middle', 'east']",4.6
"['intention', 'apprehending']","['didnt', 'say', 'planned', 'apprehending']",2.4
"['vessels', 'filled', 'many', 'wonders']","['put', 'little', 'love', 'heart', 'vessels', 'filled', 'many', 'wonders']",3.6
"['youre', 'bunch', 'cells']","['im', 'bunch', 'cells']",2.4
"['girl', 'douche']","['girl', 'douche']",1.4
"['jury', 'nullification', 'means', 'law', 'isnt', 'constitutional']","['jury', 'nullification', 'mean', 'law', 'unconstuitutional']",2.0
"['definitely', 'used']","['voted', 'voted', 'definitely', 'used']",4.0
"['onus', 'manufacturer', 'product', 'convince', 'consumers', 'safe']","['manufacturer', 'convince', 'government', 'safe']",3.4
"['think', 'missing', 'point', 'entrepreneurs']","['think', 'missing', 'point', 'twain', 'quote']",0.8
"['cyclopes', 'dont', 'exist', 'fine']","['goblins', 'dont', 'exist', 'fine']",1.6
"['mental', 'illness', 'teaching']","['stated', 'mental', 'illness', 'bigotry']",1.6
"['landon', 'christmas', 'vessels', 'filled', 'many', 'wonders']","['play', 'fire', 'vessels', 'filled', 'many', 'wonders']",1.8
"['bush', 'gets', 'zero', 'credit', 'budget']","['obama', 'gets', 'zero', 'credit', 'budget']",1.8
"['sinful', 'people', 'get', 'heaven']","['sin', 'removed', 'upon', 'entry', 'heaven']",1.8
"['long', 'obliteration', 'kid', 'return', 'school']","['long', 'obliteration', 'longer', 'bother', 'kid']",3.0
"['holly', 'holy', 'vessels', 'filled', 'many', 'wonders']","['say', 'vessels', 'filled', 'many', 'wonders']",3.8
"['answer', 'chicago']","['response', 'california']",1.2
"['entire', 'thing', 'makes', 'sense']","['see', 'makes', 'sense']",4.2
"['supposedly', 'operated', 'homicidal', 'gas', 'chambers']","['refresh', 'memory', 'supposedly', 'operated', 'homicidal', 'gas', 'chambers']",4.8
"['therefore', 'explanation', 'existence', 'universe', 'god']","['universe', 'explanation', 'existence', 'explanation', 'god']",3.6
"['genetic', 'predisposition', 'cancer', 'resistance', 'superior', 'genetics']","['genetic', 'predisposition', 'alzheimer', 'inferior', 'genetics']",1.4
"['notice', 'nonsensical', 'things', 'saying']","['fair', 'notice', 'nonsensical', 'things', 'saying']",4.57142857142857
"['use', 'force', 'defense', 'persona']","['use', 'force', 'aggressor']",1.2
"['thats', 'data', 'available', 'shows']","['thats', 'historical', 'record', 'shows']",3.6
"['joy', 'world', 'vessels', 'filled', 'many', 'wonders']","['theme', 'song', 'cheers', 'vessels', 'filled', 'many', 'wonders']",3.0
"['thought', 'mostly', 'dutch']","['fact', 'dutch']",2.6
"['ive', 'watched', 'kids', 'play']","['like', 'watching', 'kids', 'play']",2.2
"['david', 'omsigdavid', 'think', 'santorums', 'likely', 'gingrich']","['sozobe', 'think', 'santorums', 'likely', 'gingrich']",4.8
"['theyre', 'looking']","['looking', 'like']",2.8
"['driving', 'one']","['driving', 'fucking', 'volt']",2.6
"['religion', 'problem']","['irreligion', 'doesnt', 'dont', 'problem']",1.4
"['think', 'hed', 'better', 'american', 'business', 'interests', 'overall']","['would', 'better', 'american', 'society']",1.6
"['constitutional', 'issue']","['constitutional', 'issue']",4.4
"['foolsbought', 'coveruphook']","['hi', 'eots', 'foolsbought', 'coveruphook']",4.2
"['pressing', 'number', 'one']","['pressing', 'number', 'one', 'english']",1.6
"['conviction', 'would']","['conviction', 'talking']",4.4
"['originally', 'posted', 'spikdboy', 'wishful', 'thinking', 'rather', 'realistic']","['originally', 'posted', 'objectivism', 'wishful', 'thinking', 'rather', 'realistic']",3.8
"['trillionth', 'time', 'ive', 'never', 'said', 'rehabilitation', 'doesnt', 'work']","['point', 'quote', 'say', 'never', 'said', 'rehabilitation', 'could', 'never', 'work']",3.4
"['charlie', 'rangel', 'censured', 'anyone', 'see', 'footage']","['anyone', 'see', 'footage']",3.0
"['red', 'october', 'standing']","['red', 'fox', 'standing']",2.0
"['thats', 'legal', 'briefs', 'written']","['isnt', 'legal', 'reasoning', 'works']",3.2
"['none', 'factors', 'account', 'recent', 'warming']","['dont', 'know', 'factors', 'account', 'warming']",3.0
"['stone', 'notified', 'captain', 'lord']","['notified', 'captain', 'lord']",3.4
"['primary', 'focus', 'systematic', 'dialectics', 'syn', 'chronic', 'dia', 'chronic']","['thus', 'meta', 'system', 'atic', 'dialectic', 'diachronico', 'synchronic', 'dialectic']",2.2
"['driving', 'one']","['driving', 'fucking', 'volt']",2.6
"['happening', 'gop', 'controlled', 'states']","['michigan', 'gop', 'controlled', 'state']",0.8
"['foxe', 'basin', 'frozen']","['foxe', 'mostly', 'frozen']",4.2
"['frank', 'apisa', 'frank', 'observe', 'perceive']","['cicerone', 'imposter', 'frank', 'observe', 'perceive']",4.2
"['government', 'deciding', 'pregnancies', 'need', 'carried', 'term', 'thats', 'fine']","['government', 'spying', 'citizens', 'thats', 'fine']",1.2
"['put', 'little', 'love', 'heart', 'vessels', 'filled', 'many', 'wonders']","['landon', 'christmas', 'vessels', 'filled', 'many', 'wonders']",2.8
"['higher', 'per', 'cent', 'high']","['lower', 'per', 'cent', 'low']",1.0
"['isnt', 'sold']","['sold', 'gb']",1.6
"['god', 'definately', 'exist']","['god', 'probably', 'exist']",2.6
"['breathe', 'breathe', 'move']","['buwhahahaha', 'breathe', 'breathe', 'move']",4.4
"['excellent', 'indicator', 'climate', 'change']","['think', 'agree', 'nature', 'change']",2.0
"['great', 'thing', 'living', 'theres', 'space']","['bad', 'thing', 'theres', 'space']",1.8
"['ah', 'ha', 'ha', 'ha', 'ha', 'ha']","['ha', 'ha', 'ha', 'ha', 'ha', 'ha']",4.5
"['dont', 'understand', 'freedom', 'speech', 'prohibited']","['freedom', 'speech', 'prohibited', 'today']",3.8
"['question', 'needs', 'asked']","['question', 'needs', 'answered']",3.2
"['purport', 'value', 'life', 'heavily']","['purport', 'value', 'human', 'life', 'highly']",2.8
"['infestation', 'posts']","['mosquitoes', 'posts']",1.8
"['dont', 'want', 'president', 'cares']","['dont', 'want', 'president', 'compassionate']",4.6
"['anything', 'make', 'less', 'compelling']","['anything', 'make', 'compelling']",2.4
"['trillionth', 'time', 'ive', 'never', 'said', 'rehabilitation', 'doesnt', 'work']","['point', 'quote', 'say', 'never', 'said', 'rehabilitation', 'could', 'never', 'work']",3.4
"['classical', 'gas', 'vessels', 'filled', 'many', 'wonders']","['time', 'season', 'zombies', 'vessels', 'filled', 'many', 'wonders']",2.4
"['peeve', 'agree', 'came', 'essentially', 'freefall']","['agree', 'came', 'essentially', 'freefall']",4.0
"['prolife', 'people', 'want', 'woman', 'able', 'choose', 'abortion']","['prochoice', 'people', 'try', 'force', 'abortion', 'anyone']",1.0
"['answer', 'question']","['stop', 'avoiding', 'question']",3.4
"['haiti', 'shithole']","['haiti', 'shithole']",4.2
"['absolutely', 'believe', 'iceberg', 'waters']","['dont', 'believe', 'iceberg', 'anywhere', 'near', 'titanic']",1.2
"['face', 'franchise', 'worst', 'part', 'hes', 'even', 'leafs', 'fan']","['worst', 'part', 'hes', 'even', 'leafs', 'fan']",4.4
"['agree', 'completely', 'hoping', 'second', 'term', 'office']","['hoping', 'second', 'term', 'office']",4.0
"['jake', 'assist']","['voracek', 'goal']",0.4
"['possible', 'home', 'affected', 'school']","['sure', 'possible', 'home', 'affected', 'school']",3.2
"['people', 'awakened']","['people', 'awakened']",4.2
"['umm', 'california', 'cargo', 'ship', 'dont', 'care', 'article', 'says']","['california', 'cargo', 'ship']",4.0
"['umm', 'pretty', 'clearly', 'states', 'statute', 'presumed', 'constitutional']","['decide', 'statute', 'presumed', 'constitutional']",2.6
"['florida', 'ignorance']",['ignorance'],3.4
"['im', 'going', 'shout', 'justice', 'trayvon']","['people', 'shouting', 'justice', 'trayvon', 'hypocrites']",1.6
"['know', 'whats', 'right', 'wrong']","['know', 'story', 'right', 'one']",2.2
"['ha', 'ha', 'ha', 'ha', 'ha', 'ha']","['ah', 'ha', 'ha', 'ha', 'ha', 'ha']",5.0
"['nugent', 'complete', 'fool', 'say', 'said']","['natalie', 'complete', 'fool', 'insulted', 'fan', 'base']",0.6000000000000001
"['bushs', 'fault']","['obama', 'bushs', 'fault']",1.2
"['stop', 'prefixing', 'suffixing', 'everything', 'hate', 'jews']","['dont', 'prefix', 'suffix', 'everything', 'hate', 'jews']",2.4
"['missed', 'point', 'said', 'black', 'people', 'going', 'riot']","['never', 'ever', 'say', 'blacks', 'going', 'riot']",2.4
"['yet', 'didnt', 'declare']",['didnt'],2.0
"['proverbs', 'john', 'baptist', 'nazarite', 'birth']","['john', 'baptist', 'nazarite', 'birth']",4.6
"['james', 'says', 'faith', 'without', 'works', 'dead']","['paul', 'preach', 'faith', 'without', 'works']",2.2
"['billion', 'everyone', 'world', 'mexicos', 'current', 'prosperity', 'level']","['everyone', 'world', 'current', 'prosperity', 'level', 'northwest', 'africa']",1.53333333333333
"['videos', 'seismic', 'data', 'equal', 'duration', 'collapse']","['seismic', 'data', 'equal', 'duration', 'collapse']",4.6
"['originally', 'posted', 'lone', 'fox', 'youve', 'said', 'multiple', 'times']","['originally', 'posted', 'lone', 'fox', 'iranian', 'related', 'either']",2.2
"['might', 'like', 'obamas', 'views']","['might', 'like', 'positions', 'holds', 'atleast']",2.6
"['actually', 'believe', 'iceberg', 'waters']","['absolutely', 'believe', 'iceberg', 'waters']",3.0
"['simply', 'winning', 'obama', 'among', 'conservatives']","['rich', 'coming', 'conservative']",1.4
"['satan', 'represents', 'indulgence', 'instead', 'abstinence']","['satan', 'represents', 'vengeance', 'instead', 'turning', 'cheek']",1.6
"['long', 'tax', 'sale', 'paid']","['long', 'tax', 'paid']",3.8
"['fix', 'islam', 'political']","['islam', 'always', 'political']",1.2
"['march', 'also', 'date', 'uprising', 'china']","['originally', 'posted', 'vitchilo', 'march', 'also', 'date', 'uprising', 'china']",4.0
"['hope', 'everything', 'ok']","['hope', 'everything', 'okay']",5.0
"['understand', 'absurd', 'limit', 'question', 'us', 'residents']","['understand', 'nonus', 'residents', 'also', 'relevant', 'statistics']",3.2
"['seen', 'ufo', 'warsaw', 'past']","['respectfully', 'submitted', 'steve', 'seen', 'ufo', 'warsaw', 'past']",4.0
"['depending', 'action', 'furthers', 'loonytunes', 'agenda', 'moment']","['depending', 'action', 'furthers', 'lonnytunes', 'agenda']",4.6
"['agree', 'made', 'claim']","['admit', 'verify', 'made', 'claim']",3.8
"['zimmerman', 'says', 'sucker', 'punched', 'car']","['friends', 'say', 'confronted', 'car']",2.4
"['war', 'middle', 'east']","['war', 'middle', 'east']",4.6
"['part', 'prolife', 'opposition', 'legalized', 'abortion']","['prolife', 'also', 'refers', 'opposition', 'abortion']",3.8
"['capital', 'gains', 'top', 'rate', 'percent']","['income', 'top', 'rate', 'percent']",2.8
"['time', 'season', 'zombies', 'vessels', 'filled', 'many', 'wonders']","['theme', 'song', 'cheers', 'vessels', 'filled', 'many', 'wonders']",2.8
"['show', 'willfully', 'ignorant']","['lol', 'ignorant']",4.0
"['vessels', 'filled', 'many', 'wonders']","['jingle', 'bell', 'rock', 'bobby', 'helm', 'vessels', 'filled', 'many', 'wonders']",3.0
"['problem', 'isnt', 'money']","['problem', 'doesnt', 'money']",2.46666666666667
"['sadly', 'ford', 'accept', 'taxpayer', 'money']","['ford', 'didnt', 'accept', 'taxpayer', 'money', 'save', 'company']",2.8
"['muslims', 'would', 'say', 'thing', 'quran']","['hindus', 'would', 'say', 'thing', 'bhagavad', 'ghita']",1.0
"['confusion', 'doesnt', 'make', 'liar']","['confusion', 'doesnt', 'make', 'liar', 'either']",3.8
"['christians', 'extreme', 'simply', 'religion']","['muslims', 'extreme', 'terrorism']",1.6
"['believe', 'right', 'important']","['believe', 'slaughtering', 'unborn', 'important']",1.2
"['evolution', 'opinion', 'belief']","['atomic', 'theory', 'opinion', 'belief']",1.6
"['one', 'claiming', 'right', 'decide', 'another', 'womans', 'body']","['want', 'others', 'decide', 'woman', 'body']",2.8
"['world', 'ron', 'paul']","['world', 'media']",0.8
"['remains', 'missile', 'pentagon']","['remains', 'pentagon']",2.4
"['point', 'quote', 'say', 'never', 'said', 'rehabilitation', 'could', 'never', 'work']","['trillionth', 'time', 'ive', 'never', 'said', 'rehabilitation', 'doesnt', 'work']",3.4
"['billion', 'everyone', 'world', 'mexicos', 'current', 'prosperity', 'level']","['everyone', 'world', 'current', 'prosperity', 'level', 'northwest', 'africa']",1.53333333333333
"['hair', 'pretty', 'thing', 'tho', 'quote', 'ditto']","['hair', 'pretty', 'thing', 'tho', 'woops']",3.8
"['wouldnt', 'stop', 'joke', 'marriages']","['dont', 'fight', 'marriage']",1.2
"['seem', 'think', 'poor', 'people', 'responsible', 'actions']","['people', 'responsible', 'actions']",1.6
"['transaction', 'take', 'place']","['transaction', 'take', 'place']",2.4
"['baggage', 'attached']",['thing'],0.0
"['vessels', 'filled', 'many', 'wonders']","['put', 'little', 'love', 'heart', 'vessels', 'filled', 'many', 'wonders']",3.6
"['problem', 'isnt', 'money']","['problem', 'doesnt', 'money']",2.46666666666667
"['makes', 'think', 'owl', 'didnt', 'participate']","['doesnt', 'say', 'didnt', 'participate']",1.6
"['lol', 'looking', 'forward', 'seeing', 'builtins']","['look', 'forward', 'seeing']",1.8
"['originally', 'posted', 'jacko']","['originally', 'posted', 'izzy']",1.2
"['thanks', 'candy', 'starting', 'thread']","['candy', 'thanks', 'starting', 'us', 'today']",4.8
"['except', 'wasnt']","['except', 'couldnt']",1.0
"['owe', 'dollars', 'problem']","['owe', 'trillion', 'dollars', 'problem']",2.2
"['evidence', 'provided', 'support', 'position', 'rejected']","['position', 'unverifiable', 'rejected']",4.8
"['everyone', 'else', 'current', 'prosperity', 'level', 'mexico']","['everyone', 'world', 'current', 'prosperity', 'level', 'northwest', 'africa']",1.4
"['bush', 'gets', 'zero', 'credit', 'budget']","['obama', 'gets', 'zero', 'credit', 'budget']",1.8
"['lol', 'dont', 'take', 'test', 'drive', 'vehicle', 'us']","['test', 'firearm', 'us']",0.8
"['thought', 'movie', 'good', 'didnt', 'find', 'confusing', 'way']","['thought', 'good', 'didnt', 'find', 'confusing']",3.2
"['god', 'exist', 'anything', 'morally', 'wrong']","['ask', 'god', 'exist', 'anything', 'morally', 'wrong']",5.0
"['law', 'constitutional', 'conflict', 'constitution']","['unconsititutional', 'means', 'violate', 'constitution']",3.6
"['originally', 'posted', 'muslim', 'girl', 'ooops', 'sorry']","['originally', 'posted', 'muslim', 'girl', 'complete', 'impossibility']",1.2
['country'],['country'],1.4
"['originally', 'posted', 'zaf', 'suppose', 'water', 'middle', 'makes', 'difference']","['originally', 'posted', 'zaf', 'long', 'term', 'yes']",1.0
"['cone', 'threw', 'game']","['addie', 'joss', 'cone', 'threw', 'game']",4.2
"['edited', 'lashl', 'edited', 'properly', 'mask', 'profanity']","['edited', 'lashl', 'edited', 'properly', 'mask', 'profanity', 'quoted', 'post']",4.8
"['jury', 'told', 'juror', 'nullification']","['quote', 'provide', 'nothing', 'jury', 'nullification']",1.6
"['runs', 'victim', 'got', 'proof']","['paranoid', 'got', 'proof']",1.0
"['dont', 'use', 'search', 'button', 'much']","['dont', 'use', 'search', 'button']",4.2
"['dont', 'think', 'paul', 'shot']","['paul', 'doesnt', 'shot']",3.6
"['time', 'season', 'zombies', 'vessels', 'filled', 'many', 'wonders']","['joy', 'world', 'vessels', 'filled', 'many', 'wonders']",3.2
"['notice', 'nonsensical', 'things', 'saying']","['fair', 'notice', 'nonsensical', 'things', 'saying']",4.57142857142857
"['messed', 'study']","['personal', 'bias']",1.0
"['specifically', 'baptist']","['specifically', 'gnostic']",1.2
"['large', 'part', 'east', 'coast']","['parts', 'west', 'coast']",0.8
"['talking', 'women', 'within', 'hebrew', 'tribes']","['talking', 'women', 'war', 'bounty']",1.4
"['last', 'night', 'japanese', 'forces', 'attacked', 'hong', 'kong']","['last', 'night', 'japanese', 'forces', 'attacked', 'philippine', 'islands']",2.6
"['definition', 'life', 'force']","['definition', 'soul']",3.6
"['direct', 'responsibilty', 'constituents']","['aye', 'responsible', 'constituents']",2.6
"['ideology', 'built', 'around', 'violent', 'expansion', 'yes', 'violent', 'expansion']","['ideology', 'built', 'around', 'violent', 'expansion', 'race', 'superiority']",4.0
"['could', 'enema']","['ossobuco', 'could', 'enema']",4.6
"['final', 'word', 'ignoring', 'effect', 'normalizing']","['taking', 'advantage', 'effect', 'reinforcing']",0.4
"['problem', 'likely', 'mean', 'corrective', 'changes', 'shuttle', 'fleet', 'starts', 'flying']","['said', 'problem', 'needs', 'corrected', 'space', 'shuttle', 'fleet', 'cleared', 'fly']",4.4
"['sec', 'chairman', 'william', 'donaldson', 'said', 'building', 'confidence', 'cop', 'beat']","['think', 'theres', 'building', 'confidence', 'cop', 'beat']",3.4
"['myanmars', 'prodemocracy', 'leader', 'aung', 'san', 'suu', 'kyi', 'return', 'home', 'late', 'friday', 'remain', 'detention', 'recovering', 'surgery', 'yangon', 'hospital', 'personal', 'physician', 'said']","['myanmars', 'prodemocracy', 'leader', 'aung', 'san', 'suu', 'kyi', 'kept', 'house', 'arrest', 'following', 'release', 'hospital', 'underwent', 'surgery', 'personal', 'physician', 'said', 'friday']",4.6
"['darren', 'dopp', 'spitzer', 'spokesman', 'declined', 'comment', 'late', 'thursday']","['john', 'heine', 'spokesman', 'commission', 'washington', 'declined', 'comment', 'mr', 'spitzers', 'criticism']",1.4
"['afternoon', 'trading', 'europe', 'frances', 'cacnum', 'advanced', 'britains', 'ftse', 'num', 'gained', 'num', 'percent', 'germanys', 'dax', 'index', 'rose', 'num', 'percent']","['europe', 'frances', 'cacnum', 'rose', 'num', 'percent', 'britains', 'ftse', 'num', 'declined', 'num', 'percent', 'germanys', 'dax', 'index', 'gained', 'num', 'percent']",2.0
"['sens', 'john', 'kerry', 'bob', 'graham', 'declined', 'invitations', 'speak']","['noshows', 'sens', 'john', 'kerry', 'massachusetts', 'bob', 'graham', 'florida']",3.6
"['page', 'said', 'also', 'possible', 'genes', 'chromosome', 'may', 'influence', 'genderspecific', 'differences', 'disease', 'susceptibility']","['added', 'genes', 'might', 'play', 'role', 'influencing', 'genderspecific', 'differences', 'disease', 'susceptibility']",4.4
"['one', 'well', 'studied', 'facets', 'temperament', 'people', 'respond', 'novelty']","['one', 'defining', 'wellstudied', 'characteristics', 'temperament', 'people', 'react', 'novelty']",4.8
"['butterflies', 'exposed', 'earlier', 'light', 'cycle', 'numam', 'numpm', 'orientated', 'towards', 'southeast']","['butterflies', 'housed', 'earlier', 'light', 'cycle', 'num', 'num', 'pm', 'flew', 'toward', 'southeast']",4.6
"['dunlap', 'swimsuit', 'competition', 'talent', 'portion', 'competition', 'singing', 'could']","['talent', 'portion', 'singing', 'could', 'also', 'evening', 'wear']",2.8
"['south', 'asia', 'follows', 'num', 'millions', 'youths', 'infected', 'num', 'percent', 'female']","['num', 'million', 'infected', 'south', 'asia', 'num', 'female']",4.0
"['hour', 'later', 'israeli', 'helicopter', 'fired', 'missiles', 'car', 'gaza', 'city', 'killing', 'two', 'hamas', 'officials', 'least', 'five', 'people']","['hour', 'later', 'israeli', 'attack', 'helicopters', 'rained', 'missiles', 'car', 'gaza', 'city', 'killing', 'seven', 'people', 'palestinian', 'sources', 'said']",4.25
"['aaa', 'spokesman', 'jerry', 'cheske', 'said', 'prices', 'may', 'affected', 'plans', 'cheap', 'hotel', 'deals', 'mitigated', 'effect']","['aaa', 'spokesman', 'jerry', 'cheske', 'said', 'prices', 'might', 'affected', 'plans', 'cheap', 'hotel', 'deals', 'made']",5.0
"['countersued', 'num', 'million', 'saying', 'gruner', 'jahr', 'broke', 'contract', 'cutting', 'key', 'editorial', 'decisions']","['countersued', 'num', 'million', 'saying', 'gj', 'broke', 'contract', 'cutting', 'key', 'editorial', 'decisions', 'manipulated', 'magazines', 'financial', 'figures']",3.5
"['standard', 'edition', 'num', 'per', 'processor', 'num', 'per', 'named', 'user']","['standard', 'edition', 'one', 'single', 'processor', 'version', 'oracle', 'standard', 'edition', 'database']",2.5
"['microsoft', 'acquired', 'virtual', 'pc', 'bought', 'assets', 'connectix', 'earlier', 'year']","['microsoft', 'acquired', 'virtual', 'pc', 'developer', 'connectix', 'earlier', 'year']",4.4
"['leon', 'williams', 'body', 'found', 'inside', 'thirdfloor', 'apartment', 'num', 'bay', 'st', 'tompkinsville']","['dead', 'man', 'leon', 'williams', 'found', 'thirdfloor', 'apartment']",3.4
"['first', 'drill', 'since', 'september', 'num', 'terrorist', 'attacks', 'new', 'york', 'washington']","['nations', 'first', 'largescale', 'counterterrorism', 'exercise', 'since', 'sept', 'num', 'terrorist', 'attacks']",4.0
"['ursel', 'reisen', 'confirmed', 'operated', 'coach', 'gave', 'details', 'say', 'passengers', 'mixed', 'ages']","['ursel', 'reisen', 'confirmed', 'operating', 'coach', 'declined', 'give', 'details', 'passengers', 'say', 'mixed', 'ages']",4.8
"['total', 'num', 'cases', 'confirmed', 'southern', 'city', 'basra', 'organization', 'said']","['total', 'num', 'confirmed', 'cases', 'cholera', 'reported', 'yesterday', 'world', 'health', 'organisation', 'southern', 'iraqi', 'city', 'basra']",3.6
"['also', 'expected', 'visit', 'yemen', 'bahrain', 'tour', 'region']","['khatami', 'arrived', 'beirut', 'monday', 'also', 'visit', 'syria', 'yemen', 'bahrain']",3.4
"['general', 'myers', 'told', 'reporters', 'first', 'blush', 'doesnt', 'look', 'like', 'rules', 'broken']","['first', 'blush', 'doesnt', 'look', 'like', 'rules', 'broken', 'said', 'gen', 'richard', 'myers', 'chairman', 'joint', 'chiefs', 'staff']",3.6
"['proving', 'millville', 'sons', 'sacrifice', 'would', 'go', 'unsung', 'mayor', 'james', 'quinn', 'ordered', 'city', 'flags', 'flown', 'halfmast', 'next', 'num', 'days']","['millville', 'yesterday', 'mayor', 'james', 'quinn', 'ordered', 'city', 'flags', 'flown', 'halfstaff', 'next', 'num', 'days']",3.4
"['tom', 'kraynak', 'manager', 'operations', 'resources', 'canton', 'ohiobased', 'east', 'central', 'area', 'reliability', 'council', 'said', 'scenario', 'one', 'among', 'many', 'investigators', 'considering']","['tom', 'kraynak', 'manager', 'operations', 'resources', 'canton', 'ohiobased', 'east', 'central', 'area', 'reliability', 'council', 'said', 'investigators', 'considering', 'scenario']",4.25
"['found', 'molecules', 'produced', 'ozone', 'breaks', 'cholesterol']","['samples', 'contained', 'molecules', 'produced', 'cholesterol', 'interacts', 'ozone']",4.25
"['store', 'gigabyte', 'information', 'equivalent', 'around', 'num', 'hours', 'music', 'one', 'cubic', 'centimetre']","['store', 'gigabyte', 'information', 'equivalent', 'num', 'high', 'quality', 'images', 'around', 'num', 'hours', 'music', 'one', 'cubic', 'centimetre']",3.846
"['earlier', 'month', 'rim', 'said', 'expected', 'report', 'secondquarter', 'earnings', 'num', 'cents', 'num', 'cents', 'share']","['excluding', 'legal', 'fees', 'charges', 'expected', 'loss', 'num', 'num', 'cents', 'share']",1.2
"['lewinsky', 'imbroglio', 'seemed', 'like', 'another', 'vicious', 'scandal', 'manufactured', 'political', 'opponents', 'according', 'extracts', 'released', 'yesterday']","['lewinsky', 'imbroglio', 'seemed', 'like', 'another', 'vicious', 'scandal', 'manufactured', 'political', 'opponents', 'mrs', 'clinton', 'writes']",3.2
"['num', 'num', 'wire', 'transfers', 'num', 'companys', 'num', 'accounts', 'totaled', 'num', 'billion', 'prosecutors', 'said']","['wire', 'transfers', 'four', 'num', 'accounts', 'open', 'beacon', 'hill', 'totaled', 'num', 'billion', 'num', 'num', 'morgenthau', 'said']",3.8
"['stony', 'brook', 'university', 'launched', 'study', 'num', 'earlier', 'studies', 'indicated', 'possible', 'connection', 'electromagnetic', 'fields', 'cancer']","['state', 'university', 'stony', 'brook', 'launched', 'study', 'num', 'earlier', 'studies', 'indicated', 'possible', 'connection']",3.2
"['earlier', 'defied', 'police', 'order', 'cried', 'allahu', 'akbar', 'god', 'greatest', 'bashir', 'walked', 'seat', 'tightly', 'guarded', 'courtroom']","['earlier', 'bashirs', 'supporters', 'defied', 'police', 'order', 'cried', 'allahu', 'akbar', 'god', 'greatest', 'walked', 'seat']",4.0
"['metropolitan', 'ambulance', 'spokesman', 'james', 'howe', 'said', 'five', 'people', 'taken', 'hospital', 'three', 'treated', 'scene', 'yesterdays', 'incident']","['spokesman', 'james', 'howe', 'said', 'five', 'children', 'aged', 'num', 'num', 'taken', 'hospital', 'neck', 'chest', 'injuries', 'three', 'others', 'treated', 'scene']",3.333
"['clear', 'joint', 'intelligence', 'committee', 'involved']","['report', 'cleared', 'joint', 'intelligence', 'committee']",2.0
"['num', 'twentysomethings', 'obese', 'roughly', 'num', 'pounds', 'healthy', 'weight']","['num', 'percent', 'americans', 'obese', 'roughly', 'num', 'pounds', 'healthy', 'weight']",2.6
"['coupling', 'american', 'version', 'hit', 'british', 'comedy', 'get', 'valuable', 'thursday', 'num', 'pm', 'time', 'slot']","['coupling', 'american', 'version', 'hit', 'british', 'comedy', 'couple', 'friends', 'thursdays']",3.0
"['body', 'found', 'several', 'weeks', 'later', 'green', 'river']","['aug', 'num', 'num', 'remains', 'chapman', 'hinds', 'mills', 'found', 'green', 'river']",2.6
"['fighting', 'continued', 'midnight', 'western', 'rebel', 'commander', 'ousmane', 'coulibaly', 'told', 'reuters', 'satellite', 'phone', 'sunday']","['ransacked', 'burned', 'two', 'villages', 'completely', 'rebel', 'commander', 'ousmane', 'coulibaly', 'told', 'reuters', 'satellite', 'phone', 'bush']",2.8
"['reading', 'august', 'july', 'best', 'seen', 'since', 'survey', 'began', 'august', 'num']","['highest', 'reading', 'since', 'index', 'created', 'august', 'num']",3.0
"['us', 'special', 'forces', 'troops', 'training', 'colombian', 'soldiers', 'military', 'bases', 'region', 'protect', 'pipeline', 'transports', 'crude', 'colombias', 'secondbiggest', 'oil', 'field']","['us', 'special', 'forces', 'troops', 'training', 'colombian', 'soldiers', 'military', 'bases', 'region', 'protect', 'pipeline']",3.2
"['need', 'certifiable', 'pay', 'go', 'budget', 'midjuly', 'schools', 'wont', 'open', 'september', 'strayhorn', 'said']","['texas', 'lawmakers', 'must', 'close', 'num', 'million', 'budget', 'gap', 'middle', 'july', 'schools', 'wont', 'open', 'september', 'comptroller', 'carole', 'keeton', 'strayhorn', 'said', 'thursday']",2.6
"['shares', 'hartford', 'rose', 'num', 'num', 'new', 'york', 'stock', 'exchange', 'composite', 'trading']","['shares', 'hartford', 'num', 'num', 'percent', 'num', 'midday', 'trading']",2.5
"['dvdcca', 'appealed', 'state', 'supreme', 'court']","['dvd', 'cca', 'appealed', 'decision', 'us', 'supreme', 'court']",4.5
"['countrymusic', 'station', 'kkcs', 'suspended', 'two', 'disc', 'jockeys', 'playing', 'songs', 'dixie', 'chicks', 'violation', 'ban', 'imposed', 'one', 'group', 'member', 'criticized', 'president', 'george', 'bush']","['radio', 'station', 'suspended', 'two', 'disc', 'jockeys', 'locking', 'studio', 'continuously', 'playing', 'dixie', 'chicks', 'songs', 'violating', 'stations', 'twomonthold', 'ban', 'groups', 'music']",3.25
"['sovereigns', 'shares', 'lost', 'num', 'cents', 'num', 'num']","['sovereign', 'shares', 'closed', 'new', 'york', 'stock', 'exchange', 'num', 'num', 'cents', 'num', 'percent']",4.0
"['aspen', 'technologys', 'shares', 'dropped', 'num', 'cents', 'num', 'percent', 'close', 'num', 'nasdaq']","['afternoon', 'trading', 'aspens', 'shares', 'num', 'cents', 'num', 'percent', 'num', 'per', 'share']",2.2
"['new', 'law', 'requires', 'libraries', 'schools', 'use', 'filters', 'lose', 'federal', 'financing']","['num', 'ruling', 'reinstates', 'law', 'told', 'libraries', 'install', 'filters', 'surrender', 'federal', 'money']",2.8
"['addition', 'offered', 'united', 'states', 'israel', 'way', 'work', 'around', 'mr', 'arafat']","['prime', 'ministers', 'position', 'established', 'spring', 'offered', 'united', 'states', 'israel', 'way', 'work', 'around', 'arafat']",3.6
"['yes', 'marilyn', 'monroe', 'definitely', 'part', 'story', 'titled', 'arthur', 'miller', 'elia', 'kazan', 'blacklist', 'none', 'without', 'sin']","['note', 'subheading', 'terrible', 'parable', 'american', 'masters', 'series', 'arthur', 'miller', 'elia', 'kazan', 'blacklist', 'none', 'without', 'sin']",2.6
"['gilroy', 'police', 'fbi', 'agents', 'described', 'gehring', 'cooperative', 'said', 'saturday', 'revealed', 'nothing', 'happened', 'children']","['saturday', 'officials', 'california', 'described', 'gehring', 'cooperative', 'said', 'revealed', 'nothing', 'happened', 'children']",3.8
"['scribners', 'body', 'found', 'floating', 'citys', 'portage', 'bay', 'lived', 'wife', 'houseboat']","['kayaker', 'found', 'dr', 'scribners', 'body', 'floating', 'near', 'doctors', 'houseboat', 'portage', 'bay', 'eating', 'lunch', 'wife', 'ethel', 'left', 'appointment']",3.2
"['protesters', 'rushed', 'stage', 'twice', 'cut', 'power', 'microphone', 'hedges', 'drew', 'speech', 'early', 'close']","['protesters', 'rushed', 'stage', 'twice', 'cut', 'power', 'microphone', 'hedges', 'cut', 'speech', 'short']",5.0
"['passerby', 'found', 'ben', 'hiding', 'along', 'dirt', 'road', 'spanish', 'fork', 'canyon', 'num', 'pm', 'hands', 'still', 'taped', 'together', 'feet', 'free']","['passerby', 'found', 'boy', 'hiding', 'along', 'dirt', 'road', 'spanish', 'fork', 'canyon', 'num', 'pm', 'thursday', 'feet', 'free', 'hands', 'still', 'taped']",4.0
"['doctors', 'say', 'one', 'boys', 'may', 'die', 'brain', 'damage', 'possible', 'survive']","['doctors', 'said', 'one', 'boys', 'may', 'die', 'survive', 'brain', 'damage', 'possible']",5.0
"['also', 'missing', 'al', 'larsen', 'num', 'fort', 'worth', 'texas', 'another', 'vehicle', 'swept', 'turnpike']","['victim', 'recovered', 'tuesday', 'morning', 'al', 'larsen', 'num', 'fort', 'worth', 'texas']",2.2
"['britishbased', 'glaxosmithkline', 'plc', 'said', 'earlier', 'year', 'would', 'cut', 'supplies', 'canadian', 'drugstores', 'ship', 'united', 'states']","['glaxosmithkline', 'uk', 'drugmaker', 'said', 'would', 'cut', 'supplies', 'canadian', 'stores', 'shipping', 'drugs', 'us']",4.2
"['festival', 'kicked', 'yesterday', 'one', 'day', 'competition', 'commission', 'delivered', 'final', 'verdict', 'government', 'proposed', 'num', 'billion', 'merger']","['competition', 'commission', 'delivered', 'verdict', 'yesterday', 'proposed', 'merger', 'two', 'big', 'itv', 'players', 'carlton', 'granada']",2.818
"['said', 'persisted', 'eventually', 'allowed', 'fix', 'bike', 'sat', 'front', 'seat', 'car']","['said', 'eventually', 'allowed', 'fix', 'bike', 'sat', 'car', 'chatted']",3.875
"['daniels', 'said', 'doesnt', 'know', 'bush', 'say', 'tonights', 'numperperson', 'presidential', 'fundraiser']","['daniels', 'said', 'doesnt', 'know', 'bush', 'say', 'tonights', 'numperperson', 'reception', 'raise', 'funds', 'presidential', 'reelection', 'bid']",4.4
"['threejudge', 'panel', 'numth', 'us', 'circuit', 'court', 'appeals', 'ruled', 'late', 'friday', 'small', 'size', 'limited', 'use', 'secular', 'purpose', 'make', 'image', 'legitimate']","['threejudge', 'panel', 'numth', 'us', 'circuit', 'court', 'appeals', 'st', 'louis', 'overturned', 'ruling', 'issued', 'last', 'year', 'supported', 'ordinance']",2.8
"['num', 'families', 'frogs', 'known', 'identified', 'described', 'midnums', 'last', 'num']","['num', 'families', 'frogs', 'known', 'named', 'midnums']",3.8
"['officials', 'brandeis', 'said', 'extremely', 'heartrending', 'time', 'campus']","['extremely', 'heartrending', 'time', 'entire', 'brandeis', 'university', 'community']",4.4
"['value', 'total', 'num', 'million', 'including', 'convertible', 'securities', 'according', 'corel']","['including', 'convertible', 'securities', 'total', 'estimated', 'value', 'deal', 'num', 'million', 'according', 'corel']",5.0
"['started', 'num', 'super', 'bowl', 'miami', 'lost', 'num', 'washington']","['played', 'four', 'seasons', 'miami', 'including', 'dolphins', 'num', 'loss', 'washington', 'super', 'bowl']",3.0
"['nterprise', 'linux', 'services', 'expected', 'available', 'end', 'year']","['beta', 'versions', 'nterprise', 'linux', 'services', 'expected', 'available', 'certain', 'hp', 'proliant', 'servers', 'july']",2.667
"['excluding', 'onetime', 'items', 'company', 'enjoyed', 'profit', 'num', 'cents', 'share']","['excluding', 'onetime', 'items', 'expects', 'profit', 'num', 'cents', 'num', 'cents', 'share']",2.333
"['question', 'motives', 'deskbound', 'president', 'assumes', 'garb', 'warrior', 'purposes', 'speech']","['byrd', 'speaking', 'senate', 'floor', 'said', 'questioned', 'motives', 'deskbound', 'president', 'assumes', 'garb', 'warrior', 'purposes', 'speech']",3.0
"['broader', 'standard', 'poors', 'num', 'index', 'spx', 'fell', 'num', 'points', 'num', 'percent', 'num']","['technologylaced', 'nasdaq', 'composite', 'index', 'ixic', 'added', 'num', 'points', 'num', 'percent', 'num']",1.333
"['instead', 'tickets', 'jersey', 'jam', 'went', 'sale', 'last', 'night', 'ticketmaster']","['tickets', 'available', 'ticketmaster', 'went', 'sale', 'yesterday']",3.8
"['earlier', 'monday', 'grant', 'thornton', 'spa', 'repeated', 'previous', 'statements', 'victim', 'fraudulent', 'action']","['grant', 'thornton', 'claims', 'victim', 'fraud']",3.4
"['peter', 'lyman', 'hal', 'varian', 'berkeleys', 'school', 'information', 'management', 'systems', 'say', 'information', 'production', 'increased', 'num', 'percent', 'year', 'num', 'num']","['task', 'appealed', 'two', 'masters', 'megabyte', 'peter', 'lyman', 'hal', 'varian', 'professors', 'university', 'californiaberkeleys', 'school', 'information', 'management', 'systems']",2.0
"['judgment', 'num', 'percent', 'information', 'declassified', 'become', 'uncensored', 'american', 'people', 'would', 'know']","['judgment', 'num', 'percent', 'information', 'could', 'declassified', 'become', 'uncensored', 'american', 'people', 'would', 'know', 'mr', 'shelby', 'said', 'nbcs', 'meet', 'press']",3.4
"['researchers', 'found', 'empty', 'cavities', 'scar', 'tissue', 'tumors']","['tumors', 'detected', 'rather', 'empty', 'cavities', 'scar', 'tissue', 'found', 'place']",4.0
"['washington', 'however', 'said', 'needed', 'prevent', 'complaints', 'filed', 'first', 'place']","['us', 'insisted', 'wanted', 'done', 'prevent', 'complaints', 'filed', 'first', 'place', 'preferably', 'repealing', 'entire', 'law']",2.8
"['num', 'hours', 'surgery', 'year', 'anticipation', 'boys', 'separated', 'sunday', 'childrens', 'medical', 'center', 'dallas']","['twoyearold', 'egyptian', 'twin', 'boys', 'born', 'heads', 'conjoined', 'separated', 'num', 'hours', 'surgery', 'childrens', 'medical', 'centre', 'dallas']",3.2
"['pines', 'said', 'would', 'convene', 'relevant', 'party', 'bodies', 'within', 'num', 'days', 'discuss', 'whether', 'new', 'elections', 'would', 'held', 'whether', 'temporary', 'leader', 'would', 'appointed']","['mitzna', 'party', 'secretary', 'ophir', 'pines', 'agreed', 'convene', 'party', 'organizations', 'within', 'num', 'days', 'discuss', 'whether', 'new', 'primaries', 'would', 'held', 'temporary', 'leader', 'appointed']",3.6
"['euro', 'soared', 'usnum', 'asian', 'trading', 'slipping', 'back', 'slightly', 'usnum', 'trading', 'opened', 'europe']","['euro', 'soared', 'num', 'asian', 'trading', 'slipping', 'back', 'num', 'late', 'european', 'trading', 'num', 'late', 'monday']",3.6
"['abbas', 'told', 'summit', 'would', 'end', 'armed', 'intefadeh', 'renounced', 'terrorism', 'israelis', 'wherever', 'might', 'alluded', 'disarming', 'militants']","['wednesdays', 'summit', 'abbas', 'pledged', 'end', 'armed', 'intefadeh', 'renounced', 'terrorism', 'israelis', 'wherever', 'might', 'alluded', 'disarming', 'militants']",4.2
"['cmdr', 'rod', 'gibbons', 'academy', 'spokesman', 'said', 'academy', 'shocked', 'saddened']","['naval', 'academy', 'spokesman', 'cmdr', 'rod', 'gibbons', 'said', 'todays', 'announcement', 'came', 'surprise']",3.25
"['shares', 'lendingtree', 'rose', 'num', 'num', 'percent', 'num', 'hitting', 'num', 'earlier']","['lendingtree', 'shares', 'rose', 'num', 'percent', 'num', 'num', 'doubling', 'last', 'two', 'months']",2.75
"['last', 'week', 'lawyers', 'asked', 'warner', 'grant', 'clemency', 'conditions', 'would', 'lead', 'new', 'sentencing', 'hearing']","['last', 'week', 'lawyers', 'asked', 'gov', 'mark', 'r', 'warner', 'grant', 'clemency', 'governor', 'declined', 'intervene']",2.5
"['think', 'released', 'years', 'ago', 'said', 'brian', 'rohrbough', 'whose', 'son', 'daniel', 'killed', 'columbine']","['brian', 'rohrbough', 'whose', 'son', 'daniel', 'killed', 'columbine', 'said', 'tape', 'raises', 'disturbing', 'issues']",1.75
"['cia', 'director', 'george', 'tenet', 'said', 'two', 'men', 'defined', 'dedication', 'courage']","['defined', 'dedication', 'courage', 'said', 'cias', 'director', 'george', 'tenet']",4.25
"['software', 'license', 'revenues', 'measure', 'financial', 'analysts', 'watch', 'closely', 'decreased', 'num', 'percent', 'num', 'million']","['license', 'sales', 'key', 'measure', 'demand', 'fell', 'num', 'percent', 'num', 'million']",5.0
"['dotson', 'num', 'arrested', 'charged', 'july', 'num', 'reportedly', 'telling', 'authorities', 'shot', 'dennehy', 'dennehy', 'tried', 'shoot']","['dotson', 'arrested', 'july', 'num', 'telling', 'fbi', 'agents', 'shot', 'dennehy', 'dennehy', 'tried', 'shoot', 'according', 'arrest', 'warrant', 'affidavit']",4.25
"['prosecutors', 'contended', 'mr', 'durst', 'plotted', 'murder', 'assume', 'mr', 'blacks', 'identity']","['prosecutors', 'maintained', 'durst', 'murdered', 'black', 'try', 'assume', 'blacks', 'identity']",4.75
"['objection', 'cited', 'peoplesofts', 'board', 'rejecting', 'oracles', 'offer']","['peoplesofts', 'board', 'recommended', 'stockholders', 'reject', 'offer']",2.75
"['several', 'black', 'democratic', 'leaders', 'attempting', 'arrange', 'meeting', 'dnc', 'chairman', 'terry', 'mcauliffe', 'discuss', 'layoffs']","['black', 'democratic', 'leaders', 'trying', 'arrange', 'meeting', 'democratic', 'national', 'committee', 'chairman', 'terry', 'mcauliffe', 'discuss', 'layoffs', 'num', 'minority', 'staffers', 'party', 'headquarters']",3.25
"['dark', 'days', 'industry', 'giovanni', 'bisignani', 'director', 'general', 'genevabased', 'organization', 'said', 'statement']","['dark', 'days', 'industry', 'genevabased', 'international', 'air', 'transport', 'associations', 'directorgeneral', 'giovanni', 'bisignani', 'said']",3.5
"['seven', 'nations', 'initiative', 'britain', 'germany', 'italy', 'netherlands', 'poland', 'portugal', 'spain']","['nations', 'involved', 'psi', 'include', 'germany', 'italy', 'netherlands', 'poland', 'portugal', 'spain', 'britain']",3.6
"['average', 'american', 'makes', 'four', 'trips', 'day', 'num', 'percent', 'shopping', 'errands']","['nearly', 'half', 'num', 'percent', 'shopping', 'running', 'errands']",3.333
"['also', 'strategic', 'win', 'overture', 'given', 'knight', 'ridder', 'option', 'signing', 'googles', 'services']","['also', 'strategic', 'win', 'overture', 'given', 'knight', 'ridder', 'using', 'googles', 'advertising', 'services']",4.0
"['weeks', 'leading', 'execution', 'several', 'florida', 'officials', 'received', 'anonymous', 'threatening', 'letters']","['several', 'florida', 'officials', 'connected', 'case', 'received', 'threatening', 'letters', 'accompanied', 'rifle', 'bullets']",3.5
"['hoy', 'confirmed', 'womans', 'age', 'tuesday', 'said', 'left', 'vacation', 'family']","['hoy', 'confirmed', 'womans', 'age', 'tuesday', 'said', 'vacation', 'family', 'expected', 'return', 'week']",3.4
"['boston', 'catholic', 'archdiocese', 'boston', 'offered', 'num', 'million', 'settle', 'num', 'clergy', 'sex', 'abuse', 'lawsuits', 'according', 'document', 'obtained', 'associated', 'press']","['american', 'roman', 'catholic', 'archdiocese', 'boston', 'offered', 'num', 'million', 'settle', 'num', 'sex', 'abuse', 'lawsuits', 'involving', 'priests']",3.6
"['num', 'hours', 'recordings', 'include', 'conversations', 'police', 'firefighters', 'emergency', 'workers', 'well', 'media', 'inquiries']","['among', 'conversations', 'police', 'firefighters', 'emergency', 'workers', 'well', 'media', 'inquiries']",3.6
"['numyear', 'bond', 'usnumytrr', 'jumped', 'num', 'taking', 'yield', 'num', 'percent', 'num', 'percent']","['numyear', 'bond', 'usnumytrr', 'dipped', 'num', 'yield', 'num', 'percent', 'num', 'percent']",2.0
"['candidate', 'national', 'labor', 'endorsements', 'far', 'picking', 'numth', 'union', 'tuesday', 'united', 'steelworkers', 'america', 'endorsed']","['candidate', 'national', 'labor', 'endorsements', 'far', 'picking', 'numth', 'tuesday']",3.6
"['oracle', 'shares', 'fell', 'num', 'cents', 'num', 'percent', 'num']","['oracle', 'shares', 'also', 'rose', 'news', 'num', 'cents', 'num', 'nasdaq']",1.6
"['north', 'american', 'futures', 'pointed', 'subpar', 'start', 'trading', 'tuesday', 'investors', 'ready', 'get', 'first', 'taste', 'quarterly', 'earnings']","['north', 'american', 'stock', 'markets', 'got', 'slow', 'start', 'tuesday', 'investors', 'ready', 'get', 'first', 'taste', 'quarterly', 'earnings']",4.6
"['markets', 'broader', 'gauges', 'also', 'posted', 'big', 'gains', 'climbed', 'higher', 'four', 'consecutive', 'weeks']","['broader', 'market', 'also', 'retreated', 'climbed', 'higher', 'four', 'consecutive', 'weeks']",3.6
"['jim', 'furyk', 'celebrated', 'first', 'fathers', 'day', 'father', 'winning', 'first', 'major', 'golf', 'championship']","['first', 'fathers', 'day', 'dad', 'first', 'major', 'champion']",3.0
"['passed', 'lemelson', 'medical', 'educational', 'research', 'foundation', 'limited', 'partnership', 'num', 'syndia']","['said', 'patents', 'allegedly', 'assigned', 'syndia', 'num', 'lemelson', 'medical', 'educational', 'research', 'foundation', 'limited', 'partnership']",2.4
"['sia', 'says', 'dram', 'market', 'expected', 'grow', 'num', 'percent', 'num', 'billion', 'num', 'num', 'percent', 'num', 'billion', 'num']","['americas', 'market', 'decline', 'num', 'percent', 'num', 'billion', 'num', 'grow', 'num', 'percent', 'num', 'billion', 'num']",1.2
"['morrills', 'wife', 'ellie', 'sobbed', 'hugged', 'bondesons', 'sisterinlaw', 'service']","['service', 'morrills', 'widow', 'ellie', 'sobbed', 'hugged', 'bondesons', 'sisterinlaw', 'people', 'consoled']",3.4
"['mr', 'grassley', 'mr', 'baucus', 'rejected', 'disparity', 'drug', 'benefits']","['grassley', 'baucus', 'said', 'rejected', 'approach', 'plan']",3.0
"['yearago', 'quarter', 'steelmaker', 'recorded', 'profit', 'num', 'million', 'num', 'cents', 'per', 'share', 'sales', 'num', 'billion']","['second', 'quarter', 'last', 'year', 'ak', 'steel', 'reported', 'profit', 'num', 'million', 'num', 'cents', 'share']",3.4
"['nasdaq', 'weekly', 'gain', 'num', 'num', 'percent', 'closing', 'num', 'friday']","['techlaced', 'nasdaq', 'composite', 'ixic', 'rallied', 'num', 'points', 'num', 'percent', 'num']",1.8
"['brazen', 'intimidation', 'keep', 'people', 'reservation', 'said', 'republican', 'attended', 'want', 'named']","['brazen', 'attempt', 'intimidation', 'said', 'republican', 'legislator', 'attended', 'meeting']",3.5
"['charges', 'announced', 'statement', 'said', 'legal', 'proceedings', 'expected', 'monday']","['fbi', 'statement', 'said', 'legal', 'proceedings', 'expected', 'monday', 'federal', 'court', 'baltimore']",2.75
"['dead', 'woman', 'also', 'wearing', 'ring', 'cartier', 'watch']","['blondhaired', 'woman', 'wearing', 'cartier', 'watch', 'wrist', 'source', 'said']",2.6
"['techheavy', 'nasdaq', 'stock', 'markets', 'composite', 'index', 'added', 'num', 'points', 'num', 'per', 'cent', 'num']","['nasdaq', 'composite', 'index', 'full', 'technology', 'stocks', 'lately', 'around', 'num', 'points']",2.2
"['fbi', 'never', 'kept', 'tabs', 'albayoumi', 'even', 'though', 'received', 'information', 'saudi', 'agent', 'document', 'says']","['bureau', 'never', 'kept', 'tabs', 'albayoumidespite', 'receiving', 'prior', 'information', 'secret', 'saudi', 'agent', 'report', 'says']",4.75
"['going', 'happen', 'said', 'jim', 'santangelo', 'president', 'teamsters', 'joint', 'council', 'num', 'el', 'monte']","['really', 'affects', 'companies', 'big', 'time', 'said', 'jim', 'santangelo', 'president', 'teamsters', 'joint', 'council', 'num', 'el', 'monte']",1.5
"['released', 'nummillion', 'bail', 'immediately', 'returned', 'las', 'vegas', 'filming', 'video']","['posting', 'num', 'million', 'bail', 'jackson', 'flew', 'las', 'vegas', 'working', 'video']",3.75
"['gartner', 'analysts', 'said', 'businesses', 'yet', 'feeling', 'confident', 'enough', 'upgrade', 'corporate', 'pcs']","['whats', 'companies', 'feeling', 'confident', 'enough', 'replace', 'older', 'pcs', 'analyst', 'firm', 'said']",3.5
"['tuesday', 'almost', 'num', 'healthcare', 'workers', 'quarantine']","['addition', 'num', 'people', 'quarantine', 'thousands', 'healthcare', 'workers', 'working', 'quarantine']",1.5
"['brian', 'brabazon', 'said', 'son', 'would', 'get', 'upset', 'turn', 'around', 'befriend', 'taunters']","['son', 'would', 'get', 'upset', 'mom', 'said', 'turn', 'around', 'befriend', 'taunters']",3.2
"['techheavy', 'nasdaq', 'stock', 'markets', 'composite', 'index', 'added', 'num', 'points', 'num']","['nasdaq', 'composite', 'index', 'full', 'technology', 'stocks', 'lately', 'around', 'num', 'points']",2.2
"['technologylaced', 'nasdaq', 'composite', 'index', 'dipped', 'num', 'point', 'num']","['technologylaced', 'nasdaq', 'composite', 'index', 'ixic', 'added', 'num', 'points', 'num', 'percent', 'num']",2.4
"['told', 'jury', 'stubbs', 'cold', 'calculating', 'killer']","['district', 'attorney', 'dave', 'lupas', 'reminded', 'jurors', 'stubbs', 'cold', 'calculating', 'killer']",3.0
"['likewise', 'numyear', 'bond', 'usnumytrr', 'slid', 'num', 'yield', 'num', 'percent', 'num', 'percent']","['numyear', 'bond', 'usnumytrr', 'jumped', 'num', 'taking', 'yield', 'num', 'percent', 'num', 'percent']",1.8
"['seventh', 'victim', 'woman', 'died', 'tuesday', 'night', 'burn', 'unit', 'childrens', 'hospital', 'medical', 'center', 'akron']","['seventh', 'person', 'numyearold', 'woman', 'critical', 'condition', 'burn', 'unit', 'akron', 'childrens', 'hospital']",2.4
"['men', 'immediately', 'flown', 'nearby', 'botswana', 'chartered', 'air', 'malawi', 'flight', 'malawi', 'intelligence', 'officials', 'said', 'condition', 'anonymity']","['men', 'flown', 'nearby', 'botswana', 'air', 'malawi', 'flight', 'officials', 'said']",3.533
"['exchange', 'north', 'korea', 'would', 'required', 'end', 'nuclear', 'weapons', 'program']","['return', 'expect', 'north', 'korea', 'give', 'nuclear', 'weapons']",4.75
"['condemn', 'denounce', 'governing', 'council', 'headed', 'united', 'states', 'moqtada', 'alsadr', 'said']","['condemn', 'governing', 'council', 'headed', 'united', 'states', 'sadr', 'said', 'fiery', 'sermon', 'koufa', 'mosque', 'near', 'najaf']",3.333
"['sendmail', 'said', 'system', 'even', 'set', 'permit', 'businessonly', 'usage']","['product', 'instructed', 'permit', 'businessonly', 'use', 'according', 'sendmail']",5.0
"['exploit', 'works', 'unpatched', 'windows', 'num', 'machines', 'service', 'pack', 'num', 'num']","['counterpane', 'idefense', 'contend', 'exploit', 'works', 'effectively', 'windows', 'num', 'systems', 'running', 'service', 'pack', 'num', 'num']",3.0
"['curve', 'benchmark', 'numyear', 'note', 'usnumytrr', 'shed', 'num', 'price', 'taking', 'yield', 'num', 'percent', 'num', 'percent']","['early', 'wednesday', 'benchmark', 'numyear', 'usnumytrr', 'lost', 'num', 'price', 'driving', 'yield', 'num', 'percent', 'num', 'percent', 'late', 'tuesday']",3.0
"['tech', 'stocks', 'hurt', 'sour', 'forecast', 'sun', 'microsystems', 'viewed', 'bad', 'omen', 'upcoming', 'quarterly', 'earnings', 'season']","['sour', 'forecast', 'sun', 'microsystems', 'inc', 'sunwo', 'put', 'pressure', 'wall', 'street', 'quarterly', 'earnings', 'season']",3.0
"['shares', 'coke', 'num', 'cents', 'num', 'afternoon', 'trading', 'wednesday', 'new', 'york', 'stock', 'exchange']","['shares', 'coke', 'num', 'cents', 'close', 'num', 'new', 'york', 'stock', 'exchange']",1.846
"['ernst', 'young', 'denied', 'wrongdoing', 'plans', 'fight', 'allegations']","['ernst', 'young', 'denied', 'secs', 'claims', 'called', 'recommendations', 'irresponsible']",3.0
"['neither', 'military', 'action', 'largescale', 'bribery', 'solve', 'north', 'korean', 'problem', 'wolfowitz', 'said']","['indeed', 'wolfowitz', 'admitted', 'saturday', 'neither', 'military', 'action', 'large', 'scale', 'bribery', 'would', 'solve', 'issue']",3.0
"['driver', 'eugene', 'rogers', 'helped', 'remove', 'children', 'bus', 'wood', 'said']","['accident', 'scene', 'driver', 'covered', 'blood', 'helped', 'remove', 'children', 'wood', 'said']",3.2
"['broader', 'standard', 'poors', 'num', 'index', 'spx', 'num', 'points', 'num', 'percent', 'num']","['techlaced', 'nasdaq', 'composite', 'index', 'ixic', 'gained', 'num', 'points', 'num', 'percent', 'num']",1.0
"['shares', 'guidant', 'plummeted', 'trading', 'new', 'york', 'stock', 'exchange', 'news', 'halt', 'imposed', 'midday']","['shares', 'guidant', 'num', 'percent', 'num', 'afternoon', 'trading', 'new', 'york', 'stock', 'exchange']",2.6470000000000002
"['three', 'weeks', 'october', 'goes', 'sale', 'monday', 'nearly', 'year', 'washington', 'dcarea', 'sniper', 'shootings', 'started']","['mooses', 'book', 'goes', 'sale', 'monday', 'nearly', 'year', 'sniper', 'shootings', 'started', 'washington', 'area']",3.25
"['based', 'separate', 'survey', 'households', 'unemployment', 'rate', 'fell', 'august', 'num', 'percent', 'num', 'percent']","['labor', 'department', 'analysts', 'discounted', 'slight', 'improvement', 'national', 'unemployment', 'rate', 'fell', 'august', 'num', 'percent', 'num', 'percent']",3.75
"['rate', 'skin', 'cancer', 'tripled', 'since', 'nums', 'norway', 'sweden', 'according', 'study']","['study', 'also', 'found', 'skin', 'cancer', 'nearly', 'tripled', 'norway', 'sweden', 'since', 'nums']",4.75
"['judge', 'also', 'refused', 'postpone', 'trial', 'date', 'sept', 'num']","['obus', 'also', 'denied', 'defense', 'motion', 'postpone', 'sept', 'num', 'trial', 'date']",3.9290000000000003
"['opposition', 'parties', 'welcomed', 'cabinets', 'decision', 'antiretroviral', 'treatment', 'said', 'health', 'minister', 'manto', 'tshabalalamsimang', 'fit', 'preside', 'rollout', 'plan']","['health', 'minister', 'mantotshabalala', 'msimang', 'fit', 'preside', 'antiretroviral', 'treatment', 'rollout', 'plan', 'according', 'opposition', 'parties']",3.4
"['chief', 'merchandising', 'officers', 'oversee', 'buying', 'development', 'merchandise', 'deciding', 'merchandising', 'direction', 'company', 'basically', 'stand']","['decides', 'merchandising', 'direction', 'company', 'basically', 'stand']",3.2
"['rev', 'christopher', 'j', 'coyne', 'spokesman', 'archdiocese', 'wouldnt', 'comment', 'friday']","['rev', 'christopher', 'coyne', 'spokesman', 'archdiocese', 'immediately', 'return', 'several', 'calls', 'seeking', 'comment']",3.8
"['several', 'relatives', 'australian', 'victims', 'attack', 'court', 'witness', 'proceedings', 'balinese', 'attended', 'trial']","['several', 'relatives', 'australian', 'victims', 'attack', 'sat', 'front', 'row', 'court', 'balinese', 'attended', 'trial']",4.6
"['july', 'num', 'team', 'num', 'singaporean', 'police', 'officers', 'sent', 'baghdad']","['july', 'num', 'singaporean', 'police', 'officers', 'sent', 'baghdad', 'help', 'train', 'iraqi', 'police', 'forces', 'returned', 'home', 'last', 'month']",3.2
"['euro', 'eur', 'num', 'percent', 'dollar', 'num', 'rising', 'threemonth', 'high', 'earlier', 'session', 'num']","['early', 'us', 'trading', 'euro', 'eur', 'num', 'percent', 'num', 'rising', 'fourmonth', 'high', 'num']",2.2
"['previously', 'reported', 'profit', 'num', 'million', 'num', 'cents', 'share', 'period']","['previously', 'reported', 'small', 'profit', 'num', 'million', 'breakeven', 'pershare', 'basis', 'period']",4.4
"['coalition', 'campaign', 'groups', 'including', 'militant', 'national', 'students', 'body', 'backing', 'protests', 'nlc', 'called', 'defiance', 'court', 'order', 'banning']","['coalition', 'campaign', 'groups', 'including', 'militant', 'national', 'students', 'body', 'backing', 'action', 'mobilising', 'protests']",3.333
"['company', 'highlighting', 'addition', 'net', 'jnumee', 'support', 'enterprise', 'application', 'environment', 'eae', 'new', 'mainframe']","['company', 'also', 'adding', 'net', 'jnumee', 'support', 'enterprise', 'application', 'environment', 'development', 'toolset', 'sapp', 'said']",4.0
"['since', 'drafted', 'service', 'num', 'racked', 'record', 'num', 'accidents', 'num', 'deaths']","['chequered', 'safety', 'record', 'including', 'num', 'accidents', 'resulted', 'num', 'deaths']",1.333
"['ryan', 'harvey', 'outfielder', 'dunedin', 'high', 'school', 'florida', 'selected', 'sixth', 'pick', 'chicago', 'cubs']","['ryan', 'harvey', 'high', 'school', 'outfielder', 'florida', 'chosen', 'sixth', 'cubs']",4.2
"['glover', 'spoke', 'news', 'conference', 'included', 'num', 'relatives', 'victims']","['num', 'family', 'members', 'victims', 'invited', 'news', 'conference']",3.2
"['four', 'men', 'also', 'charged', 'june', 'already', 'pleaded', 'guilty']","['four', 'defendants', 'pleaded', 'guilty', 'weapons', 'charges', 'counts']",3.2
"['federal', 'local', 'governments', 'remained', 'largely', 'shut', 'aftermath', 'hurricane', 'isabel', 'schools', 'much', 'regions', 'transportation', 'network', 'slowed']","['aftermath', 'hurricane', 'isabel', 'federal', 'local', 'governments', 'remained', 'shut', 'schools', 'many', 'businesses']",3.25
"['gave', 'surprisingly', 'impassioned', 'speech', 'united', 'steelworkers', 'america', 'announced', 'endorsement', 'yesterday']","['tuesday', 'picked', 'endorsement', 'united', 'steelworkers', 'america']",2.25
"['num', 'million', 'phone', 'numbers', 'registered', 'list', 'take', 'effect', 'oct', 'num']","['ftc', 'signed', 'num', 'million', 'phone', 'numbers', 'list', 'due', 'go', 'effect', 'october', 'num']",3.5
"['eight', 'num', 'seconds', 'hit']","['water', 'eight', 'seconds']",2.2
"['adora', 'obi', 'nweze', 'naacp', 'state', 'president', 'said', 'state', 'tried', 'prove', 'conclusion', 'suicide', 'rather', 'consider', 'possibility', 'murder']","['adora', 'obi', 'nweze', 'naacp', 'state', 'president', 'said', 'state', 'refused', 'consider', 'possibility', 'murder']",3.4
"['activists', 'say', 'fear', 'gathering', 'attempt', 'corporate', 'farming', 'push', 'bioengineered', 'crops', 'starving', 'countries']","['instead', 'fear', 'conference', 'attempt', 'corporate', 'farming', 'biotech', 'interests', 'push', 'new', 'markets']",3.0
"['contract', 'expire', 'num', 'wednesday', 'instead', 'num', 'sunday', 'said', 'rian', 'wathen', 'organizing', 'director', 'united', 'food', 'commercial', 'workers', 'local', 'num']","['outraged', 'membership', 'said', 'rian', 'wathen', 'organizing', 'director', 'united', 'food', 'commercial', 'workers', 'local', 'num']",2.5
"['technologylaced', 'nasdaq', 'composite', 'index', 'ixic', 'rose', 'num', 'points', 'num', 'percent', 'num', 'losing', 'num', 'percent', 'tuesday']","['bluechip', 'dow', 'jones', 'industrial', 'average', 'dji', 'jumped', 'num', 'points', 'num', 'percent', 'num', 'sinking', 'num', 'percent', 'day', 'earlier']",1.75
"['num', 'customers', 'without', 'power', 'area', 'oklahoma', 'gas', 'electric', 'said']","['num', 'oge', 'energy', 'corp', 'customers', 'without', 'power', 'company', 'said', 'web', 'site']",2.75
"['blancas', 'american', 'husband', 'numyearold', 'roger', 'lawrence', 'strunk', 'faces', 'murder', 'indictment', 'issued', 'february', 'philippine', 'government', 'says', 'hes', 'leading', 'suspect']","['blancas', 'husband', 'numyearold', 'roger', 'lawrence', 'strunk', 'tracy', 'faces', 'murder', 'indictment', 'issued', 'philippine', 'government', 'february']",4.25
"['prince', 'replacing', 'sanford', 'sandy', 'weill', 'remain', 'citigroups', 'chairman']","['prince', 'heads', 'citigroups', 'global', 'corporate', 'investment', 'bank', 'replacing', 'sanford', 'weill', 'ceo']",3.0
"['operating', 'revenues', 'num', 'billion', 'increase', 'last', 'years', 'result', 'num', 'billion']","['operating', 'revenues', 'rose', 'num', 'billion', 'num', 'billion', 'last', 'year']",5.0
"['spot', 'gold', 'quoted', 'num', 'ounce', 'num', 'gmt', 'marched', 'num', 'level', 'seen', 'since', 'february', 'num']","['spot', 'gold', 'quoted', 'num', 'ounce', 'num', 'gmt', 'darted', 'high', 'num', 'level', 'seen', 'since', 'february', 'num']",3.25
"['canada', 'booming', 'dollar', 'focus', 'tries', 'stay', 'num', 'cent', 'us', 'mark']","['canada', 'surging', 'dollar', 'focus', 'struggled', 'failed', 'stay', 'num', 'cent', 'us', 'mark']",4.0
"['justices', 'ruled', 'police', 'supervisor', 'repeatedly', 'questioned', 'martinez', 'violate', 'fifth', 'amendment', 'rights']","['justices', 'ruled', 'police', 'supervisor', 'repeatedly', 'questioned', 'mr', 'martinez', 'screamed', 'pain', 'violate', 'fifth', 'amendment', 'rights']",3.75
"['bluechip', 'dow', 'jones', 'industrial', 'average', 'eased', 'num', 'points', 'num', 'percent', 'num', 'scoring', 'five', 'consecutive', 'sessions']","['dow', 'jones', 'industrial', 'average', 'dji', 'rose', 'num', 'points', 'num', 'percent', 'num']",2.0
"['centers', 'president', 'joseph', 'torsella', 'struck', 'head', 'able', 'walk', 'ambulance']","['national', 'constitution', 'center', 'president', 'joseph', 'torsella', 'hit', 'head', 'knocked', 'knees']",3.333
"['report', 'ranked', 'num', 'large', 'companies', 'based', 'employment', 'marketing', 'procurement', 'community', 'reinvestment', 'charitable', 'donations']","['three', 'dillards', 'responded', 'survey', 'ranked', 'num', 'large', 'companies', 'employment', 'marketing', 'procurement', 'community', 'reinvestment', 'charitable', 'donations']",3.0
"['dont', 'know', 'person', 'im', 'talking', 'may', 'end', 'someone', 'else', 'another', 'time', 'may', 'follow', 'rules', 'parrish', 'said']","['dont', 'know', 'whether', 'person', 'im', 'talking', 'may', 'end', 'someone', 'else', 'parrish', 'said']",3.4
"['ruffner', 'num', 'doesnt', 'yet', 'attorney', 'murder', 'charge', 'authorities', 'said']","['ruffner', 'num', 'lawyer', 'murder', 'charge', 'authorities', 'said']",5.0
"['passed', 'num', 'never', 'put', 'effect', 'law', 'would', 'made', 'illegal', 'bar', 'restaurant', 'patrons', 'light']","['passed', 'num', 'never', 'put', 'effect', 'smoking', 'law', 'would', 'prevented', 'bar', 'restaurant', 'patrons', 'lighting', 'exempted', 'private', 'clubs', 'regulation']",3.4
"['first', 'trial', 'suspect', 'last', 'years', 'bali', 'nightclub', 'bombings', 'killed', 'num', 'people', 'opened', 'indonesia', 'today', 'sky', 'news', 'reported']","['one', 'key', 'suspects', 'october', 'nightclub', 'bombings', 'killed', 'num', 'people', 'bali', 'went', 'trial', 'monday', 'amid', 'tight', 'security']",3.75
"['french', 'retirees', 'increase', 'one', 'fifth', 'third', 'population', 'num']","['num', 'retirees', 'account', 'third', 'population', 'fifth', 'today']",4.0
"['iraqi', 'police', 'opened', 'fire', 'downtown', 'baghdad', 'today', 'demonstrators', 'stormed', 'police', 'station', 'demanding', 'given', 'jobs', 'claimed', 'paid', 'bribes']","['iraqi', 'police', 'opened', 'fire', 'downtown', 'baghdad', 'wednesday', 'demonstrators', 'demanding', 'jobs', 'stormed', 'police', 'station', 'threw', 'stones', 'officers', 'police', 'said']",3.25
"['dow', 'jones', 'industrial', 'average', 'dji', 'added', 'num', 'points', 'num', 'percent', 'num', 'hitting', 'highest', 'level', 'num', 'months']","['dow', 'jones', 'industrial', 'average', 'dji', 'rose', 'num', 'points', 'num', 'percent', 'num']",2.25
"['quarter', 'last', 'year', 'eds', 'declared', 'profit', 'num', 'million', 'num', 'cents', 'per', 'share']","['eds', 'reported', 'firstquarter', 'loss', 'num', 'million', 'num', 'cents', 'per', 'share']",1.5
"['microsoft', 'fell', 'num', 'percent', 'open', 'num', 'thursdays', 'close', 'num']","['shares', 'microsoft', 'slipped', 'num', 'percent', 'afterhours', 'trade', 'num', 'nasdaq', 'close', 'num']",3.0
"['extraordinarily', 'fast', 'said', 'matt', 'geller', 'analyst', 'cibc', 'world', 'markets']","['actually', 'going', 'record', 'sales', 'velcade', 'year', 'said', 'matt', 'geller', 'analyst', 'cibc', 'world', 'markets']",2.25
"['rebels', 'government', 'forces', 'accused', 'pillaging', 'villages', 'liberias', 'countryside', 'despite', 'peace', 'agreement']","['rebels', 'government', 'forces', 'including', 'loyald', 'taylor', 'accused', 'pillaging', 'villages', 'liberias', 'countryside', 'despite', 'peace', 'deal']",4.0
"['microsoft', 'awarded', 'patent', 'feature', 'instant', 'messaging', 'alerts', 'user', 'person', 'communicating', 'inputting', 'message']","['microsoft', 'awarded', 'patent', 'popular', 'instantmessaging', 'feature', 'shows', 'users', 'person', 'end', 'conversation', 'typing', 'message']",4.75
"['arrests', 'revealed', 'new', 'details', 'fourmonth', 'investigation', 'selenskis', 'mount', 'olivet', 'road', 'home']","['kerkowski', 'fassetts', 'bodies', 'unearthed', 'selenskis', 'mount', 'olivet', 'road', 'home', 'june', 'num']",1.5
"['intend', 'appeal', 'vigorously', 'still', 'expect', 'vindicated', 'ultimately']","['think', 'bad', 'law', 'still', 'expect', 'vindicated', 'ultimately']",3.067
"['kansas', 'law', 'illegal', 'children', 'age', 'num', 'sexual', 'relations']","['opinion', 'kline', 'noted', 'illegal', 'children', 'young', 'sexual', 'relations']",2.75
"['transaction', 'expand', 'callebauts', 'sales', 'revenues', 'consumer', 'products', 'business', 'num', 'percent', 'num', 'percent']","['transaction', 'expand', 'callebauts', 'sales', 'revenues', 'consumer', 'products', 'business', 'around', 'num', 'percent', 'onethird', 'total', 'sales']",3.5
"['indonesias', 'army', 'often', 'accused', 'human', 'rights', 'abuses', 'gams', 'battle', 'independence', 'charges', 'generally', 'denied', 'accusing', 'separatists', 'committing', 'rights', 'violations']","['indonesias', 'army', 'accused', 'human', 'rights', 'abuses', 'earlier', 'battles', 'gam', 'charges', 'generally', 'denied']",3.25
"['iraqs', 'economy', 'ravaged', 'years', 'un', 'sanctions', 'expresident', 'saddam', 'husseins', 'num', 'occupation', 'kuwait', 'usled', 'war', 'oust', 'ended', 'april']","['iraqs', 'economy', 'shattered', 'former', 'president', 'saddam', 'hussein', 'usled', 'war', 'oust', 'ended', 'april']",3.75
"['one', 'also', 'pointed', 'word', 'refugee', 'englishturkish', 'dictionary']","['one', 'man', 'brandished', 'englishturkish', 'dictionary', 'pointed', 'word', 'refugee']",3.8
"['bulk', 'funds', 'num', 'billion', 'go', 'military', 'operations', 'iraq', 'afghanistan']","['bulk', 'bill', 'num', 'billion', 'goes', 'military', 'operations', 'primarily', 'iraq', 'afghanistan']",4.0
"['dolores', 'mahoy', 'num', 'colorado', 'springs', 'colo', 'someone', 'might', 'helped', 'legislation', 'pending', 'congress']","['dolores', 'e', 'mahoy', 'num', 'colorado', 'springs', 'type', 'person', 'might', 'helped', 'legislation', 'pending', 'congress']",4.8
"['advancing', 'issues', 'outnumbered', 'decliners', 'num', 'num', 'new', 'york', 'stock', 'exchange']","['declining', 'issues', 'outnumbered', 'advancers', 'slightly', 'num', 'num', 'new', 'york', 'stock', 'exchange']",2.2
"['beauty', 'contest', 'held', 'italy', 'next', 'week', 'may', 'first', 'pixelperfect', 'pinups']","['new', 'beauty', 'contest', 'kicking', 'italy', 'next', 'week', 'give', 'pixelperfect', 'pinups', 'chance', 'steal', 'sultry', 'sophias', 'sexsymbol', 'status']",3.25
"['analysts', 'consensus', 'estimate', 'thomson', 'first', 'call', 'loss', 'num', 'share', 'excluding', 'onetime', 'items']","['estimate', 'analysts', 'surveyed', 'thomson', 'first', 'call', 'loss', 'num', 'share']",2.5
"['boeings', 'board', 'also', 'expected', 'decide', 'december', 'meeting', 'whether', 'offer', 'airplane', 'sale', 'airlines']","['widely', 'expected', 'give', 'bair', 'formal', 'approval', 'offer', 'plane', 'sale', 'airlines']",2.25
"['bush', 'said', 'resistance', 'forces', 'hostile', 'us', 'presence', 'feel', 'like', 'conditions', 'attack', 'us']","['feel', 'like', 'conditions', 'attack', 'us']",2.75
"['defense', 'lawyers', 'said', 'change', 'venue', 'needed', 'massive', 'pretrial', 'publicity', 'tainted', 'jury', 'pool', 'client']","['defense', 'lawyers', 'requested', 'change', 'venue', 'two', 'reasons', 'argued', 'massive', 'pretrial', 'publicity', 'tainted', 'jury', 'pool', 'client']",4.75
"['founded', 'num', 'lendingtree', 'exchange', 'consists', 'num', 'banks', 'lenders', 'brokers']","['lendingtree', 'matches', 'borrowers', 'via', 'internet', 'num', 'mortgage', 'brokers', 'banks', 'lenders']",3.5
"['taxpayers', 'get', 'surprise', 'tax', 'cuts', 'num', 'num', 'week', 'july', 'num']","['australias', 'num', 'million', 'income', 'taxpayers', 'received', 'surprise', 'tax', 'cuts', 'num', 'num', 'week', 'treasurer', 'peter', 'costello', 'last', 'night']",3.25
"['gyorgy', 'heizler', 'head', 'local', 'disaster', 'unit', 'said', 'coach', 'carrying', 'num', 'passengers']","['head', 'local', 'disaster', 'unit', 'gyorgy', 'heizler', 'said', 'coach', 'driver', 'failed', 'heed', 'red', 'stop', 'lights']",3.0
"['tuition', 'fouryear', 'private', 'colleges', 'averaged', 'num', 'year', 'num', 'percent', 'num']","['current', 'academic', 'year', 'tuition', 'public', 'colleges', 'averaged', 'num', 'almost', 'num', 'year']",1.5
"['statewide', 'unemployment', 'rate', 'fell', 'num', 'percent', 'revised', 'num', 'percent', 'august']","['unemployment', 'rate', 'san', 'joaquin', 'county', 'dipped', 'last', 'month', 'num', 'percent', 'nearly', 'full', 'percentage', 'point', 'august']",2.0
"['security', 'lights', 'also', 'installed', 'police', 'swept', 'grounds', 'booby', 'traps']","['security', 'lights', 'also', 'installed', 'barn', 'near', 'front', 'gate']",3.0
"['us', 'troops', 'shrink', 'mounting', 'raids', 'attacking', 'foes', 'locations', 'pinpointed']","['american', 'troops', 'shrink', 'mounting', 'raids', 'locations', 'foes', 'pinpointed']",4.75
"['moore', 'immediate', 'comment', 'tuesday']","['moore', 'immediate', 'response', 'tuesday']",4.7780000000000005
"['judge', 'ordered', 'child', 'placed', 'state', 'custody', 'aug', 'num']","['aug', 'num', 'juvenile', 'court', 'judge', 'robert', 'yeates', 'ordered', 'parker', 'placed', 'protective', 'custody']",3.2
"['white', 'house', 'spokesman', 'ari', 'fleischer', 'said', 'yesterday', 'steps', 'iranians', 'claim', 'taken', 'terms', 'capturing', 'alqaida', 'insufficient']","['steps', 'iranians', 'claim', 'taken', 'terms', 'capturing', 'alqaida', 'insufficient']",3.2
"['results', 'released', 'tuesdays', 'meeting', 'seattle', 'american', 'thoracic', 'society', 'published', 'thursdays', 'new', 'england', 'journal', 'medicine']","['study', 'results', 'released', 'meeting', 'seattle', 'american', 'thoracic', 'society', 'also', 'published', 'tomorrows', 'issue', 'new', 'england', 'journal', 'medicine']",4.364
"['dissent', 'joined', 'chief', 'justice', 'william', 'h', 'rehnquist', 'justice', 'clarence', 'thomas']","['chief', 'justice', 'william', 'h', 'rehnquist', 'justices', 'antonin', 'scalia', 'clarence', 'thomas', 'dissented']",3.8
"['united', 'already', 'paid', 'city', 'num', 'million', 'penalties', 'meeting', 'first', 'round', 'employment', 'targets']","['united', 'paid', 'num', 'million', 'penalties', 'failing', 'meet', 'employment', 'targets']",4.4
"['shelleys', 'office', 'reported', 'friday', 'num', 'signatures', 'reported']","['shelleys', 'office', 'released', 'signature', 'counts', 'late', 'friday', 'said', 'counties', 'reported', 'counting', 'num', 'signatures', 'far']",4.5
"['bush', 'wanted', 'see', 'aircraft', 'landing', 'way', 'pilots', 'saw', 'aircraft', 'landing', 'white', 'house', 'press', 'secretary', 'ari', 'fleischer', 'said', 'yesterday']","['tuesday', 'byrds', 'speech', 'fleischer', 'said', 'bush', 'wanted', 'see', 'aircraft', 'landing', 'way', 'pilots', 'saw', 'aircraft', 'landing']",4.0
"['standing', 'reporters', 'photographers', 'num', 'yards', 'prison', 'gates', 'brent', 'newbury', 'president', 'rockland', 'county', 'patrolmens', 'benevolent', 'association']","['whole', 'thing', 'travesty', 'fumed', 'brent', 'newbury', 'president', 'rockland', 'county', 'patrolmens', 'benevolent', 'association']",1.5
"['brutally', 'beaten', 'really', 'wonder', 'porchia', 'deceased', 'case']","['wonder', 'porchia', 'deceased', 'case', 'sax', 'added']",3.0
"['gloves', 'said', 'unifi', 'official', 'rob', 'oneill']","['unifi', 'official', 'rob', 'oneill', 'said', 'gloves']",5.0
"['pratt', 'whitney', 'said', 'num', 'per', 'cent', 'engine', 'equipment', 'would', 'outsourced', 'europe', 'final', 'assembly', 'germany']","['pratt', 'whitney', 'said', 'contract', 'num', 'per', 'cent', 'engine', 'equipment', 'would', 'outsourced', 'european', 'suppliers', 'final', 'assembly', 'germany']",3.6
"['staff', 'writers', 'selwyn', 'crawford', 'colleen', 'mccain', 'nelson', 'brian', 'anderson', 'dallasnewscom', 'contributed', 'report']","['staff', 'writers', 'brandon', 'formby', 'colleen', 'mccain', 'nelson', 'contributed', 'report']",2.8
"['commerce', 'commission', 'would', 'significant', 'hurdle', 'deal']","['new', 'zealand', 'commerce', 'commission', 'given', 'westpac', 'indication', 'whether', 'would', 'approved', 'deal']",1.8
"['prosecutors', 'filed', 'motion', 'informing', 'lee', 'intend', 'seek', 'death', 'penalty']","['added', 'prosecutors', 'seek', 'death', 'penalty']",3.4
"['american', 'masters', 'arthur', 'miller', 'elia', 'kazan', 'blacklist', 'none', 'without', 'sin', 'wed']","['note', 'subheading', 'terrible', 'parable', 'american', 'masters', 'series', 'arthur', 'miller', 'elia', 'kazan', 'blacklist', 'none', 'without', 'sin']",3.0
"['package', 'included', 'increases', 'citys', 'sales', 'income', 'taxes']","['also', 'objects', 'sales', 'personal', 'income', 'tax', 'increases', 'package']",2.0
"['songs', 'offer', 'num', 'cents', 'num', 'album']","['company', 'offer', 'songs', 'num', 'cents', 'albums', 'num']",3.333
"['certainly', 'know', 'suggests', 'take', 'theyre', 'saying', 'seriously', 'added']","['dont', 'know', 'everything', 'know', 'suggests', 'take', 'theyre', 'saying', 'seriously', 'said']",4.25
"['gillette', 'shares', 'rose', 'num', 'num', 'percent', 'num', 'afternoon', 'new', 'york', 'stock', 'exchange', 'trading']","['shares', 'gillette', 'closed', 'num', 'cents', 'num', 'trading', 'wednesday', 'new', 'york', 'stock', 'exchange']",2.0
"['shares', 'san', 'diegobased', 'jack', 'box', 'closed', 'num', 'num', 'cents', 'num', 'percent', 'new', 'york', 'stock', 'exchange']","['shares', 'tampabased', 'outback', 'steakhouse', 'inc', 'closed', 'num', 'num', 'num', 'percent', 'new', 'york', 'stock', 'exchange']",1.6
"['dow', 'jones', 'industrials', 'climbed', 'num', 'points', 'num', 'mark', 'first', 'time', 'since', 'december']","['dow', 'jones', 'industrials', 'briefly', 'surpassed', 'num', 'mark', 'first', 'time', 'since', 'december']",3.6
"['government', 'chosen', 'three', 'companies', 'develop', 'plans', 'protect', 'commercial', 'aircraft', 'shoulderfired', 'missile', 'attacks', 'homeland', 'security', 'officials', 'announced', 'tuesday']","['department', 'homeland', 'security', 'announced', 'tuesday', 'selected', 'three', 'companies', 'continue', 'research', 'ways', 'thwart', 'shoulderfired', 'missile', 'attacks', 'us', 'commercial', 'aircraft']",4.75
"['tamil', 'parties', 'blame', 'liberation', 'tigers', 'tamil', 'eelam', 'ltte', 'killings']","['government', 'wanted', 'revive', 'talks', 'liberation', 'tigers', 'tamil', 'eelam', 'ltte', 'discuss', 'interim', 'structure']",1.75
"['two', 'britons', 'sandy', 'mitchell', 'glasgow', 'glasgowborn', 'william', 'sampson', 'face', 'death', 'penalty']","['sandy', 'mitchell', 'num', 'kirkintilloch', 'glasgow', 'william', 'sampson', 'british', 'citizen', 'born', 'glasgow', 'face', 'beheading', 'public']",3.25
"['urged', 'patience', 'americans', 'eager', 'service', 'intended', 'block', 'num', 'percent', 'telemarketing', 'calls']","['free', 'service', 'originally', 'intended', 'block', 'num', 'percent', 'telemarketer', 'calls']",3.0
"['jordan', 'green', 'prelates', 'private', 'lawyer', 'said', 'comment']","['obriens', 'attorney', 'jordan', 'green', 'declined', 'comment']",3.6
"['mr', 'hadley', 'new', 'partner', 'child', 'said', 'absolutely', 'delighted']","['statement', 'issued', 'solicitors', 'mr', 'hadley', 'said', 'absolutely', 'delighted', 'outcome', 'proceedings']",3.4
"['losses', 'occurred', 'overnight', 'willow', 'canyon', 'one', 'three', 'areas', 'santa', 'catalina', 'mountains', 'threatened', 'numweekold', 'fire', 'already', 'blackened', 'num', 'acres']","['losses', 'occurred', 'overnight', 'willow', 'canyon', 'one', 'three', 'areas', 'santa', 'catalina', 'mountains', 'threatened', 'resurgent', 'aspen', 'fire']",3.25
"['want', 'stand', 'let', 'credit', 'card', 'lynching', 'take', 'place', 'declared', 'rep', 'major', 'owens', 'dbrooklyn']","['dont', 'want', 'stand', 'see', 'credit', 'card', 'lynching', 'take', 'place', 'said']",3.5
"['however', 'commercial', 'use', 'num', 'kernel', 'still', 'months', 'customers']","['commercial', 'releases', 'num', 'kernel', 'major', 'linux', 'distributors', 'still', 'remain', 'months', 'away']",3.786
"['broader', 'standard', 'poors', 'num', 'index', 'spx', 'advanced', 'num', 'points', 'num', 'percent', 'num']","['nasdaq', 'composite', 'index', 'ixic', 'num', 'points', 'num', 'percent', 'num']",0.8
"['two', 'officials', 'initially', 'said', 'num', 'workers', 'arrested', 'num', 'stores', 'num', 'states']","['officials', 'later', 'revised', 'numbers', 'said', 'num', 'arrested', 'num', 'stores']",2.4
"['deal', 'makes', 'sense', 'companies', 'halla', 'said', 'prepared', 'statement']","['brian', 'halla', 'ceo', 'natsemi', 'claimed', 'deal', 'made', 'sense', 'companies']",3.2
"['fiftyseven', 'senators', 'including', 'num', 'republicans', 'signed', 'letter']","['signed', 'letter', 'num', 'senators', 'including', 'num', 'republicans']",4.923
"['five', 'human', 'cases', 'west', 'nile', 'virus', 'reported', 'mesa', 'county', 'health', 'department', 'wednesday']","['week', 'num', 'human', 'west', 'nile', 'cases', 'num', 'counties', 'reported', 'health', 'department']",2.6
"['mr', 'manuel', 'group', 'entered', 'united', 'states', 'walking', 'across', 'bridge', 'linking', 'matamoros', 'brownsville']","['manuel', 'group', 'entered', 'us', 'way', 'thousands', 'people', 'every', 'day', 'walking', 'across', 'bridge', 'matamoros', 'brownsville']",4.0
"['nasd', 'regulations', 'mr', 'young', 'file', 'response', 'request', 'hearing', 'nasd', 'panel']","['analyst', 'already', 'let', 'go', 'merrill', 'request', 'hearing', 'nasd', 'panel']",3.0
"['president', 'began', 'speech', 'acknowledging', 'terrorist', 'attacks', 'saudi', 'arabia', 'killed', 'least', 'num', 'people', 'including', 'seven', 'americans']","['bush', 'however', 'also', 'lashed', 'terrorist', 'bombings', 'saudi', 'arabia', 'killed', 'least', 'num', 'people', 'including', 'number', 'americans']",3.2
"['im', 'proud', 'citizens', 'state', 'gov', 'john', 'baldacci', 'said', 'votes', 'tuesdays', 'referendum', 'counted']","['im', 'proud', 'citizens', 'state', 'said', 'gov', 'john', 'baldacci', 'casino', 'foe']",3.2
"['among', 'three', 'major', 'candidates', 'schwarzenegger', 'wining', 'battle', 'independents', 'crossover', 'voters']","['schwarzenegger', 'picks', 'independents', 'crossover', 'voters', 'bustamante']",3.4
"['replace', 'ron', 'dittemore', 'announced', 'resignation', 'april', 'num']","['dittemore', 'announced', 'plans', 'resign', 'april', 'num']",2.6
"['selenski', 'previously', 'spent', 'seven', 'years', 'prison', 'bank', 'robbery', 'conviction']","['selenski', 'served', 'seven', 'years', 'prison', 'bank', 'robbery']",4.571
"['maddox', 'num', 'cracked', 'two', 'ribs', 'fell', 'num', 'days', 'ago', 'assisted', 'living', 'home', 'recovering', 'intestinal', 'surgery', 'virginia', 'carnes', 'said']","['maddox', 'battled', 'cancer', 'since', 'num', 'cracked', 'two', 'ribs', 'earlier', 'month', 'fell', 'assisted', 'living', 'home', 'recovering', 'surgery']",3.4
"['graham', 'presidential', 'candidate', 'criticized', 'several', 'republicans', 'politicizing', 'report']","['graham', 'cochaired', 'inquiry', 'presidential', 'candidate']",2.25
"['num', 'linksys', 'overtook', 'cisco', 'systems', 'leading', 'wireless', 'equipment', 'vendor', 'accounting', 'num', 'percent', 'revenue']","['rolfe', 'said', 'linksys', 'overtook', 'cisco', 'systems', 'last', 'year', 'leading', 'supplier', 'wlan', 'equipment']",3.5
"['schools', 'fail', 'meet', 'state', 'goals', 'three', 'years', 'row', 'must', 'offer', 'tutoring', 'addition', 'transfers']","['schools', 'dont', 'meet', 'testing', 'goals', 'two', 'years', 'row', 'must', 'offer', 'transfers']",2.75
"['tampering', 'medicine', 'lucrative', 'many', 'arrested', 'lived', 'milliondollar', 'homes']","['tampering', 'medicine', 'apparently', 'lucrative', 'investigators', 'said', 'many', 'suspects', 'lived', 'milliondollar', 'homes']",4.75
"['mr', 'howard', 'said', 'also', 'faith', 'system', 'hicks', 'could', 'tried']","['mr', 'howard', 'also', 'said', 'yesterday', 'hicks', 'would', 'fairly', 'treated', 'saying', 'faith', 'us', 'justice', 'system']",4.5
"['smugglers', 'van', 'chased', 'pickup', 'suv', 'carrying', 'smugglers', 'illegal', 'immigrants', 'said', 'pinal', 'county', 'sheriff', 'roger', 'vanderpool']","['people', 'van', 'opened', 'fire', 'pickup', 'suv', 'believed', 'transporting', 'illegal', 'immigrants', 'said', 'pinal', 'county', 'sheriff', 'roger', 'vanderpool']",3.167
"['trial', 'featuring', 'num', 'witnesses', 'could', 'continue', 'start', 'num']","['trial', 'could', 'last', 'early', 'num', 'expected', 'hear', 'first', 'num', 'witnesses', 'friday']",4.5
"['computers', 'reportedly', 'located', 'us', 'canada', 'south', 'korea']","['pcs', 'scattered', 'across', 'united', 'states', 'canada', 'south', 'korea']",4.75
"['vulnerability', 'affects', 'windows', 'nt', 'num', 'nt', 'num', 'terminal', 'services', 'edition', 'xp', 'num', 'well', 'windows', 'server', 'num']","['microsoft', 'issued', 'patch', 'vulnerability', 'affects', 'windows', 'nt', 'num', 'windows', 'nt', 'num', 'terminal', 'services', 'edition', 'windows', 'num', 'windows', 'xp', 'windows', 'server', 'num']",2.75
"['additional', 'contribution', 'brings', 'total', 'us', 'food', 'aid', 'north', 'korea', 'year', 'num', 'tonnes']","['donation', 'num', 'tons', 'brings', 'total', 'us', 'contributions', 'year', 'num']",3.2
"['european', 'union', 'banned', 'import', 'genetically', 'modified', 'food', 'num', 'united', 'states', 'demanding', 'eu', 'end', 'ban']","['union', 'banned', 'import', 'genetically', 'modified', 'food', 'num', 'many', 'consumers', 'feared', 'health', 'risks']",2.6
"['projected', 'vanderpool', 'available', 'within', 'next', 'five', 'years']","['products', 'featuring', 'vanderpool', 'released', 'within', 'five', 'years', 'said']",4.4
"['annika', 'sorenstam', 'gets', 'first', 'opportunity', 'test', 'objective', 'week', 'mcdonalds', 'lpga', 'championship']","['appetizer', 'devoured', 'annika', 'sorenstam', 'moves', 'entree', 'week', 'mcdonalds', 'lpga', 'championship']",3.0
"['broader', 'standard', 'poors', 'num', 'index', 'spx', 'gained', 'num', 'points', 'num', 'percent', 'num']","['technologylaced', 'nasdaq', 'composite', 'index', 'ixic', 'rose', 'num', 'points', 'num', 'percent', 'num']",0.9440000000000001
"['cisco', 'signed', 'similar', 'deals', 'att', 'corp', 'tn', 'sbc', 'communications', 'inc', 'sbcn', 'sprint', 'corp', 'fonn']","['cisco', 'similar', 'relationships', 'bellsouth', 'competitors', 'sbc', 'communications', 'att', 'sprint', 'communications']",4.0
"['harris', 'klebold', 'killed', 'num', 'students', 'teacher', 'taking', 'lives', 'april', 'num', 'num']","['harris', 'klebold', 'killed', 'num', 'students', 'teacher', 'school']",3.8
"['condemn', 'governing', 'council', 'headed', 'united', 'states', 'muqtada', 'al', 'sadr', 'said', 'sermon', 'mosque']","['condemn', 'denounce', 'governing', 'council', 'headed', 'united', 'states', 'moqtada', 'alsadr', 'said']",4.2
"['statement', 'distributed', 'friday', 'num', 'chechen', 'nongovernmental', 'organizations', 'said', 'would', 'boycott', 'vote']","['statement', 'distributed', 'today', 'num', 'chechen', 'nongovernmental', 'organisations', 'said', 'would', 'boycott', 'vote', 'warned', 'voters', 'expect', 'fraud']",4.2
"['states', 'population', 'num', 'num', 'according', 'us', 'census']","['num', 'num', 'however', 'states', 'population', 'grew', 'num', 'percent', 'num']",2.6
"['july', 'num', 'hurlbert', 'files', 'single', 'count', 'felony', 'sexual', 'assault', 'bryant']","['bryant', 'num', 'charged', 'felony', 'sexual', 'assault']",3.056
"['st', 'paul', 'chairman', 'chief', 'executive', 'jay', 'fishman', 'num', 'ceo', 'combined', 'company']","['jay', 'fishman', 'num', 'chairman', 'chief', 'executive', 'st', 'paul', 'chief', 'executive', 'combined', 'company']",4.75
"['instead', 'weida', 'decided', 'meesters', 'case', 'charges', 'rape', 'sodomy', 'indecent', 'assault', 'providing', 'alcohol', 'minors', 'proceed', 'courtmartial']","['douglas', 'meester', 'num', 'charged', 'rape', 'sodomy', 'indecent', 'assault', 'providing', 'alcohol', 'minors']",3.25
"['made', 'similar', 'discovery', 'houston', 'another', 'aircraft', 'dallasbased', 'southwest', 'said', 'statement']","['airline', 'said', 'similar', 'discovery', 'made', 'plane', 'houston']",3.4
"['rosenthal', 'declined', 'comment', 'garrett', 'situation', 'tuesday', 'said', 'statement', 'big', 'contract', 'negotiation']","['shows', 'creator', 'executive', 'producer', 'phil', 'rosenthal', 'quipped', 'statement', 'big', 'contract', 'negotiation']",3.75
"['power', 'back', 'state', 'workers', 'headed', 'back', 'jobs', 'friday', 'morning']","['pataki', 'said', 'power', 'restored', 'state', 'workers', 'would', 'back', 'job', 'friday', 'morning']",2.6
"['nasdaq', 'fell', 'num', 'month', 'snapping', 'sevenmonth', 'winning', 'streak']","['nasdaq', 'roughly', 'num', 'percent', 'month', 'track', 'snap', 'nummonth', 'streak', 'gains']",2.4
"['report', 'found', 'oct', 'num', 'tucked', 'inside', 'old', 'threering', 'binder', 'related', 'investigation']","['report', 'found', 'last', 'week', 'tucked', 'inside', 'training', 'manual', 'belonged', 'hicks']",3.2
"['saturday', 'international', 'committee', 'red', 'cross', 'said', 'temporarily', 'closing', 'offices', 'baghdad', 'basra']","['international', 'committee', 'red', 'cross', 'fearful', 'safety', 'staff', 'operating', 'iraq', 'announced', 'temporarily', 'shutting', 'offices', 'baghdad', 'basra']",3.4
"['ireland', 'palestine', 'solidarity', 'campaign', 'mr', 'muireagáin', 'member', 'welcomed', 'release']","['ireland', 'palestine', 'solidarity', 'campaign', 'member', 'said', 'researching', 'schools', 'exchange', 'project']",2.4
"['glover', 'said', 'killer', 'used', 'peculiar', 'slipknot', 'ligature', 'used', 'strangle', 'victims']","['glover', 'said', 'killer', 'used', 'peculiar', 'slipknot', 'including', 'coaxial', 'cable', 'extension', 'cord', 'strangle', 'victims']",3.4
"['said', 'jane', 'lawyers', 'asked', 'verizon', 'withhold', 'name', 'planning', 'challenging', 'subpoena']","['jane', 'doe', 'deciding', 'fight', 'subpoena', 'asked', 'verizon', 'withhold', 'name']",3.6
"['september', 'numyearold', 'singapore', 'researcher', 'contracted', 'sars', 'working', 'laboratory']","['case', 'august', 'numyearold', 'laboratory', 'worker', 'singapore', 'developed', 'sars']",3.4
"['number', 'num', 'suggests', 'contraction', 'manufacturing', 'sector', 'number', 'indicates', 'expansion']","['reading', 'num', 'suggests', 'growth', 'sector', 'number', 'level', 'indicates', 'contraction']",4.818
"['lawsuit', 'filed', 'attempt', 'block', 'removal', 'ten', 'commandments', 'monument', 'building']","['supporters', 'asked', 'federal', 'court', 'monday', 'block', 'removal', 'ten', 'commandments', 'monument', 'alabama', 'judicial', 'building']",3.2
"['britz', 'earned', 'num', 'million', 'salary', 'bonus', 'compensation', 'kinney', 'earned', 'num', 'million']","['johnston', 'made', 'num', 'million', 'salary', 'bonus', 'num', 'president', 'parttime', 'adviser', 'earned', 'num', 'million', 'num']",1.4
"['truck', 'spotted', 'campbells', 'creek', 'area', 'fitting', 'description', 'morris', 'said']","['black', 'pickup', 'truck', 'also', 'seen', 'campbells', 'creek', 'area', 'morris', 'said']",3.0
"['chairman', 'michael', 'powell', 'fcc', 'colleagues', 'wednesday', 'hearing']","['fcc', 'chief', 'michael', 'powell', 'presides', 'hearing', 'monday']",3.2
"['dow', 'jones', 'industrial', 'average', 'num', 'per', 'cent', 'num', 'nasdaq', 'composite', 'index', 'num', 'per', 'cent', 'higher', 'num']","['wall', 'street', 'dow', 'jones', 'industrial', 'average', 'rose', 'num', 'per', 'cent', 'num', 'nasdaq', 'composite', 'added', 'num', 'per', 'cent', 'num']",1.8
"['tehran', 'made', 'clear', 'sign', 'additional', 'protocol', 'introducing', 'inspections', 'ban', 'import', 'civilian', 'western', 'nuclear', 'technology', 'lifted']","['tehran', 'made', 'clear', 'sign', 'protocol', 'ban', 'imports', 'peaceful', 'western', 'nuclear', 'technology', 'lifted']",3.8
"['congress', 'twice', 'passed', 'similar', 'restrictions', 'see', 'president', 'bill', 'clinton', 'veto']","['congress', 'twice', 'passed', 'similar', 'bills', 'thenpresident', 'clinton', 'vetoed', 'times']",4.6
"['would', 'rather', 'talking', 'high', 'standards', 'low', 'standards']","['would', 'rather', 'talking', 'positive', 'numbers', 'rather', 'negative']",2.8
"['program', 'us', 'officials', 'work', 'foreign', 'port', 'authorities', 'identify', 'target', 'search', 'highrisk', 'cargo']","['program', 'us', 'officials', 'work', 'foreign', 'port', 'authorities', 'seek', 'highrisk', 'cargo', 'reach', 'united', 'states']",4.25
"['niels', 'told', 'interviewer', 'num', 'thought', 'old', 'man', 'would', 'outlive', 'many', 'years']","['num', 'two', 'years', 'death', 'mr', 'nielsen', 'told', 'interviewer', 'thought', 'rock', 'face', 'would', 'outlive', 'many', 'years']",3.0
"['one', 'capt', 'doug', 'mcdonald', 'remained', 'hospitalized', 'critical', 'condition', 'thursday']","['numyearold', 'sister', 'allyson', 'severely', 'burned', 'remained', 'hospitalized', 'critical', 'condition']",0.75
"['wednesday', 'total', 'national', 'guard', 'reserve', 'members', 'called', 'active', 'duty', 'worldwide', 'stood', 'num']","['yesterday', 'total', 'number', 'national', 'guard', 'reserve', 'troops', 'called', 'duty', 'worldwide', 'stood', 'num']",4.0
"['period', 'nearly', 'decade', 'telemarketing', 'associates', 'raised', 'num', 'million']","['telemarketing', 'associates', 'hired', 'vietnow', 'raised', 'num', 'million', 'num', 'num']",3.6
"['bodies', 'former', 'invercargill', 'man', 'warren', 'campbell', 'num', 'climbing', 'companion', 'jonathan', 'smith', 'num', 'recovered', 'mt', 'darchiac', 'late', 'yesterday', 'morning']","['warren', 'david', 'campbell', 'num', 'climbing', 'companion', 'jonathan', 'smith', 'num', 'return', 'expected', 'tuesday', 'climbing', 'mt', 'darchiac', 'mckenzie', 'district']",2.2
"['mr', 'geoghan', 'living', 'protective', 'custody', 'unit', 'since', 'transferred', 'prison', 'april', 'num']","['protective', 'custody', 'since', 'transferred', 'souzabaranowski', 'april', 'officials', 'said']",2.8
"['num', 'democratic', 'platform', 'supported', 'full', 'inclusion', 'gay', 'lesbian', 'families', 'life', 'nation']","['democrats', 'num', 'platform', 'didnt', 'explicitly', 'support', 'gay', 'marriages', 'backed', 'full', 'inclusion', 'gay', 'lesbian', 'families', 'life', 'nation']",3.2
"['shares', 'fell', 'num', 'cents', 'num', 'percent', 'afterhours', 'trading', 'num']","['stock', 'risen', 'num', 'cents', 'num', 'percent', 'close', 'num', 'regularsession', 'nasdaq', 'trading']",1.25
"['hundreds', 'reporters', 'photographers', 'swamped', 'courthouse', 'grounds', 'hearing', 'carried', 'live', 'national', 'cable', 'networks']","['hundreds', 'reporters', 'photographers', 'swamped', 'town', 'short', 'hearing', 'involving', 'fivetime', 'allstar', 'carried', 'live', 'national', 'cable', 'networks']",3.0
"['amds', 'chip', 'sales', 'jumped', 'num', 'percent', 'yearonyear', 'num', 'million']","['secondquarter', 'sales', 'grew', 'num', 'percent', 'num', 'million', 'num', 'million', 'num']",2.2
"['shelia', 'chaney', 'wilson', 'seemed', 'agitated', 'came', 'help', 'prepare', 'turner', 'monumental', 'ame', 'churchs', 'upcoming', 'numth', 'anniversary', 'celebration', 'worshippers', 'said']","['congregants', 'turner', 'monumental', 'ame', 'church', 'said', 'shelia', 'chaney', 'wilson', 'num', 'agitated', 'came', 'church', 'kirkwood', 'neighborhood', 'citys', 'east', 'side']",3.6
"['ace', 'diamonds', 'pack', 'cards', 'depicting', 'iraqi', 'fugitives', 'issued', 'us', 'troops']","['ace', 'diamonds', 'us', 'deck', 'cards', 'showing', 'pictures', 'mostwanted', 'iraqi', 'leaders']",4.0
"['miodrag', 'zivkovic', 'liberal', 'alliance', 'montenegro', 'num', 'percent', 'vote', 'independent', 'dragan', 'hajdukovic', 'got', 'num', 'percent']","['proindependence', 'radical', 'miodrag', 'zivkovic', 'liberal', 'alliance', 'came', 'second', 'num', 'percent', 'vote']",3.0
"['far', 'georgia', 'returned', 'num', 'money', 'wired']","['georgia', 'received', 'num', 'money', 'back', 'help', 'fbi']",3.75
"['island', 'nation', 'reported', 'num', 'new', 'cases', 'may', 'num', 'one', 'day', 'record', 'num', 'new', 'cases', 'may', 'num', 'making', 'taiwans', 'epidemic', 'fastestgrowing', 'world']","['taiwan', 'reported', 'num', 'new', 'cases', 'may', 'num', 'oneday', 'record', 'num', 'new', 'cases', 'may', 'num', 'making', 'epidemic', 'worlds', 'fastestgrowing']",5.0
"['cubs', 'outfielder', 'sammy', 'sosa', 'suspended', 'eight', 'games', 'major', 'league', 'baseball', 'friday', 'using', 'corked', 'bat']","['sammy', 'sosa', 'suspended', 'eight', 'games', 'major', 'league', 'baseball', 'friday', 'using', 'corked', 'bat', 'immediately', 'appealed', 'decision']",3.2
"['half', 'women', 'given', 'daily', 'dose', 'drug', 'half', 'took', 'placebo']","['half', 'women', 'received', 'daily', 'tablet', 'combination', 'oestrogen', 'plus', 'progestin', 'rest', 'given', 'placebo']",3.2
"['police', 'removed', 'four', 'home', 'weighed', 'num', 'pounds', 'combined']","['boy', 'weighed', 'less', 'num', 'pounds', 'removed', 'home', 'oct', 'num']",3.0
"['ibrahims', 'one', 'separation', 'operation', 'goodrich', 'dr', 'david', 'staffenberg', 'plan', 'three', 'aguirres', 'several', 'weeks']","['instead', 'one', 'long', 'operation', 'separate', 'twins', 'goodrich', 'dr', 'david', 'staffenberg', 'plan', 'three', 'several', 'weeks']",3.6
"['company', 'expanded', 'providing', 'services', 'buyers', 'including', 'payment', 'services']","['company', 'expanded', 'basic', 'services', 'offering', 'payment', 'even', 'financing']",4.2
"['blasts', 'killed', 'two', 'people', 'injured', 'num', 'others']","['atlanta', 'olympic', 'games', 'attack', 'killed', 'one', 'woman', 'injured', 'num', 'people']",1.8
"['num', 'president', 'bush', 'named', 'kathy', 'gregg', 'student', 'loan', 'marketing', 'association', 'board', 'directors']","['num', 'president', 'bush', 'named', 'student', 'loan', 'marketing', 'association', 'largest', 'us', 'lender', 'students']",3.231
"['boston', 'archdiocese', 'faced', 'waves', 'scandal', 'angered', 'victims', 'advocates', 'parishioners', 'priests']","['waves', 'scandal', 'angered', 'victims', 'advocates', 'parishioners', 'priests', 'point', 'law', 'could', 'longer', 'run', 'archdiocese']",3.0
"['federal', 'magistrate', 'fort', 'lauderdale', 'ordered', 'held', 'without', 'bail']","['zuccarini', 'ordered', 'held', 'without', 'bail', 'wednesday', 'federal', 'judge', 'fort', 'lauderdale', 'fla']",3.0
"['departments', 'position', 'threatens', 'alienate', 'social', 'conservatives', 'provided', 'strong', 'political', 'support', 'mr', 'ashcroft', 'president', 'bush']","['departments', 'stance', 'disappointed', 'abortion', 'opponents', 'threatens', 'alienate', 'social', 'conservatives', 'provided', 'strong', 'political', 'support', 'ashcroft', 'president', 'bush']",3.75
"['south', 'africa', 'worlds', 'highest', 'caseload', 'num', 'million', 'people', 'infected', 'hiv', 'aids']","['num', 'million', 'people', 'infected', 'hiv', 'aids', 'south', 'africa', 'worlds', 'highest', 'aids', 'caseload']",5.0
"['position', 'elias', 'report', 'joe', 'tucci', 'president', 'ceo', 'emc']","['executive', 'vice', 'president', 'new', 'ventures', 'elias', 'report', 'joe', 'tucci', 'emcs', 'president', 'chief', 'executive']",3.4
"['new', 'army', 'commander', 'masaka', 'armoured', 'brigade', 'commanding', 'officer', 'brigadier', 'aronda', 'nyakairima', 'promoted', 'major', 'general']","['president', 'yoweri', 'museveni', 'promoted', 'brigadier', 'aronda', 'nyakairima', 'major', 'general', 'named', 'army', 'commander']",3.2
"['mailblocks', 'founded', 'five', 'years', 'webtv', 'acquired', 'microsoft', 'num', 'million']","['webtv', 'sold', 'microsoft', 'num', 'num', 'million', 'today', 'called', 'msn', 'tv']",2.8
"['metropolitan', 'transportation', 'authority', 'given', 'two', 'weeks', 'restore', 'num', 'fare', 'old', 'commuter', 'railroad', 'rates', 'york', 'declared']","['metropolitan', 'transportation', 'authority', 'plans', 'appeal', 'given', 'may', 'num', 'restore', 'old', 'subway', 'bus', 'fare', 'old', 'commuter', 'railroad', 'rates']",2.8
"['today', 'trying', 'convey', 'problem', 'russian', 'president', 'vladimir', 'putin', 'us', 'president', 'george', 'w', 'bush']","['today', 'trying', 'convey', 'problem', 'russian', 'president', 'vladimir', 'putin', 'news', 'web', 'sites', 'president', 'bush', 'news', 'web', 'sites']",4.6
"['state', 'wants', 'kill', 'wolves', 'approximately', 'numsquaremile', 'area', 'near', 'village', 'mcgrath']","['state', 'wants', 'kill', 'wolves', 'approximately', 'numsquaremile', 'area', 'near', 'mcgrath', 'establish', 'moose', 'nursery', 'sorts']",3.2
"['peterson', 'told', 'police', 'fished', 'alone', 'san', 'francisco', 'bay', 'christmas', 'eve', 'returning', 'empty', 'house']","['peterson', 'told', 'police', 'left', 'wife', 'num', 'dec', 'num', 'fish', 'alone', 'san', 'francisco', 'bay']",3.0
"['feds', 'empire', 'state', 'survey', 'far', 'exceeded', 'expectations', 'jumping', 'num', 'june', 'record', 'high', 'num', 'may']","['prices', 'pulled', 'back', 'offshore', 'highs', 'empire', 'state', 'survey', 'far', 'exceeded', 'expectations', 'jumping', 'num', 'june', 'record', 'high', 'num', 'may']",3.8
"['det', 'chief', 'insp', 'norman', 'mckinlay', 'said', 'evidence', 'body', 'bodies', 'area']","['detective', 'chief', 'inspector', 'norman', 'mckinlay', 'leading', 'investigation', 'said', 'evidence', 'body', 'bodies', 'area']",4.5
"['board', 'chancellor', 'robert', 'bennett', 'declined', 'comment', 'personnel', 'matters', 'tuesday', 'mills']","['mr', 'mills', 'declined', 'comment', 'yesterday', 'saying', 'never', 'discussed', 'personnel', 'matters']",3.0
"['general', 'jeffrey', 'said', 'would', 'donate', 'military', 'pension', 'charity', 'period', 'office', 'yarralumla']","['majgen', 'jeffery', 'said', 'would', 'give', 'military', 'pension', 'charity', 'served', 'yarralumla']",4.727
"['tampa', 'bay', 'manager', 'lou', 'piniella', 'bench', 'coach', 'john', 'mclaren', 'right', 'fielder', 'aubrey', 'huff', 'ejected', 'arguing', 'huff', 'called', 'strikes', 'end', 'ninth']","['tampa', 'bay', 'manager', 'lou', 'piniella', 'bench', 'coach', 'john', 'mclaren', 'huff', 'ejected', 'middle', 'ninth']",3.8
"['venture', 'owns', 'five', 'oil', 'refineries', 'num', 'filling', 'stations', 'russia', 'ukraine']","['tnkbp', 'six', 'oil', 'producing', 'units', 'five', 'refineries', 'num', 'filling', 'stations']",3.0
"['changes', 'plan', 'refine', 'original', 'vision', 'libeskind', 'said']","['many', 'changes', 'improvements', 'original', 'plan', 'libeskind', 'said']",4.6
"['rep', 'peter', 'deutsch', 'dfla', 'criticized', 'fdas', 'efforts', 'florida']","['peter', 'deutsch', 'dfla', 'said', 'wanted', 'congratulate', 'fda']",2.0
"['num', 'active', 'probable', 'cases', 'gta', 'compared', 'num', 'cases', 'june', 'num']","['globally', 'number', 'active', 'probable', 'cases', 'declined', 'num']",1.5
"['sars', 'killed', 'num', 'people', 'chinas', 'mainland', 'infected', 'num']","['throughout', 'chinas', 'mainland', 'disease', 'killed', 'num', 'people', 'infected', 'num']",3.2
"['redesigned', 'finder', 'also', 'features', 'search', 'coloured', 'labels', 'customized', 'organization', 'documents', 'projects', 'dynamic', 'browsing', 'network', 'mac', 'windows', 'unix', 'file', 'servers']","['also', 'supports', 'coloured', 'labels', 'better', 'organise', 'documents', 'dynamic', 'browsing', 'network', 'mac', 'windows', 'unix', 'file', 'servers']",3.0
"['lawyer', 'representing', 'torch', 'concepts', 'rich', 'marsden', 'respond', 'repeated', 'phone', 'calls']","['officials', 'torch', 'jetblue', 'respond', 'repeated', 'phone', 'calls', 'mercury', 'news', 'seeking', 'comment']",2.75
"['voluntarily', 'castrated', 'num', 'operation', 'contends', 'removed', 'ability', 'become', 'sexually', 'aroused']","['devries', 'voluntarily', 'castrated', 'august', 'num', 'said', 'surgery', 'took', 'away', 'ability', 'become', 'sexually', 'aroused']",4.5
"['sptsx', 'composite', 'rose', 'num', 'points', 'week', 'tsx', 'venture', 'exchange', 'composite', 'gained', 'num', 'points']","['week', 'dow', 'jones', 'industrial', 'average', 'rose', 'num', 'points', 'nasdaq', 'stock', 'market', 'gained', 'num', 'points']",1.0
"['turn', 'suse', 'license', 'java', 'num', 'standard', 'edition', 'also', 'formalising', 'existing', 'agreement', 'distribute', 'suns', 'java', 'virtual', 'machine', 'running', 'java', 'applications']","['nuremberg', 'germanybased', 'suse', 'license', 'suns', 'java', 'num', 'standard', 'edition', 'jnumse', 'ship', 'suns', 'java', 'virtual', 'machine', 'across', 'linux', 'software', 'line']",3.75
"['long', 'lines', 'formed', 'outside', 'gas', 'stations', 'people', 'rushed', 'get', 'money', 'cash', 'machines', 'sunday', 'israelis', 'prepared', 'weather', 'strike', 'threatened', 'paralyze', 'country']","['long', 'lines', 'formed', 'sunday', 'outside', 'gas', 'stations', 'people', 'rushed', 'get', 'money', 'cash', 'machines', 'israelis', 'braced', 'strikes', 'effects']",4.5
"['techheavy', 'nasdaq', 'composite', 'index', 'fell', 'num', 'num', 'percent', 'num', 'following', 'twoday', 'win', 'num']","['technologylaced', 'nasdaq', 'composite', 'index', 'ixic', 'eased', 'num', 'points', 'num', 'percent', 'num']",1.5
"['dont', 'know', 'sars', 'said', 'dr', 'james', 'young', 'ontarios', 'commissioner', 'public', 'safety']","['hypervigilant', 'said', 'dr', 'james', 'young', 'ontarios', 'commissioner', 'public', 'safety']",2.0
"['sales', 'quarter', 'beat', 'expectations', 'rising', 'num', 'percent', 'yearonyear', 'num', 'billion', 'euros']","['sales', 'rose', 'num', 'per', 'cent', 'yearonyear', 'numbn', 'beating', 'expectations']",4.0
"['company', 'said', 'would', 'issue', 'revised', 'guidance', 'full', 'fiscal', 'year', 'next', 'month', 'releases', 'qnum', 'results']","['company', 'said', 'would', 'renew', 'guidance', 'num', 'announces', 'second', 'quarter', 'results', 'midjuly']",3.2
"['havent', 'decided', 'whether', 'use', 'unbroken', 'dotted', 'white', 'line', 'experiment', 'worth', 'introducing', 'said', 'david', 'richardson', 'iccs', 'cricket', 'manager']","['havent', 'decided', 'whether', 'use', 'unbroken', 'dotted', 'white', 'line', 'said', 'dave', 'richardson', 'iccs', 'cricket', 'manager']",4.0
"['shinseki', 'retires', 'wednesday', 'numyear', 'career', 'included', 'combat', 'vietnam', 'head', 'us', 'peacekeeping', 'efforts', 'bosnia']","['shinsekis', 'career', 'included', 'combat', 'vietnam', 'head', 'us', 'peacekeeping', 'efforts', 'bosnia']",3.0
"['department', 'also', 'sent', 'water', 'soil', 'samples', 'state', 'health', 'laboratory']","['water', 'samples', 'sent', 'state', 'health', 'department', 'analysis']",3.25
"['clear', 'obligation', 'everything', 'possible', 'protect', 'civilians', 'seeing']","['clear', 'responsibility', 'everything', 'possible', 'minimize', 'civilian', 'harm']",3.4
"['ross', 'garber', 'rowlands', 'lawyer', 'said', 'tuesday', 'would', 'attend', 'meeting', 'would', 'ask', 'speak', 'issue']","['ross', 'garber', 'rowlands', 'legal', 'counsel', 'said', 'governor', 'would', 'comment', 'condo', 'deal']",2.0
"['previously', 'seen', 'grinning', 'mechanic', 'east', 'java', 'television']","['mr', 'hughes', 'seen', 'amrozis', 'face', 'television', 'infamous', 'images', 'grinning', 'mechanic', 'east', 'java']",3.4
"['two', 'years', 'later', 'insurance', 'coverage', 'would', 'begin']","['agreement', 'medicare', 'coverage', 'drug', 'benefits', 'would', 'begin', 'num']",2.8
"['nasa', 'satellite', 'images', 'show', 'arctic', 'ice', 'shrinking', 'rate', 'nearly', 'num', 'percent', 'decade']","['researchers', 'found', 'sea', 'ice', 'arctic', 'disappearing', 'rate', 'num', 'percent', 'decade']",3.2
"['biotech', 'products', 'anything', 'may', 'safer', 'conventional', 'products', 'testing', 'fraley', 'said', 'adding', 'num', 'countries', 'adopted', 'biotechnology']","['biotech', 'products', 'anything', 'may', 'safer', 'conventional', 'products', 'testing', 'said', 'robert', 'fraley', 'monsantos', 'executive', 'vice', 'president']",3.2
"['nationally', 'board', 'certified', 'teacher', 'masters', 'degree', 'kelley', 'makes', 'salary', 'num', 'numth', 'year']","['nationally', 'board', 'certified', 'teacher', 'masters', 'degree', 'kelley', 'numth', 'year', 'teaching', 'makes', 'num']",4.75
"['vienna', 'iaea', 'said', 'elbaradei', 'would', 'accept', 'invitation', 'although', 'date', 'yet', 'set']","['vienna', 'international', 'atomic', 'energy', 'agency', 'said', 'monday', 'elbaradei', 'accepted', 'irans', 'invitation', 'said', 'date', 'yet', 'set']",3.25
"['epidemic', 'began', 'november', 'mainlands', 'guangdong', 'province', 'peoples', 'republic', 'china', 'refused', 'report', 'truthfully', 'spread', 'four', 'months']","['prc', 'epidemic', 'began', 'guandong', 'province', 'november', 'communist', 'party', 'government', 'refused', 'report', 'truthfully', 'spread', 'four', 'months']",4.25
"['druce', 'face', 'murder', 'charges', 'conte', 'said']","['conte', 'said', 'druce', 'charged', 'murder']",5.0
"['compared', 'num', 'million', 'num', 'cents', 'per', 'share', 'yearago', 'period']","['earnings', 'affected', 'nonrecurring', 'num', 'million', 'tax', 'benefit', 'yearago', 'period']",1.6
"['nick', 'markakis', 'lefthander', 'young', 'harris', 'junior', 'college', 'georgia', 'went', 'orioles', 'seventh', 'pick']","['next', 'baltimore', 'took', 'nick', 'markakis', 'lefthanded', 'pitcher', 'outfielder', 'young', 'harris', 'junior', 'college', 'georgia']",3.8
"['remain', 'hopeful', 'city', 'agree', 'work', 'us', 'engage', 'goodfaith', 'discussions', 'issue']","['alhart', 'said', 'governor', 'remains', 'hopeful', 'city', 'continue', 'work', 'us', 'engage', 'goodfaith', 'discussions']",3.5
"['women', 'also', 'concerned', 'many', 'women', 'turning', 'cosmetic', 'surgery', 'quest', 'bodily', 'perfection']","['women', 'also', 'express', 'concern', 'society', 'people', 'ever', 'turning', 'cosmetic', 'surgery', 'quest', 'bodily', 'perfection']",4.75
"['notification', 'first', 'reported', 'friday', 'msnbc']","['msnbccom', 'first', 'reported', 'cia', 'request', 'friday']",3.0
"['however', 'photo', 'peter', 'hollingworth', 'june', 'issue', 'examined', 'herald', 'yesterday']","['however', 'photograph', 'dr', 'hollingworth', 'june', 'issue', 'magazine', 'examined', 'age', 'yesterday']",3.0
"['continue', 'work', 'saudis', 'time', 'tragic', 'event', 'provide', 'additional', 'security', 'requested']","['time', 'particular', 'tragic', 'event', 'provide', 'security', 'requested', 'mr', 'jordan', 'said']",3.25
"['statement', 'released', 'dei', 'said', 'green', 'would', 'begin', 'driving', 'car', 'interim', 'basis', 'beginning', 'next', 'week', 'winston', 'open', 'lowes', 'motor', 'speedway']","['announced', 'green', 'replace', 'park', 'dale', 'earnhardt', 'inc', 'num', 'chevrolet', 'beginning', 'winston', 'open', 'lowes', 'motor', 'speedway', 'next', 'week']",3.25
"['costas', 'semifinal', 'opponent', 'spaniard', 'juan', 'carlos', 'ferrero', 'beat', 'last', 'years', 'final']","['costa', 'play', 'juan', 'carlos', 'ferrero', 'next', 'rematch', 'last', 'years', 'final']",3.75
"['doctors', 'speculated', 'bodys', 'estrogen', 'protects', 'cell', 'damage', 'improves', 'blood', 'flow']","['belief', 'based', 'speculation', 'estrogen', 'prevents', 'cell', 'damage', 'improves', 'blood', 'flow']",4.25
"['technologylaced', 'nasdaq', 'composite', 'index', 'ixic', 'added', 'num', 'points', 'num', 'percent', 'num']","['broader', 'standard', 'poors', 'num', 'index', 'spx', 'crept', 'num', 'points', 'num', 'percent', 'num']",1.2
"['americans', 'reported', 'among', 'casualties', 'according', 'capt', 'michael', 'calvert', 'spokesman', 'regiment']","['none', 'casualties', 'americans', 'said', 'capt', 'michael', 'calvert', 'regiment', 'spokesman']",5.0
"['think', 'right', 'choose']","['think', 'peoplesoft', 'customers', 'deserve', 'right', 'choose', 'ellison', 'said']",3.0
"['found', 'smoking', 'gun', 'investigating', 'board', 'member', 'scott', 'hubbard', 'said']","['found', 'smoking', 'gun', 'said', 'hubbard', 'director', 'nasas', 'ames', 'research', 'center', 'california']",3.6
"['child', 'literally', 'neglected', 'death', 'armstrong', 'county', 'district', 'attorney', 'scott', 'andreassi', 'said']","['armstrong', 'county', 'district', 'attorney', 'scott', 'andreassi', 'said', 'many', 'family', 'photos', 'home', 'include', 'kristen']",1.8
"['microsoft', 'said', 'friday', 'halting', 'development', 'future', 'macintosh', 'versions', 'internet', 'explorer', 'browser', 'citing', 'competition', 'apple', 'computers', 'safari', 'browser']","['microsoft', 'stop', 'developing', 'versions', 'internet', 'explorer', 'browser', 'software', 'macintosh', 'computers', 'saying', 'apples', 'safari', 'apple', 'needs']",4.0
"['chapman', 'immediately', 'arrested', 'expected', 'appear', 'arraignment', 'july', 'num']","['mr', 'chapman', 'hasnt', 'arrested', 'expected', 'appear', 'arraignment', 'next', 'thursday', 'prosecutors', 'said']",3.8
"['president', 'bush', 'raised', 'recordbreaking', 'num', 'million', 'reelection', 'campaign', 'last', 'three', 'months', 'contributions', 'num', 'americans', 'presidents', 'campaign', 'chairman', 'said', 'tuesday']","['president', 'bush', 'raised', 'num', 'million', 'since', 'beginning', 'reelection', 'campaign', 'may', 'num', 'million', 'left', 'spend', 'campaign', 'said', 'tuesday']",2.4
"['authorities', 'ohio', 'indiana', 'michigan', 'searched', 'bodies']","['far', 'authorities', 'also', 'searched', 'areas', 'pennsylvania', 'ohio', 'indiana', 'michigan']",2.8
"['said', 'european', 'governments', 'blocked', 'new', 'biocrops', 'unfounded', 'unscientific', 'fears']","['blocked', 'new', 'biocrops', 'unfounded', 'unscientific', 'fears', 'bush', 'said']",3.2
"['one', 'question', 'whether', 'france', 'infuriated', 'washington', 'leading', 'charge', 'un', 'authorization', 'war', 'would', 'vote', 'yes', 'abstain']","['france', 'infuriated', 'washington', 'leading', 'charge', 'un', 'approval', 'war', 'also', 'sought', 'changes']",3.0
"['luzerne', 'county', 'district', 'attorney', 'david', 'lupas', 'told', 'news', 'conference', 'monday', 'authorities', 'continuing', 'make', 'significant', 'progress', 'case']","['charges', 'filed', 'deaths', 'luzerne', 'county', 'district', 'attorney', 'david', 'lupas', 'said', 'authorities', 'continuing', 'make', 'significant', 'progress', 'case']",3.4
"['us', 'conference', 'board', 'said', 'latest', 'measure', 'business', 'confidence', 'hit', 'num', 'falling', 'num', 'first', 'quarter', 'survey']","['conference', 'board', 'said', 'measure', 'business', 'confidence', 'fallen', 'num', 'first', 'quarter', 'num', 'improved', 'num', 'recent', 'second', 'quarter']",3.8
"['legal', 'representatives', 'began', 'meeting', 'plaintiffs', 'attorneys', 'last', 'week', 'discuss', 'settlement']","['attorneys', 'archdiocese', 'plaintiffs', 'began', 'meeting', 'last', 'week', 'reach', 'outofcourt', 'settlement']",3.25
"['seniors', 'would', 'pay', 'num', 'percent', 'drug', 'costs', 'num']","['medicare', 'would', 'pay', 'num', 'percent', 'drug', 'costs']",1.5
"['flamboyant', 'entrepreneur', 'flagged', 'plan', 'meeting', 'london', 'australian', 'tourism', 'minister', 'joe', 'hockey']","['sir', 'richard', 'speaking', 'meeting', 'london', 'australian', 'tourism', 'minister', 'joe', 'hockey']",2.8
"['government', 'bonds', 'sold', 'sharply', 'greenspan', 'told', 'congress', 'tuesday', 'us', 'economy', 'could', 'well', 'embarking', 'period', 'extended', 'growth']","['greenspan', 'told', 'congress', 'tuesday', 'us', 'economy', 'could', 'well', 'embarking', 'period', 'sustained', 'growth']",3.2
"['kathy', 'nicolo', 'jennifer', 'connelly', 'house', 'means', 'stability', 'family']","['kathy', 'nicolo', 'jennifer', 'connelly', 'desperate', 'family', 'find', 'life', 'fallen', 'apart']",2.0
"['institute', 'supply', 'managements', 'index', 'nonmanufacturing', 'activity', 'rose', 'unexpectedly', 'april', 'reports', 'said']","['institute', 'supply', 'management', 'said', 'index', 'nonmanufacturing', 'activity', 'rose', 'num', 'num', 'march']",3.4
"['spokeswoman', 'maria', 'cheng', 'agreed', 'saying', 'looks', 'much', 'like', 'isolated', 'event']","['looks', 'much', 'like', 'isolated', 'event', 'world', 'health', 'organization', 'spokeswoman', 'maria', 'cheng', 'said']",4.6
"['police', 'said', 'two', 'small', 'children', 'alone', 'apartment', 'two', 'days']","['police', 'said', 'two', 'small', 'children', 'alone', 'two', 'days', 'lay', 'dead']",3.25
"['priest', 'rev', 'john', 'f', 'johnston', 'num', 'numth', 'avenue', 'jackson', 'heights', 'charged', 'aggravated', 'harassment', 'criminal', 'possession', 'weapon']","['rev', 'john', 'johnston', 'num', 'charged', 'aggravated', 'harassment', 'phone', 'call', 'case', 'criminal', 'possession', 'weapon', 'according', 'police', 'statement']",3.75
"['settlement', 'includes', 'num', 'million', 'attorneys', 'fees', 'expenses']","['plaintiffs', 'attorneys', 'would', 'get', 'num', 'million', 'settlement']",4.5
"['three', 'votes', 'would', 'kill']","['would', 'take', 'three', 'votes', 'kill', 'accs', 'expansion']",3.667
"['num', 'prisoners', 'num', 'countries', 'including', 'canada', 'held', 'many', 'captured', 'war', 'afghanistan', 'alqaida', 'network']","['num', 'prisoners', 'num', 'countries', 'held', 'naval', 'base', 'guantanamo', 'bay', 'many', 'captured', 'war', 'al', 'qaeda', 'afghanistan']",3.333
"['reach', 'john', 'dvorak', 'covers', 'kansas', 'call', 'num', 'num', 'send', 'email', 'jdvorakkctarcom']","['reach', 'brad', 'cooper', 'johnson', 'county', 'municipal', 'reporter', 'call', 'num', 'num', 'send', 'email', 'bcooperkcstarcom']",1.0
"['prosecutor', 'jim', 'hardin', 'called', 'decision', 'victory', 'kathleen', 'petersons', 'family']","['members', 'kathleen', 'petersons', 'family', 'present']",1.0
"['anything', 'wants', 'say', 'alesha', 'badgley', 'stone', 'county', 'nursing', 'rehabilitation', 'center', 'social', 'director', 'said', 'week']","['anything', 'wants', 'say', 'confirmed', 'stone', 'county', 'nursing', 'rehabilitation', 'center', 'social', 'director', 'alesha', 'badgley']",5.0
"['national', 'denomination', 'episcopal', 'church', 'num', 'million', 'members', 'us', 'branch', 'num', 'millionmember', 'anglican', 'communion']","['episcopal', 'church', 'num', 'million', 'members', 'american', 'branch', 'worldwide', 'anglican', 'communion', 'num', 'million', 'adherents']",5.0
"['feel', 'confident', 'saying', 'hp', 'longer', 'integration', 'story', 'fiorina', 'said']","['still', 'lot', 'feel', 'confident', 'hp', 'longer', 'integration', 'story']",3.4
"['british', 'police', 'arrested', 'num', 'people', 'early', 'tuesday', 'connection', 'suspected', 'ritual', 'murder', 'african', 'boy', 'whose', 'torso', 'found', 'thames', 'river']","['police', 'arrested', 'num', 'people', 'connection', 'murder', 'young', 'nigerian', 'child', 'whose', 'headless', 'limbless', 'torso', 'found', 'floating', 'river', 'thames']",3.5
"['late', 'afternoon', 'dow', 'jones', 'industrial', 'average', 'num', 'num', 'percent', 'num', 'gained', 'num', 'points', 'monday', 'highest', 'level', 'since', 'july', 'num']","['morning', 'trading', 'dow', 'jones', 'industrial', 'average', 'num', 'num', 'percent', 'num', 'gained', 'num', 'points', 'monday']",1.25
"['eric', 'gagne', 'pitched', 'perfect', 'ninth', 'numrd', 'save', 'many', 'opportunities']","['gagne', 'struck', 'two', 'perfect', 'ninth', 'inning', 'numrd', 'save']",3.25
"['shares', 'closed', 'nasdaq', 'numweek', 'high', 'num', 'num']","['trading', 'echostars', 'stock', 'closed', 'tuesday', 'numweek', 'high', 'num', 'num']",3.25
"['janice', 'kelly', 'said', 'husband', 'received', 'assurances', 'senior', 'mod', 'officials', 'name', 'would', 'made', 'public']","['told', 'inquiry', 'husband', 'received', 'assurances', 'line', 'manager', 'senior', 'ministry', 'officials', 'came', 'forward', 'name', 'would', 'made', 'public']",3.75
"['convicted', 'face', 'five', 'years', 'prison', 'num', 'fine', 'num', 'counts']","['convicted', 'faces', 'five', 'years', 'prison', 'fine', 'num', 'based', 'amount', 'gains', 'involved']",3.25
"['us', 'corporate', 'bond', 'yield', 'spreads', 'tightened', 'spotty', 'trading', 'friday', 'wall', 'street', 'labored', 'get', 'back', 'feet', 'largest', 'power', 'outage', 'ever', 'north', 'america']","['us', 'stocks', 'rose', 'slightly', 'featherlight', 'volume', 'friday', 'wall', 'street', 'regrouped', 'biggestever', 'power', 'outage', 'north', 'america']",3.6
"['evacuation', 'went', 'smoothly', 'although', 'passengers', 'werent', 'told', 'going', 'hunt', 'said']","['passengers', 'evacuated', 'smoothly', 'although', 'told', 'going', 'said']",4.4
"['num', 'num', 'num', 'allegations', 'sexual', 'assault', 'reported']","['num', 'num', 'num', 'reported', 'sexual', 'assaults', 'academy']",3.6
"['smith', 'said', 'simply', 'oh', 'god', 'seconds', 'afterward', 'according', 'weinshall']","['seconds', 'crash', 'added', 'captain', 'smith', 'said', 'simply', 'oh', 'god']",3.75
"['cooley', 'said', 'expects', 'muhammad', 'similarly', 'called', 'witness', 'pretrial', 'hearing', 'malvo']","['lee', 'boyd', 'malvo', 'called', 'witness', 'wednesday', 'pretrial', 'hearing', 'fellow', 'sniper', 'suspect', 'john', 'allen', 'muhammad']",2.5
"['really', 'left', 'us', 'smile', 'face', 'last', 'words', 'daughter', 'linda', 'hope', 'said']","['really', 'left', 'us', 'smile', 'face', 'last', 'words', 'gave', 'us', 'kiss', 'said']",3.25
"['also', 'could', 'barred', 'permanently', 'securities', 'industry']","['young', 'faces', 'fine', 'suspension', 'permanently', 'barred', 'securities', 'industry']",3.333
"['inspirational', 'couple', 'selfless', 'courageous', 'said', 'oscarwinning', 'film', 'director']","['said', 'inspirational', 'couple', 'selfless', 'courageous']",3.0
"['second', 'victim', 'michael', 'walker', 'num', 'struck', 'torso', 'bullet', 'perforating', 'lung']","['victim', 'michael', 'walker', 'num', 'barbey', 'street', 'struck', 'neck']",2.2
"['interview', 'healey', 'criminologist', 'acknowledged', 'much', 'sentiment', 'among', 'legislators', 'across', 'country', 'wariness', 'toward', 'capital', 'punishment']","['interview', 'ms', 'healey', 'criminologist', 'said', 'many', 'lawmakers', 'across', 'country', 'shared', 'wariness', 'toward', 'capital', 'punishment']",4.6
"['franklin', 'county', 'judgeexecutive', 'teresa', 'barton', 'said', 'firefighter', 'struck', 'lightning', 'taken', 'frankfort', 'regional', 'medical', 'center']","['county', 'firefighter', 'struck', 'lightning', 'stable', 'condition', 'frankfort', 'regional', 'medical', 'center']",3.2
"['police', 'spokesman', 'brig', 'gen', 'edward', 'aritonang', 'confirmed', 'saturday', 'another', 'two', 'arrested', 'one', 'jakarta', 'another', 'magelang', 'central', 'java']","['brigadier', 'general', 'edward', 'aritonang', 'police', 'spokesman', 'confirmed', 'yesterday', 'another', 'two', 'arrested', 'one', 'jakarta', 'another', 'magelang', 'central', 'java']",5.0
"['federal', 'judge', 'william', 'barbour', 'said', 'tuesday', 'imposed', 'maximum', 'sentence', 'avants', 'showed', 'remorse', 'brutal', 'slaying']","['us', 'district', 'judge', 'william', 'barbour', 'said', 'imposed', 'maximum', 'avants', 'showed', 'remorse']",3.6
"['num', 'potential', 'jurors', 'asked', 'complete', 'lengthy', 'questionnaire']","['jurors', 'taken', 'courtroom', 'groups', 'num', 'asked', 'fill', 'questionnaire']",3.2
"['five', 'alternate', 'jurors', 'also', 'chosen', 'final', 'one', 'set', 'selected', 'friday', 'morning', 'panel']","['five', 'alternate', 'jurors', 'also', 'selected', 'sixth', 'alternate', 'picked', 'friday']",4.6
"['california', 'farm', 'bureau', 'immediately', 'return', 'calls', 'seeking', 'comment']","['california', 'farm', 'bureau', 'immediately', 'official', 'response', 'tuesdays', 'ruling']",3.8
"['prime', 'minister', 'told', 'bbc', 'wasnt', 'bothered', 'polls', 'would', 'continue', 'believed', 'right']","['said', 'wasnt', 'bothered', 'polls', 'would', 'continue', 'believed', 'right', 'foreign', 'domestic', 'policy']",3.4
"['gen', 'sattler', 'heads', 'combined', 'joint', 'task', 'force', 'based', 'ship', 'gulf', 'aden', 'indian', 'ocean']","['general', 'sattler', 'heads', 'combined', 'joint', 'task', 'force', 'aboard', 'command', 'ship', 'mount', 'whitney']",3.6
"['wall', 'street', 'analysts', 'expected', 'num', 'cents', 'share', 'according', 'thomson', 'first', 'call']","['results', 'num', 'cents', 'share', 'lower', 'forecast', 'analysts', 'surveyed', 'thomson', 'first', 'call']",2.2
"['legal', 'ruling', 'follows', 'three', 'days', 'intense', 'speculation', 'hewlettpackard', 'co', 'may', 'bidding', 'company']","['legal', 'ruling', 'follows', 'three', 'days', 'wild', 'volatility', 'rims', 'stock', 'speculation', 'pc', 'giant', 'hewlettpackard', 'co', 'may', 'bidding', 'company']",3.6
"['findings', 'published', 'july', 'num', 'issue', 'annals', 'internal', 'medicine']","['findings', 'published', 'today', 'annals', 'internal', 'medicine']",3.8
"['measures', 'could', 'taken', 'full', 'senate', 'early', 'friday']","['ratliff', 'said', 'hopes', 'bring', 'two', 'measures', 'full', 'senate', 'friday']",4.0
"['enron', 'spokesman', 'eric', 'thode', 'declined', 'comment', 'mediation', 'order']","['think', 'great', 'news', 'said', 'enron', 'spokesman', 'eric', 'thode']",1.733
"['labor', 'department', 'analysts', 'think', 'payroll', 'statistics', 'survey', 'businesses', 'provide', 'accurate', 'picture', 'economy', 'survey', 'figures', 'based', 'larger', 'sample']","['analysts', 'said', 'believe', 'payroll', 'statistics', 'provide', 'accurate', 'picture', 'economy', 'based', 'larger', 'sample']",4.0
"['parents', 'want', 'kept', 'alive', 'husband', 'says', 'never', 'wanted', 'kept', 'alive', 'artificially']","['michael', 'schiavo', 'argued', 'wife', 'never', 'wanted', 'kept', 'alive', 'artificially']",2.8
"['earlier', 'told', 'france', 'interradio', 'think', 'qualify', 'happening', 'genuine', 'epidemic']","['think', 'qualify', 'happening', 'genuine', 'epidemic', 'health', 'minister', 'jeanfrancois', 'mattei', 'said', 'france', 'inter', 'radio']",3.2
"['terri', 'schiavo', 'num', 'expected', 'die', 'sometime', 'next', 'two', 'weeks', 'tampaarea', 'hospice', 'spent', 'past', 'several', 'years']","['terri', 'schiavo', 'num', 'underwent', 'procedure', 'tampa', 'bay', 'area', 'hospice', 'living', 'several', 'years', 'said', 'father', 'bob', 'schindler']",1.8
"['prior', 'joining', 'kodak', 'palumbo', 'worked', 'procter', 'gamble', 'corp', 'managed', 'products', 'folgers', 'pantene', 'shampoo']","['prior', 'joining', 'eastman', 'kodak', 'mr', 'palumbo', 'held', 'senior', 'marketing', 'positions', 'procter', 'gamble']",3.75
"['mr', 'mcdevitt', 'granted', 'control', 'three', 'crucial', 'aspects', 'policing', 'solomons']","['mr', 'mcdevitt', 'granted', 'control', 'three', 'aspects', 'policing', 'commissioner', 'william', 'morrell']",3.75
"['officials', 'north', 'carolina', 'speedway', 'rockingham', 'could', 'reached']","['nascar', 'officials', 'could', 'reached', 'comment', 'tuesday']",2.909
"['said', 'child', 'taken', 'nassau', 'county', 'medical', 'center', 'observation']","['boy', 'taken', 'nassau', 'university', 'medical', 'center', 'staff', 'said', 'okay']",3.4
"['tisha', 'kresler', 'spokeswoman', 'global', 'crossing', 'declined', 'comment']","['global', 'crossing', 'representative', 'immediate', 'comment']",3.6
"['unions', 'also', 'staged', 'fiveday', 'strike', 'march', 'forced', 'one', 'yales', 'dining', 'halls', 'close']","['unions', 'also', 'staged', 'fiveday', 'strike', 'march', 'strikes', 'preceded', 'eight', 'last', 'num', 'contracts']",2.6
"['gov', 'rick', 'perry', 'said', 'opposes', 'gambling', 'expansion', 'would', 'reluctant', 'veto', 'continuation', 'lottery', 'commission']","['gov', 'rick', 'perry', 'opposes', 'expansion', 'gambling', 'said', 'would', 'hardpressed', 'veto', 'lottery', 'sunset', 'bill']",3.8
"['midafternoon', 'trading', 'nasdaq', 'composite', 'index', 'num', 'num', 'percent', 'num']","['nasdaq', 'composite', 'index', 'ixic', 'dipped', 'num', 'points', 'num', 'percent', 'num']",1.6
"['kentucky', 'democratic', 'attorney', 'general', 'ben', 'chandler', 'faces', 'us', 'rep', 'ernie', 'fletcher']","['kentucky', 'republican', 'ernie', 'fletcher', 'threeterm', 'house', 'member', 'battling', 'democratic', 'state', 'attorney', 'general', 'ben', 'chandler']",3.8
"['dow', 'jones', 'industrial', 'average', 'fell', 'num', 'num', 'percent', 'num']","['dow', 'jones', 'industrial', 'average', 'finished', 'day', 'num', 'points', 'num']",3.4
"['enrons', 'numk', 'plan', 'covered', 'num', 'workers', 'retirees', 'beneficiaries']","['enrons', 'stock', 'comprised', 'much', 'num', 'workers', 'numk', 'portfolios']",2.5
"['us', 'senate', 'judiciary', 'committee', 'overcame', 'significant', 'hurdle', 'yesterday', 'battle', 'create', 'trust', 'fund', 'pay', 'victims', 'asbestos', 'exposure']","['senate', 'judiciary', 'committee', 'tuesday', 'overcame', 'significant', 'hurdle', 'battle', 'create', 'trust', 'fund', 'pay', 'victims', 'asbestos', 'exposure', 'difficult', 'obstacles', 'remain']",3.75
"['didnt', 'say', 'whether', 'shell', 'certify', 'twoyear', 'num', 'billion', 'budget', 'num']","['said', 'didnt', 'know', 'yet', 'whether', 'would', 'certify', 'budget']",3.167
"['would', 'difficult', 'overestimate', 'potential', 'dangers', 'remote', 'procedure', 'call', 'rpc', 'vulnerability']","['flaw', 'involves', 'remote', 'procedure', 'call', 'rpc', 'protocol', 'deals', 'intercomputer', 'communications']",2.5
"['although', 'obesity', 'increase', 'risk', 'health', 'problems', 'skeptics', 'argue', 'smoking', 'high', 'cholesterol']","['although', 'obesity', 'increase', 'risk', 'host', 'health', 'problems', 'skeptics', 'argue', 'smoking', 'high', 'cholesterol', 'considered', 'diseases']",4.25
"['michelle', 'wie', 'chips', 'sunday', 'numup', 'victory', 'virada', 'nirapathpongporn', 'numth', 'us', 'womens', 'amateur', 'public', 'links', 'championship']","['first', 'trophy', 'victory', 'us', 'womens', 'amateur', 'public', 'links', 'sunday']",2.75
"['sony', 'said', 'psp', 'would', 'also', 'feature', 'numinch', 'lcd', 'screen', 'memory', 'stick', 'expansion', 'slots']","['also', 'features', 'num', 'backlit', 'lcd', 'screen', 'memory', 'expansion', 'facilities']",2.75
"['one', 'three', 'sampling', 'sites', 'huntington', 'beach', 'bacteria', 'reading', 'came', 'back', 'num', 'june', 'num', 'num', 'june', 'num']","['readings', 'came', 'back', 'num', 'june', 'num', 'num', 'june', 'num', 'one', 'three', 'sampling', 'sites', 'huntington', 'beach']",3.25
"['longlines', 'used', 'catch', 'num', 'fish', 'per', 'num', 'hooks', 'past', 'decades', 'lucky', 'catch', 'one', 'study', 'found']","['whereas', 'long', 'lines', 'used', 'catch', 'num', 'fish', 'per', 'num', 'hooks', 'lucky', 'catch', 'one', 'myers', 'said']",4.2
"['carnival', 'corp', 'stock', 'trading', 'num', 'midday', 'trading', 'wednesday', 'num', 'cents', 'num', 'percent']","['carnival', 'corp', 'stock', 'num', 'percent', 'num', 'cents', 'num', 'new', 'york', 'stock', 'exchange']",3.2
"['senate', 'criticism', 'house', 'plan', 'tuesday', 'came', 'several', 'fronts']","['several', 'senate', 'republicans', 'cranky', 'house', 'map']",2.75
"['result', 'murphy', 'sought', 'substitute', 'striers', 'sister', 'ethel', 'celnik', 'trustee']","['murphy', 'said', 'striers', 'sister', 'ethel', 'celnik', 'courtroom', 'time', 'strier']",1.75
"['rule', 'bars', 'groups', 'airing', 'ads', 'promote', 'support', 'attack', 'oppose', 'candidate', 'time']","['upheld', 'fallback', 'rules', 'bar', 'groups', 'airing', 'ads', 'promote', 'support', 'attack', 'oppose', 'candidate', 'time']",3.75
"['cisco', 'pared', 'spending', 'compensate', 'sluggish', 'sales']","['response', 'sluggish', 'sales', 'cisco', 'pared', 'spending']",4.8
"['kansas', 'city', 'drafted', 'outfielder', 'chris', 'lubanski', 'kennedykenrick', 'high', 'school', 'pennsylvania', 'fifth', 'pick']","['royals', 'chose', 'chris', 'lubanski', 'high', 'school', 'outfielder', 'pennsylvania', 'hit', 'num', 'fifth', 'pick']",3.4
"['sterling', 'num', 'percent', 'dollar', 'num', 'gbp']","['dollar', 'rose', 'num', 'percent', 'japanese', 'currency', 'num', 'yen']",0.8
"['dow', 'jones', 'industrial', 'average', 'dji', 'rose', 'num', 'points', 'num', 'percent', 'num']","['dow', 'jones', 'rose', 'num', 'points', 'friday', 'gain', 'num', 'day', 'num', 'week']",4.0
"['right', 'beginning', 'didnt', 'want', 'see', 'anyone', 'take', 'cut', 'pay']","['mr', 'crosby', 'told', 'associated', 'press', 'right', 'beginning', 'didnt', 'want', 'see', 'anyone', 'take', 'cut', 'pay']",4.0
"['number', 'bureaucratic', 'administrative', 'missed', 'signals', 'theres', 'one', 'person', 'whos', 'responsible', 'gehman', 'said']","['turning', 'nima', 'offer', 'gehman', 'said', 'number', 'bureaucratic', 'administrative', 'missed', 'signals']",3.75
"['devries', 'make', 'one', 'stop', 'town', 'wednesday', 'registering', 'sex', 'offender', 'soledad', 'police', 'department']","['convicted', 'child', 'molester', 'brian', 'devries', 'spoke', 'response', 'community', 'outrage', 'wednesday', 'afternoon', 'registering', 'sex', 'offender', 'soledad', 'police', 'department']",3.25
"['num', 'pm', 'edt', 'graces', 'center', 'near', 'latitude', 'num', 'north', 'longitude', 'num', 'west', 'num', 'miles', 'eastsoutheast', 'corpus', 'christi']","['num', 'edt', 'fabians', 'center', 'near', 'latitude', 'num', 'north', 'longitude', 'num', 'west', 'num', 'miles', 'east', 'leewards']",1.25
"['saturday', 'nummph', 'serve', 'agassi', 'equalled', 'rusedskis', 'world', 'record']","['saturday', 'roddick', 'equalled', 'world', 'record', 'num', 'mph', 'serve', 'beating', 'andre', 'agassi']",3.5
"['broader', 'standard', 'poors', 'num', 'index', 'spx', 'climbed', 'num', 'points', 'num', 'percent', 'num']","['nasdaq', 'composite', 'index', 'ixic', 'jumped', 'num', 'points', 'num', 'percent', 'num']",1.0
"['october', 'heating', 'oil', 'futures', 'settled', 'num', 'cent', 'lower', 'num', 'cents', 'gallon']","['october', 'heating', 'oil', 'ended', 'num', 'cent', 'num', 'cents', 'gallon']",2.5
"['mr', 'levine', 'confirmed', 'ms', 'cohen', 'alon', 'tried', 'sell', 'story', 'world', 'cup']","['ms', 'cohen', 'alons', 'lawyer', 'donald', 'levine', 'confirmed', 'tried', 'sell', 'story', 'february']",3.438
"['mr', 'bankhead', 'said', 'crime', 'scenes', 'indicated', 'killer', 'methodical']","['gbi', 'spokesman', 'john', 'bankhead', 'said', 'murder', 'scenes', 'showed', 'killer', 'methodical']",4.0
"['moves', 'us', 'lot', 'closer', 'saying', 'foam', 'kind', 'damage', 'said', 'hubbard', 'member', 'columbia', 'accident', 'investigation', 'board']","['think', 'moves', 'us', 'lot', 'closer', 'toward', 'saying', 'foam', 'kind', 'damage', 'hubbard', 'said']",3.6
"['nothing', 'stakes', 'internal', 'personnel', 'decision', 'microsoft', 'spokesman', 'sean', 'sundwell', 'said']","['microsoft', 'absolutely', 'nothing', 'atstakes', 'internal', 'personnel', 'decision', 'sundwall', 'said']",4.2
"['egyptologists', 'cast', 'doubt', 'tuesday', 'expeditions', 'claim', 'may', 'found', 'mummy', 'queen', 'nefertiti', 'one', 'bestknown', 'ancient', 'egyptians']","['egyptologists', 'think', 'may', 'identified', 'longsought', 'mummy', 'queen', 'nefertiti', 'one', 'ancient', 'worlds', 'legendary', 'beauties']",2.6
"['treasurys', 'longrange', 'plan', 'provide', 'retail', 'buyers', 'treasury', 'securities', 'ability', 'manage', 'holdings', 'online', 'single', 'account']","['treasury', 'said', 'wants', 'give', 'retail', 'buyers', 'treasury', 'securities', 'ability', 'eventually', 'manage', 'holdings', 'online', 'single', 'account']",4.4
"['listed', 'last', 'night', 'critical', 'stable', 'condition', 'kings', 'county', 'hospital', 'center', 'police', 'said']","['victim', 'new', 'jersey', 'resident', 'critical', 'stable', 'condition', 'hospital']",3.25
"['numyear', 'bond', 'usnumytrr', 'grew', 'num', 'yield', 'num', 'percent', 'num', 'percent', 'late', 'wednesday']","['num', 'num', 'gmt', 'numyear', 'note', 'usnumytrr', 'num', 'yield', 'num', 'percent', 'num', 'percent', 'wednesday']",2.0
"['iacs', 'stock', 'closed', 'yesterday', 'num', 'num', 'percent', 'num']","['interactivecorps', 'shares', 'closed', 'num', 'num', 'num', 'percent', 'nasdaq', 'stock', 'market']",4.5
"['byrd', 'speaking', 'senate', 'floor', 'said', 'questioned', 'motives', 'deskbound', 'president', 'assumes', 'garb', 'warrior', 'purposes', 'speech']","['question', 'motives', 'deskbound', 'president', 'assumes', 'garb', 'warrior', 'purposes', 'speech']",3.4
"['ministry', 'defence', 'facing', 'numm', 'compensation', 'claim', 'hundreds', 'kenyan', 'women', 'claim', 'raped', 'british', 'soldiers']","['hundreds', 'kenyan', 'women', 'claiming', 'attacked', 'raped', 'british', 'soldiers', 'granted', 'government', 'legal', 'aid', 'wednesday', 'pursue', 'case', 'ministry', 'defense']",3.0
"['shares', 'usa', 'interactive', 'rose', 'num', 'num', 'percent', 'num', 'friday', 'nasdaq', 'stock', 'market', 'composite', 'trading', 'gained', 'num', 'percent', 'year']","['shares', 'lendingtree', 'rose', 'num', 'num', 'percent', 'close', 'num', 'nasdaq', 'stock', 'market', 'yesterday']",1.0
"['similar', 'bills', 'passed', 'house', 'twice', 'died', 'senate']","['two', 'years', 'ago', 'house', 'passed', 'similar', 'version', 'floundered', 'senate']",2.75
"['shows', 'closure', 'affected', 'thirdquarter', 'earnings', 'per', 'share', 'penny']","['company', 'said', 'impacted', 'earnings', 'penny', 'share']",3.25
"['woman', 'hospitalized', 'june', 'num', 'kansas', 'health', 'officials', 'said']","['missouri', 'health', 'officials', 'said', 'hospitalized', 'recovering']",1.0
"['blue', 'chips', 'edged', 'lower', 'midday', 'wednesday', 'wave', 'profit', 'warnings', 'drained', 'optimism', 'driven', 'rally', 'past', 'three', 'months']","['us', 'stocks', 'fell', 'early', 'morning', 'trade', 'wednesday', 'wave', 'profit', 'warnings', 'drained', 'optimism', 'driven', 'rally', 'past', 'three', 'months']",3.6
"['technologylaced', 'nasdaq', 'composite', 'index', 'ixic', 'tacked', 'num', 'points', 'num', 'percent', 'num']","['technologyfocused', 'nasdaq', 'composite', 'index', 'ixic', 'advanced', 'num', 'points', 'num', 'percent', 'num', 'erasing', 'earlier', 'losses']",3.2
"['two', 'kuwaitis', 'six', 'palestinians', 'jordanian', 'passports', 'among', 'suspects', 'official', 'said']","['include', 'two', 'kuwaitis', 'six', 'palestinians', 'jordanian', 'passports', 'remainder', 'iraqis', 'saudis', 'official', 'said']",3.0
"['birthday', 'num', 'april', 'declared', 'public', 'holiday', 'attended', 'reception', 'ball']","['grandmother', 'thenprincess', 'elizabeth', 'turned', 'num', 'num', 'day', 'declared', 'public', 'holiday', 'attended', 'reception', 'ball']",3.2
"['sorkin', 'faces', 'charges', 'conspiracy', 'obstruct', 'justice', 'lying', 'grand', 'jury', 'tried', 'separately']","['sorkin', 'tried', 'separately', 'charges', 'conspiracy', 'lying', 'grand', 'jury']",4.6
"['man', 'entered', 'post', 'office', 'lakeside', 'shortly', 'num', 'pm', 'gave', 'deputies', 'num', 'pm']","['man', 'entered', 'post', 'office', 'woodside', 'avenue', 'maine', 'avenue', 'shortly', 'num', 'pm']",2.8
"['fewer', 'num', 'fbi', 'offices', 'conducted', 'investigations', 'involving', 'visits', 'mosques', 'justice', 'department', 'said']","['addition', 'justice', 'department', 'said', 'fbi', 'conducted', 'fewer', 'num', 'investigations', 'involving', 'visits', 'mosques']",4.2
"['outside', 'court', 'sriyanto', 'faces', 'num', 'years', 'jail', 'denied', 'done', 'anything', 'wrong']","['outside', 'court', 'sriyanto', 'denied', 'age', 'done', 'anything', 'wrong']",3.2
"['university', 'michigan', 'president', 'mary', 'sue', 'coleman', 'said', 'statement', 'universitys', 'web', 'site', 'fundamental', 'values', 'havent', 'changed']","['fundamental', 'values', 'havent', 'changed', 'mary', 'sue', 'coleman', 'president', 'university', 'said', 'statement', 'ann', 'arbor']",4.0
"['comcast', 'class', 'shares', 'num', 'cents', 'num', 'morning', 'trading', 'nasdaq', 'stock', 'market']","['stock', 'rose', 'num', 'cents', 'num', 'yesterday', 'nasdaq', 'stock', 'market', 'trading']",2.2
"['thomas', 'joined', 'full', 'rehnquist', 'parts', 'oconnor', 'scalia']","['joined', 'chief', 'justice', 'william', 'h', 'rehnquist', 'justices', 'sandra', 'day', 'oconnor', 'antonin', 'scalia']",2.8
"['crossed', 'line', 'violated', 'constitutional', 'right', 'said', 'charles', 'weisselberg', 'uc', 'berkeley', 'law', 'professor']","['crossed', 'line', 'violated', 'constitutional', 'right', 'said', 'charles', 'weisselberg', 'teaches', 'law', 'university', 'california', 'berkeley']",5.0
"['preliminary', 'reports', 'men', 'seen', 'together', 'airport', 'sources', 'said']","['men', 'pakistani', 'passports', 'reportedly', 'seen', 'together', 'airport', 'earlier', 'evening', 'law', 'enforcement', 'sources', 'said']",2.0
"['toronto', 'yesterday', 'num', 'probable', 'cases', 'sars', 'nine', 'suspect', 'cases']","['wednesday', 'num', 'probable', 'sars', 'cases', 'toronto', 'region']",3.25
"['nasdaq', 'composite', 'index', 'rose', 'num', 'num', 'per', 'cent', 'num']","['technologylaced', 'nasdaq', 'composite', 'index', 'ixic', 'gained', 'num', 'points', 'num', 'percent', 'finish', 'num']",3.75
"['toll', 'australias', 'secondlargest', 'transport', 'company', 'last', 'week', 'offered', 'nznum', 'share', 'tranz', 'rail']","['toll', 'last', 'week', 'offered', 'buy', 'company', 'nznumc', 'share', 'nznum', 'million']",3.5
"['messagelabs', 'runs', 'outsourced', 'email', 'servers', 'num', 'customers', 'around', 'world', 'said', 'filtered', 'num', 'infected', 'emails', 'num', 'countries', 'thursday', 'morning']","['messagelabs', 'runs', 'outsourced', 'email', 'servers', 'num', 'customers', 'around', 'world', 'labeled', 'worm', 'high', 'risk', 'reports', 'num', 'infections', 'num', 'countries']",2.75
"['carlson', 'tuesday', 'said', 'would', 'recuse', 'case']","['service', 'officials', 'said', 'carlson', 'refused', 'recuse', 'case']",4.0
"['oracle', 'shares', 'also', 'higher', 'trading', 'num', 'cents', 'num']","['shares', 'redwood', 'shoresbased', 'oracle', 'rose', 'num', 'cents', 'num']",2.0
"['precincts', 'reporting', 'fletcher', 'threeterm', 'congressman', 'lexington', 'overwhelming', 'num', 'percent', 'vote']","['precincts', 'reporting', 'fletcher', 'num', 'votes', 'num', 'percent', 'total']",3.0
"['hong', 'kong', 'num', 'patients', 'quarantined', 'wednesday', 'seven', 'public', 'hospital', 'workers', 'developed', 'flulike', 'symptoms']","['seven', 'health', 'care', 'workers', 'public', 'hospital', 'fell', 'ill', 'flulike', 'symptoms']",3.0
"['upside', 'cocacola', 'co', 'nyse', 'ko', 'news', 'people', 'reported', 'higher', 'profit', 'quarter', 'early', 'thursday', 'helped', 'european', 'demand']","['cocacola', 'co', 'ko', 'reported', 'higher', 'profit', 'quarter', 'helped', 'european', 'demand', 'early', 'thursday']",4.6
"['unemployment', 'rate', 'rose', 'tenth', 'percentage', 'point', 'num', 'highest', 'level', 'since', 'july', 'num']","['unemployment', 'rate', 'predicted', 'ticked', 'percentage', 'point', 'num']",3.2
"['part', 'deal', 'mr', 'delainey', 'agreed', 'cooperate', 'continuing', 'investigation']","['dave', 'delainey', 'agreed', 'cooperate', 'federal', 'prosecutors', 'exchange', 'plea']",4.4
"['sources', 'close', 'sale', 'said', 'vivendi', 'keeping', 'door', 'open', 'bids', 'hoped', 'see', 'bidders', 'interested', 'individual', 'assets', 'team']","['sources', 'close', 'sale', 'said', 'vivendi', 'keeping', 'door', 'open', 'bids', 'next', 'day', 'two']",4.0
"['micron', 'declared', 'first', 'quarterly', 'profit', 'three', 'years']","['microns', 'numbers', 'also', 'marked', 'first', 'quarterly', 'profit', 'three', 'years', 'dram', 'manufacturer']",3.75
"['fines', 'part', 'failed', 'republican', 'efforts', 'force', 'entice', 'democrats', 'return']","['perry', 'said', 'backs', 'senates', 'efforts', 'including', 'fines', 'force', 'democrats', 'return']",2.8
"['techloaded', 'nasdaq', 'composite', 'rose', 'num', 'points', 'num', 'ending', 'highest', 'level', 'num', 'months']","['technologylaced', 'nasdaq', 'composite', 'index', 'ixic', 'climbed', 'num', 'points', 'num', 'percent', 'num']",2.4
"['us', 'prosecutors', 'arrested', 'num', 'individuals', 'seized', 'num', 'million', 'continuing', 'crackdown', 'internet', 'fraud', 'abuse']","['num', 'people', 'arrested', 'num', 'million', 'worth', 'property', 'seized', 'internet', 'fraud', 'sweep', 'announced', 'friday', 'three', 'us', 'government', 'agencies']",4.6
"['chavez', 'said', 'investigators', 'feel', 'confident', 'theyve', 'got', 'least', 'one', 'fires', 'resolved', 'regard']","['albuquerque', 'mayor', 'martin', 'chavez', 'said', 'investigators', 'felt', 'confident', 'arrests', 'least', 'one', 'fires', 'resolved']",3.8
"['man', 'accused', 'using', 'fake', 'grenades', 'commandeer', 'cuban', 'plane', 'landed', 'key', 'west', 'april', 'sentenced', 'friday', 'num', 'years', 'prison']","['cuban', 'architect', 'sentenced', 'num', 'years', 'prison', 'friday', 'using', 'two', 'fake', 'grenades', 'hijack', 'passenger', 'plane', 'cuba', 'florida', 'april']",4.4
"['jim', 'williams', 'director', 'usvisit', 'project', 'said', 'middle', 'november', 'many', 'arriving', 'passengers', 'atlanta', 'fingerprinted', 'photographed']","['jim', 'williams', 'director', 'usvisit', 'project', 'said', 'middle', 'november', 'inspectors', 'fingerprinting', 'photographing', 'many', 'foreign', 'passengers', 'arriving', 'atlanta']",4.2
"['hearing', 'occurred', 'day', 'pentagon', 'first', 'time', 'singled', 'officer', 'dallager', 'addressing', 'scandal']","['hearing', 'came', 'one', 'day', 'pentagon', 'first', 'time', 'singled', 'officer', 'dallager', 'failing', 'address', 'scandal']",5.0
"['episcopal', 'church', 'alienating', 'anglican', 'communion', 'said', 'rev', 'peter', 'karanja', 'provost', 'saints', 'cathedral', 'nairobi']","['nairobi', 'provost', 'saints', 'cathedral', 'reverend', 'peter', 'karanja', 'said', 'us', 'episcopal', 'church', 'alienating', 'anglican', 'communion']",5.0
"['counties', 'population', 'declines', 'vermillion', 'posey', 'madison']","['vermillion', 'posey', 'madison', 'county', 'populations', 'decline']",5.0
"['swartz', 'indicted', 'february', 'argued', 'new', 'hampshire', 'wrong', 'place', 'charge']","['swartz', 'sought', 'charges', 'dismissed', 'saying', 'new', 'hampshire', 'wrong', 'place', 'charge']",3.4
"['raffles', 'hospital', 'weekend', 'evaluation']","['underwent', 'tests', 'weekend', 'warded', 'raffles', 'hospital']",3.2
"['bomb', 'exploded', 'casa', 'de', 'españa', 'customers', 'eating', 'dinner', 'playing', 'bingo']","['casa', 'de', 'espaa', 'customers', 'eating', 'dinner', 'playing', 'bingo', 'bomb', 'went']",5.0
"['plofsky', 'said', 'commission', 'wont', 'investigate', 'threeyear', 'statute', 'limitations', 'expired']","['panel', 'begin', 'formal', 'investigation', 'statute', 'limitations', 'expired', 'plofsky', 'said']",4.4
"['convicted', 'spying', 'charges', 'could', 'face', 'death', 'penalty']","['charges', 'espionage', 'aiding', 'enemy', 'carry', 'death', 'penalty']",3.6
"['entrenched', 'interests', 'positioning', 'control', 'networks', 'chokepoints', 'lobbying', 'fcc', 'aid', 'abet']","['may', 'dying', 'entrenched', 'interests', 'positioning', 'control', 'internets', 'chokepoints', 'lobbying', 'fcc', 'aid', 'abet']",3.2
"['church', 'members', 'observers', 'say', 'expect', 'decision', 'could', 'problematic', 'many', 'episcopalians']","['church', 'members', 'observers', 'say', 'anticipate', 'decision', 'could', 'pose', 'doctrinal', 'problems', 'episcopalians', 'believe', 'bible', 'prohibits', 'homosexuality']",3.8
"['squyres', 'principal', 'investigator', 'athena', 'payload', 'collection', 'science', 'instruments', 'carted', 'rover']","['steve', 'squyres', 'cornell', 'university', 'scientist', 'principal', 'investigator', 'missions', 'science', 'instruments']",4.2
"['military', 'said', 'killed', 'num', 'rebels', 'captured', 'nine', 'campaign', 'far', 'loss', 'six', 'soldiers', 'wounded']","['military', 'said', 'killed', 'num', 'rebels', 'captured', 'nine', 'campaign', 'far', 'one', 'soldier', 'killed', 'six', 'wounded']",3.0
"['express', 'scripts', 'esrxo', 'shares', 'fell', 'num', 'percent', 'close', 'num', 'nasdaq']","['shares', 'express', 'scripts', 'esrxo', 'fell', 'num', 'percent', 'num', 'nasdaq', 'late', 'morning', 'trade']",3.0
"['police', 'launched', 'international', 'hunt', 'shevaun', 'pennington', 'ran', 'away', 'numyearold', 'toby', 'studabaker', 'saturday']","['shevaun', 'pennington', 'disappeared', 'saturday', 'morning', 'arranging', 'meet', 'numyearold', 'toby', 'studabaker']",3.0
"['lawyers', 'others', 'familiar', 'federal', 'investigation', 'say', 'remains', 'focused', 'campbell', 'though', 'prosecutors', 'declined', 'discuss', 'probe']","['federal', 'prosecutors', 'refuse', 'discuss', 'investigation', 'lawyers', 'others', 'familiar', 'say', 'remains', 'focused', 'campbell']",4.8
"['dow', 'jones', 'industrial', 'average', 'dji', 'num', 'points', 'num', 'percent', 'num']","['bluechip', 'dow', 'jones', 'industrial', 'average', 'dji', 'fell', 'num', 'points', 'num', 'percent', 'num', 'giving', 'num', 'percent', 'earlier']",2.5
"['peace', 'rules', 'defeated', 'funny', 'cide', 'louisiana', 'derby']","['neither', 'peace', 'rules', 'could', 'keep', 'funny', 'cide', 'drawing', 'away']",2.25
"['boeing', 'said', 'final', 'agreement', 'expected', 'signed', 'next', 'weeks']","['korean', 'air', 'deal', 'expected', 'finalized', 'next', 'several', 'weeks', 'boeing', 'spokesman', 'bob', 'saling', 'said']",3.0
"['shares', 'eds', 'closed', 'thursday', 'num', 'gain', 'num', 'cents']","['shares', 'eds', 'closed', 'thursday', 'num', 'num', 'cents', 'new', 'york', 'stock', 'exchange']",3.667
"['divided', 'supreme', 'court', 'ruled', 'monday', 'congress', 'force', 'nations', 'public', 'libraries', 'equip', 'computers', 'antipornography', 'filters']","['supreme', 'court', 'said', 'monday', 'government', 'require', 'public', 'libraries', 'equip', 'computers', 'antipornography', 'filters', 'rejecting', 'librarians', 'complaints', 'law', 'amounts', 'censorship']",3.6
"['weakness', 'exists', 'way', 'vba', 'looks', 'properties', 'documents', 'passed', 'document', 'opened', 'host', 'application']","['vulnerability', 'exists', 'way', 'microsofts', 'visual', 'basic', 'applications', 'checks', 'document', 'properties', 'passed', 'document', 'opened']",3.8
"['num', 'million', 'phonedin', 'votes', 'num', 'percent', 'studdard', 'putting', 'num', 'votes', 'ahead', 'aiken']","['num', 'million', 'phone', 'votes', 'cast', 'studdard', 'num', 'votes', 'ahead', 'aiken']",3.4
"['consumers', 'still', 'would', 'get', 'descrambling', 'security', 'card', 'cable', 'operator', 'plug', 'set']","['watch', 'pay', 'television', 'consumers', 'would', 'insert', 'set', 'security', 'card', 'provided', 'cable', 'service']",3.4
"['however', 'decided', 'opt', 'european', 'consortiums', 'engine', 'best', 'overall', 'solution', 'due', 'substantial', 'price', 'efforts', 'made']","['however', 'decided', 'opt', 'european', 'consortiums', 'engine', 'best', 'overall', 'solution']",3.8
"['food', 'drug', 'administration', 'rejected', 'imclones', 'num', 'application', 'sell', 'erbitux', 'citing', 'shoddy', 'research']","['us', 'food', 'drug', 'administration', 'rejected', 'imclones', 'original', 'application', 'december', 'num', 'saying', 'trial', 'sloppily', 'conducted']",2.8
"['critics', 'say', 'law', 'violates', 'civil', 'liberties', 'something', 'house', 'judiciary', 'committee', 'chairman', 'james', 'sensenbrenner', 'rwis', 'says', 'sensitive']","['house', 'judiciary', 'committee', 'chairman', 'james', 'sensenbrenner', 'rwis', 'says', 'sensitive', 'civil', 'liberties', 'complaints']",3.75
"['dodgers', 'sixth', 'consecutive', 'game', 'longest', 'win', 'streak', 'since', 'num', 'edged', 'colorado', 'num', 'wednesday', 'front', 'crowd', 'num', 'dodger', 'stadium']","['dodgers', 'sixth', 'consecutive', 'game', 'seventh', 'last', 'nine', 'beat', 'colorado', 'num', 'wednesday', 'front', 'crowd', 'num', 'dodger', 'stadium']",4.4
"['far', 'searched', 'pennsylvania', 'ohio', 'michigan', 'illinois', 'indiana', 'authorities', 'state', 'said']","['far', 'authorities', 'also', 'searched', 'areas', 'pennsylvania', 'ohio', 'indiana', 'michigan']",3.75
"['numyear', 'bond', 'usnumytrr', 'firmed', 'num', 'taking', 'yield', 'num', 'percent', 'another', 'record', 'low', 'num', 'percent']","['numyear', 'bond', 'usnumytrr', 'firmed', 'num', 'taking', 'yield', 'num', 'percent', 'hitting', 'another', 'record', 'low', 'num', 'percent']",2.75
"['lay', 'argued', 'handing', 'documents', 'would', 'violation', 'fifth', 'amendment', 'rights', 'selfincrimination']","['lay', 'refused', 'turn', 'papers', 'asserting', 'fifth', 'amendment', 'right', 'selfincrimination']",3.8
"['strayhorn', 'said', 'first', 'time', 'texas', 'history', 'comptroller', 'certified', 'appropriations', 'act']","['news', 'release', 'thursday', 'strayhorn', 'said', 'first', 'time', 'comptroller', 'rejected', 'budget']",3.2
"['excluding', 'charges', 'analysts', 'average', 'expected', 'loss', 'num', 'cents', 'share']","['analysts', 'polled', 'thomson', 'financial', 'first', 'call', 'expected', 'see', 'loss', 'num', 'cents', 'share', 'continuing', 'operations']",3.8
"['security', 'experts', 'warning', 'new', 'massmailing', 'worm', 'spreading', 'widely', 'across', 'internet', 'sometimes', 'posing', 'email', 'microsoft', 'founder']","['new', 'worm', 'spreading', 'rapidly', 'across', 'internet', 'sometimes', 'pretending', 'email', 'microsoft', 'chairman', 'bill', 'gates', 'antivirus', 'vendors', 'said', 'monday']",4.8
"['mr', 'sahel', 'said', 'police', 'identified', 'bodies', 'seven', 'numstrong', 'cell', 'believed', 'carried', 'five', 'almost', 'simultaneous', 'attacks', 'saturday']","['said', 'police', 'identified', 'bodies', 'seven', 'num', 'bombers', 'launched', 'five', 'almost', 'simultaneous', 'raids', 'friday', 'night']",4.0
"['new', 'jersey', 'bans', 'holders', 'learners', 'permits', 'intermediate', 'licenses', 'using', 'cell', 'phones', 'pagers', 'wireless', 'devices', 'driving']","['addition', 'ntsb', 'also', 'recommended', 'nhtsa', 'state', 'legislation', 'enacted', 'prohibit', 'holders', 'learners', 'permits', 'intermediate', 'licenses', 'using', 'mobile', 'phones', 'driving']",1.4
"['university', 'michigan', 'released', 'today', 'new', 'admissions', 'policy', 'us', 'supreme', 'court', 'struck', 'june', 'way', 'previously', 'admitted', 'undergraduates']","['university', 'michigan', 'plans', 'release', 'new', 'undergraduate', 'admissions', 'policy', 'thursday', 'acceptance', 'requirements', 'rejected', 'us', 'supreme', 'court', 'june']",4.2
"['audiotape', 'aired', 'last', 'week', 'arab', 'aljazeera', 'television', 'network', 'appears', 'effort', 'incite', 'attacks']","['audiotape', 'aired', 'last', 'week', 'arab', 'aljazeera', 'television', 'network', 'may', 'strongest', 'evidence', 'yet', 'saddam', 'survived', 'war']",1.8
"['company', 'didnt', 'detail', 'costs', 'replacement', 'repairs']","['company', 'officials', 'expect', 'costs', 'replacement', 'work', 'run', 'millions', 'dollars']",2.0
"['dean', 'told', 'reporters', 'traveling', 'numcity', 'sleepless', 'summer', 'tour', 'considered', 'campaigning', 'texas', 'challenge']","['today', 'dean', 'ends', 'fourday', 'numcity', 'sleepless', 'summer', 'tour', 'chicago', 'new', 'york']",2.6
"['felt', 'disagreed', 'rosie', 'much', 'would', 'lose', 'job', 'said']","['cavender', 'say', 'felt', 'disagreed', 'rosie', 'much', 'would', 'lose', 'job']",3.25
"['american', 'decision', 'provoked', 'angry', 'reaction', 'european', 'commission', 'described', 'move', 'legally', 'unwarranted', 'economically', 'unfounded', 'politically', 'unhelpful']","['european', 'commission', 'eus', 'powerful', 'executive', 'body', 'described', 'move', 'legally', 'unwarranted', 'economically', 'unfounded', 'politically', 'unhelpful']",3.75
"['ms', 'crippsprawak', 'left', 'last', 'friday', 'two', 'days', 'department', 'introduced', 'plan', 'distribute', 'medical', 'marijuana', 'doctors', 'offices']","['director', 'office', 'medical', 'access', 'cindy', 'crippsprawak', 'left', 'job', 'department', 'introduced', 'plan', 'distribute', 'marijuana', 'doctors', 'offices']",4.25
"['num', 'num', 'morgenthau', 'said', 'wire', 'transfers', 'four', 'beacon', 'hills', 'num', 'accounts', 'totaled', 'num', 'billion']","['wire', 'transfers', 'four', 'num', 'accounts', 'open', 'beacon', 'hill', 'totaled', 'num', 'billion', 'num', 'num', 'morgenthau', 'said']",4.75
"['last', 'year', 'made', 'unsuccessful', 'bid', 'democratic', 'nomination', 'governor']","['ran', 'last', 'year', 'democratic', 'nomination', 'texas', 'governor', 'lost', 'primary', 'multimillionaire', 'tony', 'sanchez']",3.25
"['nations', 'largest', 'retailer', 'told', 'num', 'top', 'suppliers', 'start', 'using', 'electronic', 'tags', 'pallets', 'goods', 'jan', 'num', 'num']","['walmart', 'told', 'top', 'num', 'suppliers', 'theyll', 'need', 'radiofrequency', 'id', 'systems', 'place', 'tracking', 'pallets', 'goods', 'supply', 'chain', 'jan', 'num', 'num']",3.75
"['taken', 'hospital', 'precautionary', 'xrays', 'neck']","['harvey', 'taken', 'st', 'lukes', 'hospital', 'precautionary', 'neck', 'xrays', 'came', 'back', 'negative']",3.25
"['bill', 'says', 'woman', 'undergoes', 'abortion', 'couldnt', 'prosecuted']","['woman', 'underwent', 'abortion', 'could', 'prosecuted', 'bill']",5.0
"['num', 'democrats', 'assembly', 'num', 'republicans']","['democrats', 'dominate', 'assembly', 'republicans', 'control', 'senate']",2.0
"['came', 'basically', 'washington', 'establish', 'relationships', 'make', 'sure', 'getting', 'federal', 'money', 'california', 'schwarzenegger', 'said', 'meeting', 'congressional', 'republicans']","['came', 'washington', 'basically', 'establish', 'relationships', 'make', 'sure', 'getting', 'federal', 'money', 'schwarzenegger', 'said', 'one', 'meeting']",4.2
"['latest', 'snapshot', 'labor', 'markets', 'slightly', 'better', 'economists', 'expecting', 'forecasting', 'claims', 'fall', 'lower', 'num', 'last', 'week']","['despite', 'problems', 'job', 'market', 'latest', 'snapshot', 'labor', 'markets', 'slightly', 'better', 'economists', 'expecting']",3.4
"['chante', 'jawan', 'mallard', 'num', 'went', 'trial', 'monday', 'charged', 'firstdegree', 'murder']","['chante', 'jawaon', 'mallard', 'num', 'charged', 'murder', 'tampering', 'evidence']",3.0
"['linda', 'saunders', 'pleaded', 'guilty', 'federal', 'court', 'six', 'charges', 'including', 'extortion', 'money', 'laundering', 'conspiracy']","['former', 'phipps', 'aides', 'linda', 'saunders', 'bobby', 'mclamb', 'pleaded', 'guilty', 'federal', 'charges', 'including', 'extortion']",2.75
"['vivendi', 'shares', 'closed', 'num', 'percent', 'paris', 'num', 'euros']","['vivendi', 'shares', 'num', 'percent', 'num', 'euros', 'paris', 'num', 'gmt']",2.6
"['microsoft', 'identified', 'freely', 'distributed', 'linux', 'software', 'one', 'biggest', 'threats', 'sales']","['company', 'publicly', 'identified', 'linux', 'one', 'biggest', 'competitive', 'threats']",3.4
"['antonio', 'monteiro', 'de', 'castro', 'num', 'currently', 'director', 'groups', 'latin', 'america', 'caribbean', 'operations', 'become', 'chief', 'operating', 'officer', 'date']","['bat', 'also', 'said', 'antonio', 'monteiro', 'de', 'castro', 'director', 'latin', 'america', 'caribbean', 'would', 'become', 'chief', 'operating', 'officer', 'january', 'num', 'num']",3.6
"['spin', 'manipulative', 'public', 'relations', 'propaganda', 'answer', 'said']","['report', 'added', 'spin', 'manipulative', 'public', 'relations', 'answer', 'neither', 'avoiding', 'debate']",3.6
"['another', 'shooting', 'linked', 'spree', 'occurred', 'nov', 'num', 'hamilton', 'central', 'elementary', 'obetz', 'two', 'miles', 'freeway']","['latest', 'shooting', 'linked', 'spree', 'nov', 'num', 'shooting', 'hamilton', 'township', 'elementary', 'school', 'obetz', 'two', 'miles', 'freeway']",4.8
"['tuesday', 'central', 'bank', 'left', 'interest', 'rates', 'steady', 'expected', 'also', 'declared', 'overall', 'risks', 'weighted', 'toward', 'weakness', 'warned', 'deflation', 'risks']","['central', 'banks', 'policy', 'board', 'left', 'rates', 'steady', 'widely', 'expected', 'surprised', 'market', 'declaring', 'overall', 'risks', 'weighted', 'toward', 'weakness']",4.0
"['fighting', 'erupted', 'four', 'north', 'korean', 'journalists', 'confronted', 'dozen', 'south', 'korean', 'activists', 'protesting', 'human', 'rights', 'abuses', 'north', 'outside', 'main', 'media', 'centre']","['trouble', 'flared', 'least', 'four', 'north', 'korean', 'reporters', 'rushed', 'taegu', 'media', 'centre', 'confront', 'dozen', 'activists', 'protesting', 'human', 'rights', 'abuses', 'north']",3.4
"['dusty', 'battled', 'kidney', 'cancer', 'year']","['dusty', 'surgery', 'cancer', 'num', 'kidney', 'removed']",2.4
"['kadyrov', 'injured', 'four', 'bodyguards', 'among', 'killed']","['itartass', 'news', 'agency', 'said', 'four', 'bodyguards', 'among', 'killed', 'bomb']",3.0
"['commission', 'estimates', 'california', 'lost', 'num', 'billion', 'state', 'tax', 'shelters', 'num']","['commission', 'estimated', 'california', 'lost', 'num', 'million', 'corporate', 'tax', 'shelters', 'num']",2.75
"['officials', 'say', 'whether', 'us', 'forces', 'crossed', 'syrian', 'territory', 'vague', 'syrian', 'border', 'guards', 'became', 'involved']","['us', 'officials', 'say', 'whether', 'american', 'forces', 'acting', 'intelligence', 'crossed', 'syrian', 'territory', 'vague', 'syrian', 'guards', 'involved']",4.0
"['verisign', 'introduced', 'site', 'finder', 'service', 'sept', 'num']","['battle', 'around', 'verisigns', 'threeweekold', 'site', 'finder', 'service', 'rages']",1.75
"['druce', 'still', 'held', 'prison', 'isolation', 'said']","['druce', 'last', 'night', 'held', 'isolation', 'prison']",4.5
"['leader', 'abu', 'bakr', 'alazdi', 'turned', 'june', 'deputy', 'killed', 'recent', 'shootout', 'saudi', 'forces']","['leader', 'abu', 'bakr', 'alazdi', 'surrendered', 'june', 'deputy', 'killed', 'shootout', 'saudi', 'forces', 'recently']",5.0
"['freitas', 'opening', 'statement', 'king', 'county', 'superior', 'court', 'judge', 'charles', 'mertel', 'recessed', 'trial', 'thanksgiving', 'weekend']","['king', 'county', 'superior', 'court', 'judge', 'charles', 'mertel', 'recess', 'trial', 'monday']",3.0
"['googles', 'investors', 'include', 'prominent', 'vc', 'firms', 'kleiner', 'perkins', 'caufield', 'byers', 'sequoia', 'capital', 'paper', 'noted']","['googles', 'early', 'stage', 'backers', 'include', 'californiabased', 'stanford', 'university', 'vc', 'firms', 'kleiner', 'perkins', 'sequoia', 'capital']",2.8
"['july', 'numst', 'sixth', 'anniversary', 'hong', 'kongs', 'return', 'chinese', 'rule']","['rally', 'overshadowed', 'ceremonies', 'marking', 'sixth', 'anniversary', 'hong', 'kongs', 'return', 'china', 'num', 'july', 'num']",2.667
"['palm', 'wednesday', 'announced', 'plans', 'acquire', 'handspring', 'company', 'started', 'jeff', 'hawkins', 'regarded', 'many', 'father', 'palm', 'handheld']","['palm', 'said', 'wednesday', 'plans', 'buy', 'handspring', 'company', 'created', 'renegade', 'palm', 'cofounder', 'jeff', 'hawkins']",4.0
"['government', 'recently', 'shelved', 'peace', 'talks', 'milf', 'brokered', 'malaysia', 'string', 'attacks', 'including', 'three', 'bombings', 'mindanao']","['government', 'recently', 'shelved', 'peace', 'talks', 'brokered', 'neighbouring', 'malaysia', 'spate', 'attacks', 'mindanao', 'including', 'three', 'deadly', 'bombings', 'blamed', 'milf']",4.25
"['company', 'posted', 'profit', 'num', 'million', 'num', 'cents', 'per', 'share', 'yearago', 'period']","['yearago', 'quarter', 'company', 'earned', 'num', 'million', 'num', 'cents', 'share']",4.176
"['joining', 'boston', 'monday', 'massachusetts', 'communities', 'watertown', 'saugus', 'framingham']","['along', 'boston', 'watertown', 'saugus', 'framingham', 'also', 'going', 'smokefree', 'monday']",3.0
"['israeli', 'soldiers', 'knocked', 'empty', 'mobile', 'homes', 'water', 'towers', 'num', 'tiny', 'west', 'bank', 'settlement', 'outposts', 'overnight', 'part', 'usbacked', 'mideast', 'peace', 'plan']","['israeli', 'soldiers', 'began', 'tearing', 'settlement', 'outposts', 'west', 'bank', 'yesterday', 'israeli', 'obligation', 'new', 'mideast', 'peace', 'plan']",3.8
"['union', 'yet', 'revealed', 'chain', 'would', 'targeted']","['union', 'said', 'would', 'reveal', 'later', 'chain', 'would', 'targeted']",4.6
"['get', 'says', 'howard', 'davidowitz', 'chairman', 'davidowitz', 'associates', 'national', 'retail', 'consulting', 'firm', 'based', 'new', 'york', 'city']","['innocent', 'shes', 'damaged', 'goods', 'said', 'howard', 'davidowitz', 'chairman', 'davidowitz', 'associates', 'national', 'retail', 'consulting', 'firm', 'new', 'york']",1.4
"['updated', 'products', 'include', 'pylon', 'pro', 'pylon', 'conduit', 'pylon', 'anywhere', 'pylon', 'application', 'server']","['new', 'products', 'desktop', 'side', 'include', 'latest', 'versions', 'pylon', 'conduit', 'pylon', 'pro']",2.8
"['turkish', 'authorities', 'said', 'suicide', 'bombers', 'turks']","['ankara', 'says', 'four', 'suicide', 'bombers', 'turkish']",4.2
"['april', 'forecast', 'operating', 'earnings', 'range', 'num', 'num', 'cents', 'share']","['kodak', 'expects', 'earnings', 'num', 'cents', 'num', 'cents', 'share', 'quarter']",1.0
"['florida', 'alaska', 'thousands', 'revelers', 'vowed', 'push', 'legal', 'rights', 'including', 'samesex', 'marriages']","['thousands', 'revellers', 'celebrating', 'decision', 'vowed', 'push', 'legal', 'rights', 'including', 'samesex', 'marriages']",4.2
"['others', 'status', 'egypt', 'israel', 'australia']","['nations', 'like', 'israel', 'australia', 'already', 'status']",2.5
"['findings', 'appear', 'wednesdays', 'journal', 'american', 'medical', 'association', 'news', 'web', 'sites']","['results', 'published', 'wednesdays', 'issue', 'journal', 'american', 'medical', 'association']",3.5
"['additionally', 'hnums', 'cradle', 'room', 'charge', 'second', 'battery']","['cradle', 'hnum', 'space', 'recharging', 'second', 'battery']",4.75
"['one', 'num', 'kurds', 'pointed', 'word', 'refugee', 'englishturkish', 'dictionary']","['one', 'man', 'brandished', 'englishturkish', 'dictionary', 'pointed', 'word', 'refugee']",3.5
"['close', 'cooperation', 'lawenforcement', 'agencies', 'intelligence', 'services', 'lie', 'heart', 'ongoing', 'fight', 'terrorism', 'mr', 'howard', 'said']","['close', 'cooperation', 'regional', 'law', 'enforcement', 'agencies', 'intelligence', 'services', 'heart', 'fight', 'terrorism', 'said']",4.0
"['num', 'group', 'says', 'market', 'rebound', 'num', 'percent', 'num', 'billion', 'sales']","['num', 'asia', 'pacific', 'report', 'growth', 'num', 'percent', 'num', 'billion']",2.0
"['captain', 'robert', 'ramsey', 'us', 'numst', 'armoured', 'division', 'said', 'truck', 'exploded', 'outside', 'building', 'numam', 'one', 'compounds', 'outer', 'walls', 'collapsed']","['captain', 'robert', 'ramsey', 'us', 'numst', 'armored', 'division', 'said', 'truck', 'exploded', 'outside', 'building', 'around', 'num']",3.2
"['northern', 'autumn', 'us', 'trainers', 'work', 'soldiers', 'four', 'north', 'african', 'countries', 'patrolling', 'gathering', 'intelligence']","['later', 'year', 'command', 'send', 'trainers', 'soldiers', 'four', 'north', 'african', 'nations', 'patrolling', 'intelligence', 'gathering', 'missions']",3.8
"['figures', 'becoming', 'catastrophic', 'said', 'dr', 'patrick', 'pelloux', 'president', 'association', 'emergency', 'room', 'physicians']","['unacceptable', 'said', 'patrick', 'pelloux', 'president', 'frances', 'association', 'emergency', 'doctors']",2.5
"['whatever', 'happened', 'way', 'punishment', 'certainly', 'enough', 'covello', 'told', 'numyearold', 'whose', 'family', 'friends', 'supporters', 'filled', 'half', 'courtroom']","['happened', 'sir', 'way', 'punishment', 'certainly', 'enough', 'covello', 'said']",3.0
"['mother', 'also', 'alleged', 'lawsuit', 'sexually', 'assaulted', 'one', 'guards']","['mother', 'also', 'contended', 'sexually', 'assaulted', 'one', 'guards', 'num', 'confrontation']",4.0
"['yes', 'today', 'flash', 'memory', 'purchased', 'amd', 'fujitsu', 'branded', 'spansion']","['spansion', 'flash', 'memory', 'solutions', 'available', 'worldwide', 'amd', 'fujitsu']",2.625
"['worlds', 'two', 'largest', 'automakers', 'said', 'us', 'sales', 'declined', 'predicted', 'last', 'month', 'late', 'summer', 'sales', 'frenzy', 'caused', 'industry', 'backlash', 'expected']","['domestic', 'sales', 'gm', 'num', 'ford', 'motor', 'co', 'declined', 'predicted', 'late', 'summer', 'sales', 'frenzy', 'prompted', 'largerthanexpected', 'industry', 'backlash']",3.2
"['tropical', 'storm', 'rapidly', 'developed', 'gulf', 'mexico', 'sunday', 'expected', 'hit', 'somewhere', 'along', 'texas', 'louisiana', 'coasts', 'monday', 'night']","['tropical', 'storm', 'rapidly', 'developed', 'gulf', 'mexico', 'sunday', 'could', 'hurricaneforce', 'winds', 'hits', 'land', 'somewhere', 'along', 'louisiana', 'coast', 'monday', 'night']",4.0
"['pressure', 'may', 'well', 'rise', 'thursday', 'national', 'coverage', 'final', 'round', 'planned', 'espn', 'cable', 'sports', 'network']","['pressure', 'intensify', 'today', 'national', 'coverage', 'final', 'round', 'planned', 'espn', 'words', 'even', 'difficult']",3.2
"['pataki', 'praised', 'abrahams', 'decision', 'lipa', 'chairman', 'richard', 'kessel', 'said', 'cable', 'kept', 'operation', 'permanently']","['lipa', 'chairman', 'richard', 'kessel', 'said', 'meant', 'cable', 'could', 'used', 'see', 'fit']",2.4
"['dynes', 'came', 'uc', 'san', 'diego', 'num', 'num', 'years', 'physicist', 'att', 'bell', 'labs']","['dynes', 'uc', 'san', 'diego', 'since', 'num', 'spending', 'num', 'years', 'att', 'bell', 'labs', 'worked', 'superconductors', 'materials']",3.6
"['meningitis', 'infection', 'spinal', 'cord', 'fluid', 'tissue', 'around', 'brain']","['meningitis', 'infection', 'fluid', 'persons', 'spinal', 'cord', 'around', 'brain']",4.6
"['mayor', 'joe', 'parker', 'said', 'late', 'thursday', 'three', 'workers', 'two', 'men', 'woman', 'inside', 'building', 'first', 'blast', 'occurred']","['missing', 'workers', 'two', 'men', 'woman', 'inside', 'building', 'first', 'blast', 'occurred', 'mayor', 'joe', 'parker', 'said']",4.4
"['londonbased', 'ncri', 'official', 'ali', 'safavi', 'told', 'reuters', 'condemn', 'raid', 'view', 'illegal', 'morally', 'politically', 'unjustifiable']","['condemn', 'raid', 'view', 'illegal', 'morally', 'politically', 'unjustifiable', 'londonbased', 'ncri', 'official', 'ali', 'safavi', 'told', 'reuters', 'telephone']",4.6
"['exploded', 'hands', 'former', 'italian', 'prime', 'minister', 'unhurt']","['letter', 'bomb', 'sent', 'prodi', 'exploded', 'hands', 'unhurt']",3.6
"['halabis', 'military', 'attorney', 'air', 'force', 'maj', 'james', 'key', 'denied', 'charges', 'could', 'carry', 'death', 'penalty']","['attorney', 'representing', 'alhalabi', 'air', 'force', 'maj', 'james', 'key', 'iii', 'denied', 'charges', 'according', 'associated', 'press']",3.2
"['waksal', 'letter', 'court', 'said', 'tore', 'family', 'apart']","['seeking', 'leniency', 'waksal', 'apologized', 'court', 'employees', 'family']",2.0
"['since', 'early', 'may', 'city', 'received', 'num', 'reports', 'dead', 'blue', 'jays', 'crows', 'jayroe', 'said']","['since', 'early', 'may', 'city', 'received', 'num', 'reports', 'said']",2.8
"['forest', 'freedom', 'organisation', 'right', 'enjoy', 'smoking', 'tobacco', 'said', 'mention', 'word', 'prohibition', 'everyone', 'knows', 'happened']","['forest', 'freedom', 'organisation', 'right', 'enjoy', 'smoking', 'tobacco', 'said', 'greeted', 'lancets', 'call', 'amusement', 'disbelief']",1.6
"['converted', 'baystar', 'aggregate', 'approximately', 'num', 'million', 'shares', 'sco', 'common', 'stock', 'num', 'percent', 'companys', 'outstanding', 'shares']","['investment', 'gives', 'larkspur', 'califbased', 'baystar', 'num', 'million', 'shares', 'sco', 'common', 'stock', 'num', 'percent', 'companys', 'outstanding', 'shares']",4.0
"['opec', 'producers', 'meeting', 'wednesday', 'set', 'pressure', 'independent', 'oil', 'exporters', 'contribute', 'cartels', 'next', 'supply', 'cut', 'allow', 'return', 'iraqi', 'oil']","['opec', 'week', 'set', 'pressure', 'independent', 'exporters', 'back', 'cartels', 'next', 'supply', 'cut', 'prevent', 'resumption', 'iraqi', 'exports', 'undercutting', 'oil', 'prices']",2.8
"['federal', 'trade', 'commission', 'ftc', 'asked', 'congress', 'today', 'additional', 'authority', 'fight', 'unwanted', 'internet', 'spam', 'accounts', 'half', 'email', 'traffic']","['federal', 'trade', 'commission', 'asked', 'congress', 'yesterday', 'broader', 'powers', 'attack', 'rapidly', 'growing', 'problem', 'spam', 'new', 'studies', 'show', 'accounts', 'half', 'email', 'traffic']",5.0
"['federal', 'grand', 'jury', 'indicted', 'tuesday', 'document', 'sealed', 'yesterday', 'allow', 'authorities', 'make', 'arrests']","['federal', 'officials', 'said', 'document', 'remained', 'sealed', 'thursday', 'morning', 'allow', 'authorities', 'make', 'arrests', 'five', 'western', 'states']",3.4
"['people', 'opposed', 'actions', 'throughout', 'trying', 'find', 'fresh', 'reasons', 'say', 'wasnt', 'right', 'thing']","['happening', 'people', 'opposed', 'action', 'throughout', 'trying', 'find', 'fresh', 'reasons', 'right', 'thing']",4.0
"['richard', 'miller', 'remained', 'hospitalized', 'undergoing', 'liver', 'transplant', 'wife', 'recovered']","['richard', 'miller', 'num', 'survived', 'lifesaving', 'liver', 'transplant', 'remains', 'hospitalized']",3.2
"['sequent', 'representatives', 'could', 'immediately', 'reached', 'comment', 'sco', 'announcement']","['spokesman', 'sco', 'could', 'reached', 'comment', 'afternoon']",3.8
"['proportion', 'people', 'covered', 'employers', 'dropped', 'num', 'percent', 'num', 'num', 'percent', 'last', 'year']","['proportion', 'americans', 'insurance', 'employers', 'declined', 'num', 'percent', 'num', 'percent', 'num', 'num', 'percent', 'num']",3.2
"['world', 'num', 'lleyton', 'hewitt', 'accused', 'association', 'tennis', 'professionals', 'malice', 'including', 'alleged', 'attempt', 'last', 'year', 'dupe', 'refusing', 'drug', 'test']","['world', 'nonum', 'lleyton', 'hewitt', 'accused', 'professional', 'peers', 'longstanding', 'malice', 'including', 'attempt', 'last', 'year', 'dupe', 'refusing', 'drug', 'test']",4.0
"['msn', 'messenger', 'num', 'available', 'download', 'starting', 'num', 'pm', 'gmt', 'wednesday', 'httpmessengermsncomdownloadvnumpreviewasp']","['msn', 'messenger', 'num', 'software', 'available', 'num', 'pst', 'wednesday', 'according', 'microsoft']",3.25
"['connection', 'incident', 'acknowledged', 'behaved', 'inappropriately']","['acknowledged', 'behaved', 'inappropriately', 'said']",4.25
"['spokesman', 'said', 'since', 'november', 'cooperated', 'fully', 'police']","['added', 'cooperated', 'fully', 'police', 'since', 'november']",4.25
"['women', 'eat', 'potatoes', 'tuberous', 'vegetables', 'pregnancy', 'may', 'risk', 'triggering', 'type', 'num', 'diabetes', 'children', 'melbourne', 'researchers', 'believe']","['australian', 'researchers', 'believe', 'found', 'trigger', 'type', 'num', 'diabetes', 'children', 'mothers', 'eating', 'potatoes', 'tuberous', 'vegetables', 'pregnancy']",4.25
"['broad', 'standard', 'poors', 'num', 'index', 'spx', 'inched', 'num', 'points', 'num', 'percent', 'num']","['technologylaced', 'nasdaq', 'composite', 'index', 'ixic', 'lost', 'num', 'points', 'num', 'percent', 'num']",0.75
"['people', 'thought', 'blood', 'pressure', 'fine', 'actually', 'may', 'well', 'way', 'hypertension', 'new', 'us', 'guidelines', 'published', 'wednesday']","['people', 'thought', 'blood', 'pressure', 'fine', 'actually', 'need', 'start', 'exercising', 'eating', 'better', 'according', 'new', 'us', 'guidelines', 'published', 'wednesday']",3.0
"['amazon', 'also', 'reported', 'new', 'york', 'attorney', 'generals', 'office', 'settled', 'civil', 'fraud', 'charges', 'one', 'spoofers', 'identified']","['amazon', 'new', 'york', 'attorney', 'generals', 'office', 'already', 'settled', 'one', 'alleged', 'email', 'forgers']",3.75
"['leading', 'actress', 'nod', 'went', 'energetic', 'newcomer', 'marissa', 'jaret', 'winokur', 'ednas', 'daughter', 'tracy']","['marissa', 'jaret', 'winokur', 'tracy', 'best', 'actress', 'musical']",4.0
"['appears', 'initial', 'report', 'textbook', 'landing', 'considering', 'circumstances', 'burke', 'said']","['said', 'mr', 'burke', 'textbook', 'landing', 'considering', 'circumstances']",4.0
"['allegiant', 'shares', 'rose', 'num', 'num', 'percent', 'num', 'thursday', 'morning', 'trading', 'nasdaq', 'stock', 'market']","['allegiants', 'stock', 'closed', 'wednesday', 'num', 'num', 'cents', 'trading', 'nasdaq', 'market']",2.0
"['state', 'law', 'num', 'calls', 'public', 'information', 'released']","['law', 'num', 'calls', 'public', 'information', 'rhode', 'island']",3.4
"['adrs', 'fell', 'num', 'cents', 'num', 'num', 'new', 'york', 'stock', 'exchange', 'composite', 'trading', 'today']","['shares', 'fox', 'entertainment', 'group', 'inc', 'news', 'corps', 'us', 'media', 'entertainment', 'arm', 'fell', 'num', 'cents', 'num', 'new', 'york', 'stock', 'exchange', 'composite', 'trading']",1.4
"['bremer', 'said', 'one', 'initiative', 'launch', 'num', 'million', 'nationwide', 'program', 'next', 'two', 'weeks', 'clean', 'neighborhoods', 'build', 'community', 'projects']","['bremer', 'said', 'would', 'launch', 'nummillion', 'program', 'next', 'two', 'weeks', 'clean', 'neighborhoods', 'across', 'iraq', 'build', 'community', 'projects', 'gave', 'details']",3.4
"['nasdaq', 'composite', 'index', 'added', 'num', 'points', 'num', 'percent', 'num']","['nasdaq', 'weekly', 'gain', 'num', 'num', 'percent', 'closing', 'num', 'gaining', 'num', 'yesterday']",2.4
"['british', 'foreign', 'office', 'said', 'monday', 'coalition', 'authorities', 'iraq', 'pleased', 'men', 'freed']","['british', 'foreign', 'office', 'said', 'mediated', 'two', 'mens', 'release']",2.6
"['walmart', 'estimates', 'num', 'million', 'americans', 'visit', 'stores', 'every', 'week']","['week', 'num', 'million', 'shoppers', 'visit', 'walmarts', 'num', 'stores']",2.8
"['added', 'mr', 'prodi', 'maybe', 'old', 'age', 'helps', 'us', 'understand', 'strengths', 'weakness']","['maybe', 'old', 'age', 'helps', 'us', 'understand', 'strength', 'weakness', 'reality', 'world']",3.2
"['proud', 'stood', 'richard', 'nixon', 'kerry', 'said']","['marched', 'streets', 'richard', 'nixon', 'vietnam', 'war', 'said']",2.4
"['shares', 'corixa', 'gaining', 'num', 'cents', 'num', 'num', 'nasdaq']","['latemorning', 'trading', 'nasdaq', 'stock', 'market', 'corixa', 'num', 'cents', 'num', 'num']",3.25
"['spokesmen', 'fbi', 'cia', 'canadian', 'security', 'intelligence', 'service', 'royal', 'canadian', 'mounted', 'police', 'declined', 'comment', 'el', 'shukrijumahs', 'stay', 'canada']","['fbi', 'cia', 'canadian', 'security', 'intelligence', 'service', 'royal', 'canadian', 'mounted', 'police', 'declined', 'comment', 'washington', 'times', 'report']",2.75
"['persistent', 'problem', 'solved', 'investigation', 'board', 'member', 'steven', 'wallace', 'said']","['persistent', 'problem', 'solved', 'mechanically', 'physically', 'said', 'board', 'member', 'steven', 'wallace']",4.0
"['americans', 'dont', 'cut', 'run', 'see', 'misadventure', 'said']","['also', 'pledged', 'bring', 'peace', 'iraq', 'americans', 'dont', 'cut', 'run', 'see', 'misadventure']",3.6
"['doubt', 'chemical', 'programme', 'biological', 'programme', 'indeed', 'nuclear', 'programme', 'indeed', 'documented', 'un', 'said']","['added', 'doubt', 'chemical', 'programme', 'biological', 'programme', 'indeed', 'nuclear', 'weapons', 'programme']",3.8
"['ridge', 'said', 'real', 'explosives', 'harmful', 'devices', 'used', 'exercise']","['ridge', 'said', 'actual', 'explosives', 'harmful', 'substances', 'used']",4.6
"['america', 'friends', 'happen', 'said', 'loud', 'applause']","['america', 'friends', 'happen']",3.25
"['may', 'num', 'crawled', 'narrow', 'winding', 'canyon', 'rappelled', 'numfoot', 'cliff', 'walked', 'six', 'miles', 'canyon']","['crawled', 'narrow', 'winding', 'canyon', 'rappelled', 'numfoot', 'cliff', 'walked', 'six', 'miles', 'canyon', 'near', 'canyonlands', 'national', 'park', 'southeastern', 'utah']",3.75
"['amnesty', 'international', 'said', 'past', 'num', 'years', 'collected', 'information', 'num', 'disappearances', 'iraq', 'actual', 'figure', 'may', 'much', 'higher']","['amnesty', 'international', 'said', 'past', 'num', 'years', 'collected', 'information', 'num', 'disappearances', 'iraq']",4.0
"['texas', 'instruments', 'climbed', 'num', 'num', 'yesterday', 'novellus', 'systems', 'inc', 'advanced', 'num', 'num']","['texas', 'instruments', 'climbed', 'usnum', 'usnum', 'novellus', 'systems', 'advanced', 'usnum', 'usnum', 'raised', 'overweight', 'lehman']",3.75
"['asked', 'excused', 'last', 'weeks', 'cabinet', 'session', 'prepare', 'meeting', 'presidents', 'rwanda', 'uganda']","['took', 'highly', 'unusual', 'step', 'skipping', 'cabinet', 'attend', 'meeting', 'presidents', 'rwanda', 'uganda']",3.455
"['mixture', 'ancient', 'pagan', 'modern', 'christian', 'rites', 'villagers', 'staged', 'series', 'ceremonies', 'hoping', 'erase', 'misfortunes', 'believe', 'kept', 'poor']","['mixture', 'ancient', 'melanesian', 'pagan', 'modern', 'christian', 'ceremonies', 'people', 'tried', 'erase', 'misfortunes', 'believe', 'kept', 'poor', 'since', 'longago', 'meal']",4.0
"['dow', 'jones', 'industrial', 'average', 'dji', 'edged', 'num', 'points', 'num', 'percent', 'num']","['dow', 'jones', 'industrial', 'average', 'dji', 'num', 'points', 'num', 'percent', 'num']",2.5
"['monkeypox', 'usually', 'found', 'central', 'western', 'africa']","['prairie', 'dogs', 'usually', 'found', 'southwestern', 'western', 'states', 'arent', 'indigenous', 'wisconsin']",0.25
"['film', 'second', 'trilogy', 'wrap', 'november', 'matrix', 'revolutions']","['reloaded', 'second', 'installment', 'trilogy', 'matrix', 'revolutions', 'slated', 'debut', 'november']",3.833
"['addition', 'justice', 'department', 'said', 'fbi', 'conducted', 'fewer', 'num', 'investigations', 'involving', 'visits', 'mosques']","['addition', 'fewer', 'num', 'fbi', 'offices', 'conducted', 'investigations', 'involving', 'visits', 'islamic', 'mosques', 'justice', 'department', 'said']",3.75
"['launch', 'coincides', 'javaone', 'developers', 'conference', 'san', 'francisco', 'week']","['news', 'also', 'comes', 'conjunction', 'suns', 'annual', 'javaone', 'developers', 'conference', 'san', 'francisco']",3.25
"['royal', 'duty', 'based', 'experiences', 'diana', 'princess', 'wales', 'letters', 'allegedly']","['royal', 'household', 'bracing', 'revelations', 'royal', 'duty', 'based', 'former', 'servants', 'time', 'diana', 'princess', 'wales']",2.75
"['army', 'said', 'raid', 'comes', 'days', 'israeli', 'troops', 'shot', 'killed', 'abdullah', 'kawasme', 'hamas', 'leader', 'city', 'targeted', 'militants', 'hamas']","['arrests', 'came', 'days', 'israeli', 'troops', 'shot', 'killed', 'abdullah', 'kawasme', 'militant', 'groups', 'leader', 'hebron']",3.0
"['sars', 'went', 'claim', 'lives', 'num', 'people', 'toronto', 'area', 'including', 'two', 'nurses', 'doctor']","['virus', 'killed', 'num', 'people', 'toronto', 'area', 'including', 'one', 'doctor', 'two', 'nurses']",3.2
"['apple', 'computers', 'new', 'online', 'music', 'service', 'sold', 'num', 'million', 'songs', 'first', 'week', 'operation', 'company', 'said', 'monday']","['apple', 'computer', 'inc', 'said', 'monday', 'exceeded', 'record', 'industry', 'expectations', 'selling', 'num', 'million', 'songs', 'since', 'launch', 'online', 'music', 'store', 'week', 'ago']",4.6
"['arrested', 'twice', 'trespassing', 'barred', 'complex', 'home', 'mother', 'two', 'children']","['arrested', 'twice', 'trespassing', 'barred', 'complex']",3.6
"['oracle', 'corps', 'chairman', 'ceo', 'larry', 'ellison', 'didnt', 'rule', 'sweetening', 'companys', 'unsolicited', 'offer', 'acquire', 'rival', 'peoplesoft', 'inc']","['oracle', 'chairman', 'larry', 'ellison', 'hinted', 'company', 'could', 'yet', 'increase', 'offer', 'rival', 'peoplesoft']",4.4
"['portuguese', 'weather', 'service', 'said', 'europes', 'heatwave', 'caused', 'mass', 'hot', 'dry', 'air', 'moving', 'southeast']","['heatwave', 'due', 'mass', 'hot', 'dry', 'air', 'southeast', 'said', 'mario', 'almeida', 'portugals', 'weather', 'service']",4.056
"['spending', 'taxpayer', 'dollars', 'create', 'terrorism', 'betting', 'parlors', 'wasteful', 'repugnant', 'announced', 'press', 'conference', 'yesterday']","['spending', 'taxpayer', 'dollars', 'create', 'terrorism', 'betting', 'parlors', 'wasteful', 'repugnant', 'wyden', 'dorgan', 'said', 'monday', 'letter', 'pentagon']",3.5
"['still', 'somewhat', 'ambiguous', 'ruling', 'might', 'setback', 'static', 'control', 'depending', 'developed', 'competing', 'product', 'merrill', 'lynch', 'analyst', 'steven', 'milunovich', 'said']","['merrill', 'lynch', 'analyst', 'steven', 'milunovich', 'said', 'somewhat', 'ambiguous', 'ruling', 'regulators', 'might', 'setback', 'static', 'control', 'depending', 'developed', 'competing', 'product']",5.0
"['monkeys', 'could', 'track', 'progress', 'watching', 'schematic', 'representation', 'arm', 'motions', 'video', 'screen']","['arm', 'kept', 'separate', 'room', 'monkeys', 'could', 'track', 'progress', 'watching', 'representation', 'arm', 'motions', 'video', 'screen']",4.0
"['triggered', 'numhour', 'police', 'standoff', 'inconvenienced', 'thousands', 'commuters', 'traffic', 'backed', 'downtown', 'washington', 'northern', 'virginia']","['protest', 'led', 'numhour', 'standoff', 'police', 'caused', 'huge', 'traffic', 'jams', 'downtown', 'washington', 'northern', 'virginia']",4.0
"['standard', 'poors', 'num', 'index', 'advanced', 'num', 'num', 'per', 'cent', 'num']","['broader', 'standard', 'poors', 'num', 'index', 'spx', 'rose', 'num', 'points', 'num', 'percent', 'num']",4.75
"['agriculture', 'ministers', 'one', 'hundred', 'nations', 'expected', 'attend', 'threeday', 'ministerial', 'conference', 'expo', 'agricultural', 'science', 'technology', 'sponsored', 'us', 'department', 'agriculture']","['us', 'agriculture', 'secretary', 'ann', 'veneman', 'kicks', 'threeday', 'ministerial', 'conference', 'expo', 'agricultural', 'science', 'technology', 'monday']",3.75
"['complicating', 'situation', 'presence', 'battlehardened', 'liberians', 'fighting', 'sides']","['fighting', 'continued', 'sporadically', 'west', 'complicated', 'presence', 'battlehardened', 'liberians', 'sides']",4.0
"['year', 'audubon', 'society', 'hosts', 'annual', 'christmas', 'bird', 'count']","['national', 'audubon', 'societys', 'annual', 'christmas', 'bird', 'count', 'numth', 'season']",3.5
"['removed', 'site', 'listed', 'broken', 'english', 'rules', 'hackers', 'might', 'participate']","['organizers', 'established', 'web', 'site', 'httpdefacerschallengecom', 'listing', 'broken', 'english', 'rules', 'hackers', 'might', 'participate']",3.0
"['doctors', 'speculated', 'bodys', 'estrogen', 'protects', 'cell', 'damage', 'improves', 'blood', 'flow']","['belief', 'based', 'speculation', 'estrogen', 'prevents', 'cell', 'damage', 'improves', 'blood', 'flow']",4.2
"['also', 'found', 'shortness', 'associated', 'family', 'history', 'hearing', 'loss']","['shortness', 'found', 'twice', 'often', 'hearing', 'loss']",3.4
"['cisco', 'executives', 'said', 'encouraged', 'num', 'billion', 'cash', 'flow', 'increase', 'net', 'income', 'hoped', 'rebound']","['cisco', 'executives', 'encouraged', 'num', 'billion', 'cash', 'flow', 'increase', 'net', 'income', 'said', 'remained', 'cautiously', 'optimistic', 'rebound']",4.6
"['email', 'statement', 'knoxville', 'news', 'sentinel', 'shumaker', 'said', 'giving', 'consideration', 'resignation']","['giving', 'consideration', 'resignation', 'shumaker', 'said', 'statement']",4.0
"['poll', 'showed', 'fbi', 'bugging', 'mayor', 'given', 'boost', 'reelection', 'effort', 'gop', 'opponent', 'sam', 'katz']","['poll', 'released', 'week', 'showed', 'fbi', 'bugging', 'mayor', 'given', 'boost', 'reelection', 'effort']",4.0
"['injured', 'passenger', 'john', 'peter', 'smith', 'hospital', 'died', 'later', 'friday', 'morning', 'jones', 'said']","['injured', 'passenger', 'john', 'peter', 'smith', 'died', 'later', 'morning', 'name', 'released', 'jones', 'said']",3.643
"['doctors', 'planned', 'deliver', 'two', 'weeks', 'early', 'around', 'november', 'num']","['caesarean', 'originally', 'planned', 'mid', 'november', 'two', 'weeks', 'early']",3.6
"['sobigf', 'spreads', 'unsuspecting', 'computer', 'users', 'open', 'file', 'attachments', 'emails', 'contain', 'familiar', 'headings', 'thank', 'details', 'movie']","['virus', 'spreads', 'unsuspecting', 'computer', 'users', 'open', 'file', 'attachments', 'emails', 'contain', 'familiar', 'headings', 'like', 'thank', 'details']",4.0
"['technologylaced', 'nasdaq', 'composite', 'index', 'ixic', 'rose', 'num', 'points', 'num', 'percent', 'num', 'based', 'latest', 'data']","['broader', 'standard', 'poors', 'num', 'index', 'spx', 'gained', 'num', 'points', 'num', 'percent', 'num']",1.0
"['founders', 'group', 'matsushita', 'electric', 'sony', 'hitachi', 'nec', 'royal', 'philips', 'electronics', 'samsung', 'sharp', 'toshiba']","['celfs', 'founding', 'members', 'hitachi', 'matsushita', 'nec', 'philips', 'samsung', 'sharp', 'sony', 'toshiba']",3.4
"['food', 'supply', 'says', 'david', 'ropeik', 'director', 'risk', 'communication', 'harvard', 'center', 'risk', 'analysis']","['zero', 'said', 'david', 'ropeik', 'director', 'risk', 'communication', 'harvard', 'center', 'risk', 'analysis']",1.75
"['screaming', 'match', 'num', 'carolyn', 'told', 'john', 'still', 'sleeping', 'bergin']","['turn', 'occasionally', 'told', 'john', 'still', 'sleeping', 'exboyfriend', 'baywatch', 'hunk', 'michael', 'bergin']",3.0
"['hand', 'help', 'establish', 'steves', 'innocence', 'welcome']","['draining', 'ponds', 'maryland', 'help', 'establish', 'steves', 'innocence', 'welcome']",3.25
"['fletcher', 'said', 'expects', 'support', 'lawmakers', 'agricultural', 'states', 'many', 'committee']","['said', 'also', 'expects', 'support', 'lawmakers', 'agricultural', 'states']",3.4
"['seven', 'num', 'numyearold', 'cadets', 'ticketed', 'police', 'drinking', 'alcohol', 'offcampus', 'hotel', 'room', 'early', 'saturday', 'two', 'young', 'women', 'aged', 'num', 'num']","['seven', 'num', 'numyearold', 'male', 'cadets', 'caught', 'offcampus', 'hotel', 'room', 'early', 'saturday', 'two', 'female', 'teens', 'num', 'num', 'years']",3.2
"['step', 'could', 'put', 'issue', 'un', 'security', 'council']","['matter', 'could', 'sent', 'un', 'security', 'council']",2.8
"['planned', 'stay', 'day', 'river', 'crested', 'forecast', 'late', 'last', 'night']","['lawyers', 'planned', 'stay', 'river', 'starts', 'receding']",2.4
"['camp', 'hosts', 'summer', 'religious', 'retreats', 'children', 'events', 'yearround', 'according', 'web', 'site']","['saint', 'sophia', 'camp', 'hosts', 'religious', 'retreats', 'children', 'summer', 'months', 'well', 'events', 'year', 'round', 'according', 'web', 'site']",3.4
"['dealers', 'said', 'single', 'currencys', 'downward', 'momentum', 'dollar', 'could', 'pick', 'speed', 'broke', 'num']","['dealers', 'said', 'euros', 'downward', 'momentum', 'may', 'pick', 'speed', 'break', 'num']",3.6
"['gemstars', 'shares', 'gathered', 'num', 'percent', 'adding', 'num', 'cents', 'num', 'close']","['gemstar', 'shares', 'moved', 'higher', 'news', 'closing', 'num', 'percent', 'num', 'nasdaq']",3.8
"['along', 'chipmaker', 'intel', 'companies', 'include', 'sony', 'corp', 'microsoft', 'corp', 'hewlettpackard', 'co', 'ibm', 'corp', 'gateway', 'inc', 'nokia', 'corp']","['along', 'chip', 'maker', 'intel', 'companies', 'include', 'sony', 'microsoft', 'hewlettpackard', 'international', 'business', 'machines', 'gateway', 'nokia', 'others']",4.8
"['kroger', 'co', 'owns', 'ralphs', 'albertsons', 'inc', 'bargain', 'jointly', 'safeway', 'locked', 'union', 'workers', 'next', 'day']","['show', 'corporate', 'solidarity', 'kroger', 'co', 'owns', 'ralphs', 'albertson', 'inc', 'locked', 'workers', 'next', 'morning']",3.8
"['according', 'census', 'bureau', 'hispanic', 'population', 'increased', 'num', 'percent', 'april', 'num', 'census', 'figures']","['hispanic', 'population', 'increased', 'numper', 'cent', 'april', 'num', 'census', 'figures', 'despite', 'less', 'favourable', 'social', 'economic', 'conditions', 'nums']",3.333
"['shares', 'jumped', 'num', 'preopen', 'trading', 'num', 'wednesdays', 'close']","['shares', 'jumped', 'almost', 'num', 'percent', 'preopen', 'trading', 'rising', 'num', 'num', 'tuesdays', 'close']",2.5
"['dow', 'jones', 'industrial', 'average', 'dji', 'num', 'points', 'num', 'percent', 'num']","['dow', 'jones', 'industrial', 'average', 'dji', 'fell', 'num', 'points', 'num', 'percent', 'num', 'friday']",2.4
"['lawyer', 'pamela', 'mackey', 'said', 'bryant', 'expects', 'completely', 'exonerated']","['mr', 'bryant', 'innocent', 'expects', 'completely', 'exonerated', 'mackey', 'said', 'statement']",3.8
"['best', 'advance', 'since', 'oct', 'num', 'index', 'gained', 'num']","['standard', 'poors', 'num', 'index', 'rose', 'num', 'num', 'best', 'advance', 'since', 'oct', 'num', 'gained', 'num']",3.0
"['mr', 'mask', 'said', 'mr', 'cullen', 'would', 'taken', 'somerset', 'county', 'jail', 'thursday', 'moved', 'ann', 'klein', 'forensic', 'hospital', 'outside', 'trenton', 'psychiatric', 'care']","['charles', 'cullen', 'num', 'transferred', 'somerset', 'county', 'jail', 'somerville', 'anne', 'klein', 'forensic', 'center', 'numbed', 'psychiatric', 'treatment', 'facility', 'trenton']",3.692
"['scientists', 'believed', 'stardust', 'trapped', 'thousands', 'particles', 'dust']","['stardust', 'designed', 'gather', 'thousands', 'dust', 'particles', 'streaming', 'wild', 'num']",3.0
"['report', 'independent', 'expert', 'committee', 'aims', 'dissipate', 'suspicion', 'hong', 'kong', 'governments', 'handling', 'sars', 'crisis']","['long', 'awaited', 'report', 'hong', 'kong', 'governments', 'handling', 'sars', 'outbreak', 'released']",2.75
"['devices', 'implement', 'vnum', 'standards', 'esco', 'facility', 'provide', 'basis', 'new', 'cordless', 'telephony', 'applications']","['bluecorenum', 'also', 'implements', 'vnums', 'esco', 'facility', 'provide', 'basis', 'advanced', 'cordless', 'telephony', 'applications', 'bluetooth', 'transmission']",3.25
"['drop', 'core', 'wholesale', 'prices', 'april', 'reflected', 'falling', 'prices', 'cars', 'trucks', 'mens', 'boys', 'clothes', 'cigarettes']","['biggest', 'drop', 'since', 'august', 'num', 'stemmed', 'falling', 'prices', 'cars', 'trucks', 'mens', 'boys', 'clothes', 'cigarettes']",3.5
"['international', 'rescue', 'workers', 'scouring', 'flattened', 'debris', 'survivors', 'irans', 'shattered', 'ancient', 'silk', 'road', 'city', 'bam', 'violent', 'earthquake', 'killed', 'num', 'people']","['international', 'rescue', 'workers', 'hacked', 'desperately', 'flattened', 'debris', 'survivors', 'cemeteries', 'overflowed', 'irans', 'ancient', 'silk', 'road', 'city', 'bam', 'yesterday']",3.0
"['griffith', 'mount', 'airy', 'native', 'lives', 'north', 'carolina', 'coast', 'manteo']","['griffith', 'num', 'grew', 'mount', 'airy', 'lives', 'manteo']",4.0
"['conference', 'board', 'reported', 'us', 'consumer', 'confidence', 'index', 'slipped', 'num', 'june', 'num', 'may']","['consumerconfidence', 'index', 'came', 'num', 'june', 'slightly', 'revised', 'num', 'may', 'conference', 'board', 'said']",4.667
"['notice', 'mood', 'change', 'priorities', 'one', 'politician', 'said']","['notice', 'mood', 'change', 'priorities', 'said', 'one', 'iraqi', 'politician', 'meeting', 'mr', 'bremer']",3.333
"['heather', 'num', 'lost', 'leg', 'road', 'accident', 'thought', 'steel', 'plates', 'fitted', 'hips', 'would', 'make', 'natural', 'childbirth', 'impossible']","['former', 'model', 'lady', 'mccartney', 'lost', 'leg', 'road', 'accident', 'num', 'understood', 'steel', 'plates', 'fitted', 'hips', 'would', 'make', 'natural', 'childbirth', 'difficult']",2.4
"['network', 'also', 'dropping', 'friday', 'night', 'dateline', 'edition']","['network', 'drop', 'one', 'edition', 'dateline', 'newsmagazine', 'franchise']",3.857
"['vice', 'president', 'dick', 'cheney', 'mississippi', 'republican', 'gubernatorial', 'candidate', 'haley', 'barbour', 'acknowledge', 'cheering', 'crowd']","['vice', 'president', 'dick', 'cheney', 'says', 'mississippi', 'republican', 'haley', 'barbour', 'would', 'good', 'governor', 'government', 'business', 'savvy']",2.4
"['numyearold', 'nurse', 'worked', 'north', 'york', 'general', 'hospital', 'epicentre', 'latest', 'outbreak']","['emile', 'laroza', 'num', 'contracted', 'sars', 'working', 'nurse', 'north', 'york', 'general', 'hospital', 'epicentre', 'second', 'sars', 'outbreak']",3.0
"['rusch', 'also', 'allowed', 'five', 'earned', 'runs', 'last', 'three', 'starts']","['redman', 'allowed', 'two', 'earned', 'runs', 'less', 'six', 'nine', 'starts']",2.0
"['mr', 'turner', 'transferred', 'num', 'million', 'shares', 'charitable', 'trust', 'sold']","['sales', 'leave', 'mr', 'turner', 'num', 'million', 'shares', 'aol']",1.6
"['also', 'recruited', 'others', 'participate', 'scheme', 'convincing', 'receive', 'fraudulently', 'obtained', 'merchandise', 'ordered']","['also', 'recruited', 'people', 'take', 'delivery', 'fraudulently', 'obtained', 'merchandise', 'ordered']",4.0
"['new', 'york', 'mets', 'selected', 'outfielder', 'lastings', 'milledge', 'lakewood', 'ranch', 'high', 'school', 'florida']","['mets', 'took', 'lastings', 'milledge', 'outfielder', 'florida', 'numth', 'pick']",3.8
"['florida', 'sen', 'bob', 'graham', 'identifiable', 'num', 'percent', 'polled']","['kerry', 'viewed', 'favorably', 'num', 'percent', 'polled', 'dean', 'num', 'percent']",1.2730000000000001
"['broader', 'standard', 'poors', 'num', 'index', 'spx', 'rose', 'num', 'points', 'num', 'percent', 'num']","['techladen', 'nasdaq', 'composite', 'index', 'ixic', 'shed', 'num', 'points', 'num', 'percent', 'num']",1.0
"['result', 'num', 'players', 'broke', 'par', 'first', 'round']","['twentyfour', 'players', 'broke', 'par', 'first', 'round', 'third', 'highest', 'figure', 'us', 'open', 'history']",3.0
"['albertsons', 'krogers', 'ralphs', 'chain', 'locked', 'workers', 'response']","['krogers', 'ralphs', 'chain', 'albertsons', 'immediately', 'locked', 'grocery', 'workers', 'show', 'solidarity']",4.0
"['technologypacked', 'nasdaq', 'composite', 'index', 'ixic', 'dropped', 'num', 'points', 'num', 'percent', 'num']","['nasdaq', 'composite', 'index', 'fell', 'num', 'num', 'percent', 'week', 'num', 'stumbling', 'num', 'yesterday']",2.0
"['shares', 'sco', 'closed', 'num', 'num', 'cents', 'monday', 'trading', 'nasdaq', 'stock', 'market']","['ibm', 'shares', 'closed', 'num', 'num', 'percent', 'num', 'new', 'york', 'stock', 'exchange']",1.0
"['house', 'voted', 'num', 'num', 'clear', 'bill', 'first', 'num', 'congress', 'must', 'pass', 'year', 'fund', 'federal', 'government']","['bill', 'among', 'first', 'num', 'congress', 'must', 'pass', 'year', 'fund', 'federal', 'government']",3.0
"['knight', 'agreed', 'twoyear', 'num', 'million', 'contract', 'included', 'num', 'signing', 'bonus']","['espn', 'reported', 'knights', 'twoyear', 'deal', 'worth', 'num', 'million', 'including', 'num', 'signing', 'bonus']",4.75
"['japanese', 'currency', 'euro', 'num', 'yen', 'late', 'new', 'york', 'level', 'num']","['dollar', 'num', 'yen', 'japanese', 'currency', 'num', 'percent']",2.75
"['procedure', 'generally', 'performed', 'second', 'third', 'trimester']","['technique', 'used', 'second', 'occasionally', 'third', 'trimester', 'pregnancy']",4.5
"['besides', 'hampton', 'newport', 'news', 'grant', 'funds', 'water', 'testing', 'yorktown', 'king', 'george', 'county', 'norfolk', 'virginia', 'beach']","['grant', 'also', 'funds', 'beach', 'testing', 'king', 'george', 'county', 'norfolk', 'virginia', 'beach']",3.0
"['said', 'attackers', 'left', 'behind', 'leaflets', 'urging', 'staff', 'ishtar', 'sheraton', 'stop', 'working', 'hotel', 'demanding', 'us', 'forces', 'leave', 'iraq']","['said', 'attackers', 'left', 'behind', 'leaflets', 'urging', 'workers', 'ishtar', 'sheraton', 'stop', 'working', 'hotel']",3.0
"['diplomacy', 'heating', 'nearly', 'nummonthold', 'nuclear', 'crisis', 'chinese', 'foreign', 'minister', 'li', 'zhaoxing', 'slated', 'visit', 'south', 'korea', 'august', 'num', 'num']","['diplomacy', 'heating', 'nearly', 'nummonthold', 'crisis', 'chinese', 'foreign', 'minister', 'li', 'zhaoxing', 'flies', 'japan', 'sunday', 'en', 'route', 'south', 'korea', 'august', 'num']",3.0
"['bond', 'bulls', 'would', 'like', 'fed', 'recognize', 'risks', 'biased', 'toward', 'economic', 'weakness']","['fed', 'also', 'said', 'risks', 'economy', 'biased', 'toward', 'weakness']",2.588
"['real', 'potential', 'secondary', 'collapse', 'gov', 'james', 'mcgreevey', 'said']","['damaged', 'area', 'garage', 'stable', 'real', 'potential', 'secondary', 'collapse', 'mcgreevey', 'said']",3.6
"['num', 'hp', 'saw', 'unix', 'server', 'sales', 'dropped', 'num', 'percent', 'num', 'billion']","['hp', 'fell', 'second', 'place', 'server', 'sales', 'growing', 'num', 'percent', 'num', 'billion']",2.333
"['people', 'obviously', 'inconvenienced', 'said', 'dr', 'jim', 'young', 'ontarios', 'commissioner', 'public', 'safety']","['hypervigilant', 'said', 'dr', 'james', 'young', 'ontarios', 'commissioner', 'public', 'safety']",2.25
"['others', 'given', 'copies', 'dr', 'atkins', 'new', 'diet', 'revolution', 'told', 'follow']","['researchers', 'gave', 'copies', 'dr', 'atkins', 'new', 'diet', 'revolution', 'carbcutters']",2.5
"['rappers', 'lawyer', 'mark', 'gann', 'didnt', 'return', 'calls', 'comment']","['numyearold', 'rappers', 'attorney', 'civil', 'matter', 'mark', 'gann', 'return', 'calls', 'comment']",4.5
"['also', 'weighing', 'market', 'news', 'general', 'motors', 'gmn', 'planned', 'issue', 'num', 'billion', 'debt', 'part', 'plug', 'hole', 'pension', 'plan']","['also', 'hurting', 'news', 'general', 'motors', 'gmn', 'issue', 'num', 'billion', 'debt', 'part', 'plug', 'hole', 'pension', 'plan']",4.75
"['russin', 'comment', 'lawyer', 'attend', 'hearing', 'return', 'phone', 'messages']","['lawyer', 'cousin', 'basil', 'russin', 'attend', 'hearing', 'return', 'phone', 'messages']",3.4
"['licensing', 'revenue', 'slid', 'num', 'percent', 'however', 'num', 'million']","['license', 'sales', 'key', 'measure', 'demand', 'fell', 'num', 'percent', 'num', 'million']",4.0
"['hispanics', 'fastest', 'growing', 'ethnic', 'group', 'us', 'overtaken', 'blacks', 'become', 'largest', 'minority', 'us', 'according', 'newly', 'released', 'government', 'figures']","['hispanics', 'officially', 'overtaken', 'african', 'americans', 'largest', 'minority', 'group', 'us', 'according', 'report', 'released', 'us', 'census', 'bureau']",3.5
"['bishop', 'armidale', 'peter', 'brain', 'forthright']","['hasnt', 'got', 'much', 'choice', 'said', 'bishop', 'armidale', 'peter', 'brain']",2.0
"['fully', 'operational', 'facility', 'expected', 'employ', 'num', 'people']","['plant', 'would', 'employ', 'num', 'people', 'fully', 'built', 'company', 'said']",4.0
"['american', 'stock', 'exchange', 'biotech', 'index', 'btk', 'surged', 'num', 'percent']","['philadelphia', 'stock', 'exchanges', 'semiconductor', 'index', 'soxx', 'jumped', 'num', 'percent']",1.4
"['really', 'liked', 'still', 'cohen', 'alon', 'told', 'herald', 'yesterday']","['really', 'liked', 'still']",3.2
"['full', 'nummonth', 'period', 'ending', 'june', 'num', 'num', 'advanced', 'services', 'lines', 'adsl', 'increased', 'num', 'percent', 'cable', 'modem', 'connections', 'increased', 'num', 'percent']","['nummonth', 'period', 'ending', 'june', 'num', 'highspeed', 'lines', 'installed', 'homes', 'businesses', 'increased', 'num', 'percent']",1.8
"['state', 'education', 'commissioner', 'kent', 'king', 'said', 'wednesday', 'scores', 'missouri', 'assessment', 'program', 'tests', 'disappointed']","['missouri', 'education', 'commissioner', 'kent', 'king', 'said', 'disappointed', 'scores']",3.2
"['agents', 'found', 'num', 'credit', 'cards', 'credit', 'card', 'duplicating', 'machines', 'search', 'ragins', 'address']","['ragins', 'address', 'raided', 'authorities', 'found', 'num', 'credit', 'cards', 'duplicating', 'machines']",4.8
"['lowes', 'half', 'many', 'stores', 'reported', 'num', 'percent', 'increase', 'thirdquarter', 'profit', 'behind', 'num', 'percent', 'jump', 'samestore', 'sales']","['home', 'depot', 'reported', 'num', 'percent', 'jump', 'thirdquarter', 'profit', 'behind', 'nearly', 'num', 'percent', 'rise', 'samestore', 'sales']",1.4
"['caldera', 'acquired', 'unix', 'server', 'software', 'original', 'sco', 'changed', 'name', 'sco', 'group']","['sco', 'changed', 'name', 'tarantella', 'caldera', 'later', 'changed', 'name', 'sco', 'group']",2.6
"['officers', 'threw', 'ground', 'handcuffed', 'reyna', 'dropped', 'knee', 'back', 'according', 'testimony']","['thats', 'officers', 'threw', 'ground', 'handcuffed', 'according', 'testimony']",3.25
"['bestperforming', 'stock', 'altria', 'group', 'inc', 'rose', 'num', 'percent', 'close', 'num', 'share']","['altria', 'group', 'inc', 'mon', 'fell', 'num', 'cents', 'num', 'percent', 'num']",1.75
"['officials', 'trying', 'retrieve', 'bodies', 'water', 'police', 'officer', 'jd', 'tambe', 'told', 'reuters', 'adding', 'num', 'dead', 'women']","['officials', 'trying', 'retrieve', 'bodies', 'water', 'police', 'official', 'jd', 'tambe', 'told', 'reuters']",3.0
"['according', 'market', 'research', 'npd', 'group', 'number', 'people', 'downloading', 'music', 'dropped', 'num', 'million', 'april', 'num', 'million', 'june']","['number', 'households', 'acquiring', 'music', 'fell', 'high', 'num', 'million', 'april', 'num', 'million', 'may', 'num', 'million', 'june', 'according', 'npd']",3.5
"['easy', 'case', 'view', 'wholly', 'without', 'merit', 'factually', 'legally']","['case', 'wholly', 'without', 'merit', 'factually', 'legally', 'judge', 'denny', 'chin', 'scoffed']",3.25
"['weather', 'service', 'reported', 'maximum', 'sustained', 'winds', 'nearly', 'num', 'miles', 'hour', 'stronger', 'gusts']","['maximum', 'sustained', 'winds', 'around', 'num', 'mph', 'stronger', 'gusts']",2.25
"['wifi', 'potties', 'unveiled', 'summer', 'music', 'festivals', 'britain']","['worlds', 'first', 'portal', 'potty', 'soon', 'rolled', 'summer', 'festivals', 'great', 'britain']",4.0
"['men', 'drink', 'tea', 'particularly', 'green', 'tea', 'greatly', 'reduce', 'risk', 'prostate', 'cancer', 'landmark', 'wa', 'study', 'found']","['drinking', 'green', 'tea', 'dramatically', 'reduce', 'risk', 'men', 'contracting', 'prostate', 'cancer', 'study', 'australian', 'researchers', 'discovered']",4.25
"['forecasters', 'said', 'warnings', 'might', 'go', 'cuba', 'later', 'thursday']","['watches', 'warnings', 'could', 'issued', 'eastern', 'cuba', 'later', 'thursday']",4.0
"['shiites', 'make', 'num', 'percent', 'countrys', 'population']","['sunnis', 'make', 'num', 'percent', 'pakistans', 'population', 'shiites', 'num', 'percent']",3.0
"['cwa', 'represents', 'num', 'comcast', 'employees', 'called', 'excessive', 'typical', 'union', 'employee', 'makes', 'num', 'year']","['communications', 'workers', 'union', 'represents', 'num', 'comcast', 'employees', 'called', 'executive', 'pay', 'package', 'excessive', 'typical', 'union', 'employee', 'makes', 'num', 'annually']",3.4
"['consumer', 'group', 'generated', 'num', 'billion', 'profit', 'num', 'billion', 'revenue', 'january', 'june', 'num', 'citigroups', 'profit', 'revenue']","['generated', 'num', 'billion', 'profit', 'num', 'billion', 'revenue', 'years', 'first', 'half', 'num', 'percent', 'citigroups', 'totals']",3.8
"['galloway', 'township', 'nj', 'annika', 'sorenstam', 'drew', 'crowds', 'michelle', 'wie', 'got', 'publicity', 'angela', 'stanford', 'took', 'first', 'lpga', 'victory']","['galloway', 'township', 'nj', 'annika', 'sorenstam', 'michelle', 'wie', 'drew', 'crowds', 'angela', 'stanford', 'took', 'first', 'lpga', 'victory']",4.0
"['british', 'airways', 'new', 'yorktolondon', 'runs', 'end', 'october']","['british', 'airways', 'plans', 'retire', 'seven', 'concordes', 'end', 'october']",2.5
"['new', 'policy', 'gives', 'greatest', 'weight', 'grades', 'test', 'scores', 'students', 'high', 'school', 'curriculum']","['academic', 'achievement', 'including', 'grades', 'test', 'scores', 'high', 'school', 'curriculum', 'given', 'highest', 'priority']",4.5
"['new', 'version', 'wnumsobigcmm', 'already', 'reached', 'high', 'level', 'outbreak', 'status', 'monday', 'according', 'security', 'analysts']","['security', 'analysts', 'said', 'new', 'version', 'wnumsobigcmm', 'already', 'reached', 'high', 'level', 'outbreak', 'status', 'midafternoon', 'monday']",4.5
"['person', 'accounted', 'sunday', 'man', 'fort', 'worth', 'texas']","['another', 'person', 'man', 'fort', 'worth', 'texas', 'also', 'missing']",3.6
"['broader', 'standard', 'poors', 'num', 'index', 'spx', 'gave', 'num', 'points', 'num', 'percent', 'num']","['technologylaced', 'nasdaq', 'composite', 'index', 'ixic', 'declined', 'num', 'points', 'num', 'percent', 'num']",0.8
"['aftra', 'members', 'approved', 'merger', 'vote', 'num', 'num']","['aftra', 'hand', 'approved', 'merger', 'whopping', 'num', 'percent']",4.091
"['currency', 'briefly', 'weakened', 'slightly', 'monday', 'trade', 'num', 'far', 'record', 'low', 'num']","['currency', 'briefly', 'weakened', 'monday', 'morning', 'rebounded', 'trade', 'num', 'little', 'changed', 'friday']",2.25
"['parts', 'africa', 'used', 'staging', 'grounds', 'terror', 'group', 'malawi', 'previously', 'major', 'focus', 'investigations', 'alqaida']","['parts', 'africa', 'used', 'al', 'qaeda', 'staging', 'grounds', 'malawi', 'previously', 'major', 'focus', 'investigations', 'group']",5.0
"['sunday', 'us', 'soldier', 'killed', 'another', 'injured', 'southern', 'iraq', 'munitions', 'dump', 'exploded']","['sunday', 'us', 'soldier', 'killed', 'another', 'injured', 'munitions', 'dump', 'guarding', 'exploded', 'southern', 'iraq']",3.75
"['im', 'real', 'excited', 'cleveland', 'cavalier', 'james', 'said']","['im', 'really', 'excited', 'going', 'cleveland', 'james', 'told', 'espncom']",3.667
"['according', 'law', 'enforcement', 'officials', 'person', 'arrested', 'known', 'sophisticated', 'hacker']","['according', 'law', 'enforcement', 'officials', 'individual', 'decrypted', 'passwords', 'server']",2.667
"['excluding', 'litigation', 'charges', 'rims', 'loss', 'narrowed', 'even', 'num', 'cent', 'share']","['excluding', 'patent', 'litigation', 'rims', 'loss', 'quarter', 'num', 'num', 'cent', 'per', 'share']",3.333
"['broad', 'standard', 'poors', 'num', 'index', 'spx', 'gained', 'num', 'points', 'num', 'percent', 'num']","['dow', 'jones', 'industrial', 'average', 'dji', 'jumped', 'num', 'percent', 'standard', 'poors', 'num', 'index', 'spx', 'leapt', 'num', 'percent']",3.0
"['also', 'help', 'reform', 'royal', 'solomon', 'islands', 'police', 'strengthen', 'courts', 'prisons', 'system', 'protect', 'key', 'institutions', 'finance', 'ministry', 'intimidation']","['intervention', 'force', 'confiscate', 'weapons', 'reform', 'police', 'strengthen', 'courts', 'prison', 'system', 'protect', 'key', 'institutions', 'finance', 'ministry']",3.444
"['mr', 'alibek', 'said', 'outcomes', 'encouraging']","['outcomes', 'encouraging', 'george', 'mason', 'researcher', 'ken', 'alibek', 'said']",3.8
"['jury', 'convicted', 'rapper', 'cmurder', 'also', 'known', 'corey', 'miller', 'seconddegree', 'murder', 'tuesday', 'night', 'shooting', 'death', 'numyearold', 'jefferson', 'parish', 'nightclub']","['rapper', 'cmurder', 'convicted', 'seconddegree', 'murder', 'crime', 'carries', 'automatic', 'life', 'sentence', 'shooting', 'death', 'numyearold', 'inside', 'jefferson', 'parish', 'nightclub']",3.6
"['wells', 'series', 'include', 'nbcs', 'er', 'third', 'watch']","['wells', 'series', 'include', 'nbcs', 'er', 'third', 'watch']",5.0
"['thirtythree', 'num', 'men', 'arrested', 'wednesday', 'evening', 'said', 'daniel', 'bogden', 'us', 'attorney', 'nevada']","['thirtyfour', 'men', 'arrested', 'others', 'sought', 'us', 'attorney', 'daniel', 'bogden', 'said', 'yesterday']",3.0
"['fivetime', 'tour', 'de', 'france', 'winner', 'cancer', 'survivor', 'lance', 'armstrong', 'words', 'advice', 'cancer', 'survivors', 'denver', 'friday']","['fivetime', 'tour', 'de', 'france', 'winner', 'lance', 'armstrong', 'denver', 'today', 'meeting', 'surviving', 'cancer']",3.4
"['survives', 'four', 'children', 'sons', 'anthony', 'kelly', 'daughters', 'linda', 'hope', 'nora', 'somers', 'four', 'grandchildren']","['hope', 'survived', 'wife', 'sons', 'anthony', 'kelly', 'daughters', 'linda', 'nora', 'somers', 'four', 'grandchildren']",3.8
"['police', 'using', 'pepper', 'spray', 'arrested', 'num', 'people', 'monday', 'night', 'march', 'rally', 'num', 'activists', 'protesting', 'annual', 'training', 'seminar', 'law', 'enforcement', 'intelligence', 'unit']","['police', 'used', 'pepper', 'spray', 'rubber', 'bullets', 'disperse', 'downtown', 'march', 'rally', 'last', 'night', 'activists', 'protesting', 'annual', 'police', 'intelligencetraining', 'seminar']",3.6
"['department', 'ordered', 'num', 'percent', 'reduction', 'allstate', 'texas', 'lloyds', 'num', 'percent', 'reduction', 'state', 'farm', 'lloyds']","['department', 'ordered', 'num', 'percent', 'reduction', 'state', 'farm', 'lloyds', 'states', 'largest', 'insurer', 'num', 'percent', 'reduction', 'allstate', 'texas', 'lloyds', 'thirdlargest']",3.6
"['colgate', 'shares', 'closed', 'monday', 'num', 'new', 'york', 'stock', 'exchange']","['colgate', 'shares', 'num', 'cents', 'num', 'morning', 'trade', 'new', 'york', 'stock', 'exchange']",2.4
"['several', 'shots', 'rang', 'darkness', 'one', 'gator', 'killed', 'num', 'pm']","['several', 'shots', 'rang', 'wednesday', 'night', 'gators', 'killed']",2.4
"['broader', 'standard', 'poors', 'num', 'index', 'spx', 'num', 'points', 'lower', 'num', 'percent', 'num']","['technologylaced', 'nasdaq', 'composite', 'index', 'ixic', 'num', 'points', 'num', 'percent', 'num']",0.889
"['republicans', 'pledged', 'complete', 'medicare', 'drug', 'package', 'august', 'extended', 'deadline', 'oct', 'num', 'still', 'working']","['republicans', 'pledged', 'complete', 'medicare', 'drug', 'package', 'august', 'extended', 'oct', 'num']",4.75
"['index', 'measures', 'activity', 'service', 'sector', 'climbed', 'num', 'last', 'month', 'num', 'march']","['arizonabased', 'ism', 'reported', 'monday', 'nonmanufacturing', 'index', 'rose', 'num', 'last', 'month', 'num', 'march']",3.5
"['bush', 'plans', 'meet', 'israeli', 'prime', 'minister', 'ariel', 'sharon', 'new', 'palestinian', 'prime', 'minister', 'mahmoud', 'abbas', 'jordanian', 'port', 'aqaba', 'wednesday']","['wednesday', 'next', 'week', 'mr', 'bush', 'meet', 'israeli', 'prime', 'minister', 'ariel', 'sharon', 'new', 'palestinian', 'leader', 'mahmoud', 'abbas', 'aqaba', 'jordan']",5.0
"['unlike', 'many', 'earlystage', 'internet', 'firms', 'google', 'believed', 'profitable']","['privately', 'held', 'google', 'believed', 'profitable']",3.6
"['safe', 'assume', 'senate', 'prepared', 'pass', 'form', 'cap', 'king', 'said']","['safe', 'assume', 'senate', 'prepared', 'pass', 'form', 'capthe', 'level', 'debated']",3.0
"['asked', 'felt', 'regret', 'guilt', 'attack', 'answer', 'adamant']","['asked', 'felt', 'regret', 'theoctober', 'num', 'attack', 'answer', 'adamant']",3.8
"['another', 'big', 'gainer', 'rambus', 'inc', 'nasdaq', 'rmbs', 'news', 'people', 'shot', 'num', 'percent', 'higher']","['rambus', 'inc', 'nasdaq', 'rmbs', 'news', 'people', 'shot', 'num', 'percent', 'making', 'biggest', 'percentage', 'gainer', 'nasdaq']",3.0
"['russ', 'britt', 'los', 'angeles', 'bureau', 'chief', 'cbsmarketwatchcom']","['emily', 'church', 'london', 'bureau', 'chief', 'cbsmarketwatchcom']",1.8
"['pass', 'bill', 'big', 'brother', 'watching', 'said', 'rep', 'john', 'mabry', 'dwaco']","['pass', 'bill', 'rep', 'john', 'mabry', 'jr', 'dwaco', 'told', 'colleagues', 'big', 'brother', 'watching']",4.8
"['douglas', 'robinson', 'senior', 'vice', 'president', 'finance', 'take', 'chief', 'financial', 'officer', 'interim', 'basis']","['douglas', 'robinson', 'ca', 'senior', 'vice', 'president', 'finance', 'fill', 'position', 'interim']",3.8
"['several', 'states', 'federal', 'government', 'later', 'passed', 'similar', 'strict', 'bans']","['following', 'californias', 'lead', 'several', 'states', 'federal', 'government', 'passed', 'similar', 'tougher', 'bans']",4.0
"['still', 'noted', 'miami', 'must', 'decide', 'whether', 'seek', 'acc', 'membership', 'next', 'school', 'year', 'june', 'num', 'adhere', 'big', 'east', 'guidelines']","['still', 'noted', 'miami', 'must', 'decide', 'whether', 'seek', 'acc', 'membership', 'june', 'num', 'adhere', 'big', 'east', 'guidelines']",4.6
"['revenues', 'hulk', 'came', 'well', 'last', 'months', 'marvel', 'comics', 'adaptation', 'xnum', 'xmen', 'united', 'grossed', 'num', 'million', 'opening', 'weekend']","['hulk', 'trailed', 'last', 'months', 'marvel', 'comics', 'adaptation', 'xnum', 'xmen', 'united', 'grossed', 'nummillion', 'opening', 'weekend']",4.8
"['shares', 'littleton', 'coloradobased', 'echostar', 'rose', 'num', 'num', 'percent', 'num', 'num']","['monday', 'echostar', 'dish', 'news', 'chart', 'profile', 'shares', 'shrank', 'num', 'num', 'percent', 'num']",2.0
"['valid', 'signatures', 'num', 'registered', 'california', 'voters', 'must', 'collected', 'turned', 'county', 'election', 'officials', 'sept', 'num']","['force', 'recall', 'election', 'davis', 'valid', 'signatures', 'num', 'registered', 'california', 'voters', 'must', 'turned', 'election', 'officials']",3.2
"['benchmark', 'numyear', 'note', 'usnumytrr', 'lost', 'num', 'price', 'taking', 'yield', 'num', 'percent', 'num', 'percent', 'late', 'monday']","['curve', 'benchmark', 'numyear', 'note', 'usnumytrr', 'shed', 'num', 'price', 'taking', 'yield', 'num', 'percent', 'num', 'percent']",2.2
"['mdc', 'called', 'strike', 'force', 'mr', 'mugabe', 'either', 'resign', 'negotiate', 'settlement', 'zimbabwe', 'crisis']","['mdc', 'called', 'weeklong', 'protest', 'urge', 'mugabe', 'either', 'resign', 'negotiate', 'settlement', 'crisis', 'gripping', 'country']",4.0
"['revenue', 'rose', 'num', 'percent', 'num', 'billion', 'num', 'billion']","['mclean', 'virginiabased', 'company', 'said', 'newspaper', 'revenue', 'increased', 'num', 'percent', 'num', 'billion']",1.2
"['january', 'num', 'notebooks', 'represented', 'less', 'num', 'percent', 'sales', 'volume']","['compares', 'january', 'num', 'laptops', 'represented', 'less', 'num', 'percent', 'sales', 'volume', 'npd', 'said']",4.0
"['argentine', 'guillermo', 'coria', 'netherlander', 'martin', 'verkerk', 'half']","['semifinal', 'guillermo', 'coria', 'argentina', 'martin', 'verkerk', 'netherlands', 'also', 'compelling']",3.0
"['say', 'told', 'crowd', 'cemetery', 'thousand', 'headstones', 'many', 'marking', 'graves', 'entire', 'families']","['mr', 'powell', 'told', 'crowd', 'cemetery', 'thousand', 'headstones', 'many', 'marking', 'graves', 'entire', 'families']",2.8
"['single', 'condition', 'book', 'published', 'death']","['insisted', 'though', 'published', 'death']",4.4
"['findings', 'published', 'november', 'num', 'edition', 'journal', 'nature']","['studies', 'published', 'thursday', 'nature', 'british', 'weekly', 'science', 'journal']",2.6
"['median', 'household', 'income', 'declined', 'num', 'percent', 'num', 'num', 'num', 'accounting', 'inflation']","['survey', 'found', 'median', 'household', 'income', 'rose', 'num', 'accounting', 'inflation', 'num']",1.4
"['us', 'european', 'leaders', 'pledged', 'wednesday', 'work', 'together', 'keep', 'iran', 'developing', 'nuclear', 'weapons', 'presenting', 'united', 'front', 'months', 'bitter', 'acrimony', 'iraq']","['bush', 'said', 'us', 'european', 'union', 'leaders', 'annual', 'washington', 'summit', 'agreed', 'need', 'keep', 'iran', 'developing', 'nuclear', 'weapons']",3.2
"['left', 'army', 'syria', 'received', 'religious', 'training']","['moved', 'syria', 'underwent', 'religious', 'training', 'traditional', 'islamic', 'beliefs']",3.0
"['meeting', 'scheduled', 'end', 'wednesday', 'night', 'attendees', 'approving', 'resolutions', 'express', 'denominations', 'view', 'issues', 'binding', 'churches']","['wednesday', 'attendees', 'vote', 'resolutions', 'express', 'southern', 'baptist', 'view', 'issues', 'binding', 'individual', 'churches']",3.273
"['inadequate', 'performance', 'students', 'various', 'subgroups', 'tagged', 'state', 'deficient', 'federal', 'child', 'left', 'behind', 'act']","['inadequate', 'performance', 'students', 'various', 'subgroups', 'race', 'pushed', 'state', 'onto', 'needsimprovement', 'list', 'federal', 'child', 'left', 'behind', 'act']",4.0
"['led', 'recovery', 'numkilogram', 'cancuen', 'altar', 'announced', 'wednesday', 'vanderbilt', 'university', 'nashville', 'national', 'geographic', 'society']","['led', 'last', 'month', 'recovery', 'numpound', 'cancun', 'altar', 'vanderbilt', 'university', 'nashville', 'national', 'geographic', 'society', 'announced', 'wednesday']",3.25
"['nottoosubtle', 'swipe', 'dean', 'predicted', 'americans', 'would', 'elect', 'democrat', 'sounds', 'uncertain', 'trumpet', 'dangerous', 'times']","['elect', 'president', 'democrat', 'sounds', 'uncertain', 'trumpet', 'dangerous', 'times']",3.5
"['report', 'forecasts', 'num', 'hot', 'spots', 'worldwide', 'year', 'num', 'num', 'num', 'num']","['report', 'also', 'claims', 'num', 'million', 'visitors', 'hot', 'spots', 'year', 'meagre', 'num', 'million', 'num']",1.75
"['new', 'study', 'conducted', 'europe', 'found', 'medicine', 'worked', 'well', 'earlier', 'disputed', 'study', 'sponsored', 'imclone', 'systems', 'said']","['doctors', 'concluded', 'erbitux', 'cancer', 'drug', 'enmeshed', 'imclone', 'systems', 'insider', 'trading', 'scandal', 'worked', 'well', 'earlier', 'companysponsored', 'study', 'said']",2.7
"['lawyer', 'donald', 'levine', 'told', 'telegraph', 'offered', 'usnum', 'tell', 'story', 'exclusively', 'australian', 'tv']","['mr', 'levine', 'said', 'offered', 'num', 'tell', 'story', 'australian', 'tv', 'network']",3.75
"['perry', 'called', 'lawmakers', 'two', 'special', 'sessions', 'address', 'congressional', 'redistricting']","['perry', 'since', 'called', 'two', 'special', 'legislative', 'sessions', 'try', 'force', 'redistricting', 'plan']",3.75
"['airtran', 'officials', 'boeing', 'official', 'declined', 'comment', 'yesterday']","['trish', 'york', 'spokeswoman', 'boeing', 'declined', 'comment', 'deal']",4.0
"['lawsuit', 'names', 'shelley', 'democrat', 'registrars', 'los', 'angeles', 'orange', 'san', 'diego', 'counties']","['lawsuit', 'named', 'secretary', 'state', 'kevin', 'shelley', 'democrat', 'registrars', 'voters', 'los', 'angeles', 'orange', 'san', 'diego', 'counties']",4.2
"['negotiators', 'said', 'friday', 'made', 'good', 'progress', 'latest', 'round', 'talks', 'creating', 'central', 'american', 'free', 'trade', 'agreement']","['negotiators', 'said', 'friday', 'made', 'progress', 'latest', 'round', 'freetrade', 'negotiations', 'united', 'states', 'five', 'central', 'american', 'countries', 'week', 'houston']",3.75
"['difficult', 'large', 'syndicated', 'loans', 'japan', 'lack', 'expertise', 'says', 'one', 'banker']","['difficult', 'large', 'syndicated', 'loans', 'japan', 'says', 'one', 'banker']",3.8
"['case', 'comes', 'illinois', 'involves', 'forprofit', 'company', 'called', 'telemarketing', 'associates', 'inc']","['case', 'decided', 'monday', 'centered', 'around', 'illinois', 'fundraiser', 'telemarketing', 'associates']",4.4
"['urged', 'congress', 'send', 'final', 'bill', 'soon', 'possible', 'sign', 'law']","['urge', 'congress', 'quickly', 'resolve', 'differences', 'send', 'final', 'bill', 'soon', 'possible', 'sign', 'law', 'said']",4.6
"['mr', 'pingeon', 'director', 'litigation', 'massachusetts', 'correctional', 'legal', 'services', 'prisoners', 'rights', 'group']","['pingeon', 'said', 'attorney', 'organization', 'massachusetts', 'correctional', 'legal', 'services', 'interviewed', 'assan', 'tuesday']",1.667
"['yee', 'num', 'graduate', 'us', 'military', 'academy', 'west', 'point', 'new', 'york']","['yee', 'grew', 'united', 'states', 'graduated', 'us', 'military', 'academy', 'west', 'point']",4.0
"['pnc', 'regrets', 'involvement', 'deals', 'chairman', 'chief', 'executive', 'officer', 'james', 'rohr', 'said', 'statement']","['james', 'rohr', 'chairman', 'chief', 'executive', 'officer', 'said', 'pnc', 'regretted', 'incident']",4.333
"['ccag', 'supported', 'bill', 'curry', 'rowlands', 'opponent', 'num', 'gubernatorial', 'election']","['mr', 'swans', 'group', 'supported', 'governors', 'democratic', 'opponent', 'bill', 'curry', 'num', 'election']",3.0
"['later', 'fell', 'backed', 'series', 'rival', 'congolese', 'militias', 'recent', 'years']","['two', 'invading', 'countries', 'later', 'fell', 'since', 'backed', 'rival', 'factions']",3.5
"['another', 'said', 'members', 'would', 'continue', 'call', 'num', 'million', 'phone', 'numbers', 'federal', 'trade', 'commissions', 'list']","['meantime', 'direct', 'marketing', 'association', 'said', 'members', 'call', 'nearly', 'num', 'million', 'numbers', 'list']",2.0
"['veteran', 'entertainer', 'bob', 'hope', 'celebrates', 'numth', 'birthday', 'many', 'years', 'showbusiness', 'thursday']","['hollywood', 'world', 'gearing', 'celebrate', 'legendary', 'entertainer', 'bob', 'hopes', 'numth', 'birthday', 'thursday']",3.75
"['declining', 'issues', 'outnumbered', 'advancers', 'nearly', 'num', 'num', 'new', 'york', 'stock', 'exchange']","['advancers', 'outnumbered', 'decliners', 'nearly', 'num', 'num', 'nyse', 'num', 'num', 'nasdaq']",1.8
"['floating', 'airfield', 'flight', 'deck', 'covering', 'num', 'acres', 'ship', 'took', 'five', 'years', 'build']","['reagan', 'floating', 'airfield', 'flight', 'deck', 'covering', 'num', 'acres', 'ninth', 'nimitzclass', 'carrier', 'built', 'newport', 'news', 'shipyard']",2.667
"['im', 'proud', 'citizens', 'state', 'said', 'gov', 'john', 'baldacci', 'casino', 'foe']","['im', 'proud', 'citizens', 'state', 'gov', 'john', 'baldacci', 'said', 'votes', 'tuesdays', 'referendum', 'counted']",3.8
"['injured', 'woman', 'coworker', 'also', 'hospitalized', 'listed', 'good', 'condition']","['woman', 'listed', 'good', 'condition', 'memorials', 'healthpark', 'campus', 'said']",2.2
"['shooting', 'victim', 'taken', 'kings', 'county', 'hospital', 'center', 'later', 'died', 'police', 'said']","['victim', 'identified', 'taken', 'kings', 'county', 'hospital', 'pronounced', 'dead']",4.333
"['reported', 'symptoms', 'fever', 'headache', 'rash', 'muscle', 'aches']","['symptoms', 'include', 'stiff', 'neck', 'fever', 'headache', 'sensitivity', 'light']",2.333
"['weve', 'become', 'like', 'total', 'strangers', 'klein', 'quotes', 'saying']","['weve', 'become', 'like', 'total', 'strangers', 'john', 'told', 'pal', 'two', 'days', 'death']",3.25
"['davey', 'graduated', 'saturday', 'northwest', 'college', 'affiliated', 'assemblies', 'god', 'bachelor', 'arts', 'degree', 'religion', 'philosophy']","['davey', 'started', 'attending', 'northwest', 'college', 'affiliated', 'assemblies', 'god', 'num', 'plans', 'become', 'minister']",2.25
"['technologylaced', 'nasdaq', 'composite', 'index', 'ixic', 'fell', 'num', 'points', 'num', 'percent', 'num']","['broader', 'standard', 'poors', 'num', 'index', 'spx', 'gave', 'num', 'points', 'num', 'percent', 'num']",0.75
"['final', 'test', 'delivering', 'missile', 'armed', 'forces']","['state', 'radio', 'said', 'last', 'test', 'missile', 'delivered', 'armed', 'forces']",4.0
"['withdrawal', 'country', 'inevitable', 'whether', 'happens', 'today', 'tomorrow', 'tomorrow', 'come', 'soon']","['withdrawal', 'country', 'inevitable', 'whether', 'happens', 'today', 'tomorrow', 'added', 'voice', 'signed', 'giving', 'date', 'midseptember']",3.5
"['according', 'news', 'release', 'sent', 'terry', 'schindlerschiavo', 'foundation', 'florida', 'speaker', 'johnnie', 'byrd', 'introduce', 'terris', 'bill', 'special', 'session', 'monday']","['floridas', 'speaker', 'house', 'johnnie', 'byrd', 'expected', 'introduce', 'terris', 'bill', 'oneday', 'special', 'session', 'state', 'legislature', 'held', 'today', 'tallahassee']",3.75
"['also', 'businesses', 'throughout', 'utah', 'volunteering', 'display', 'amber', 'alerts', 'signs']","['businesses', 'volunteering', 'put', 'alerts', 'electronic', 'signs', 'billboards']",3.75
"['thanks', 'euros', 'rise', 'japanese', 'currency', 'dollar', 'num', 'yen', 'well', 'overnight', 'nummonth', 'low', 'num', 'yen']","['euros', 'rise', 'yen', 'speculation', 'japanese', 'intervention', 'helped', 'dollar', 'firm', 'num', 'yen', 'well', 'nummonth', 'low', 'num', 'yen', 'hit', 'thursday']",4.25
"['russian', 'stocks', 'fell', 'arrest', 'last', 'saturday', 'mikhail', 'khodorkovsky', 'chief', 'executive', 'yukos', 'oil', 'charges', 'fraud', 'tax', 'evasion']","['weekend', 'arrest', 'russias', 'richest', 'man', 'mikhail', 'khodorkovsky', 'chief', 'executive', 'oil', 'major', 'yukos', 'charges', 'fraud', 'tax', 'evasion', 'unnerved', 'financial', 'markets']",4.0
"['year', 'expects', 'sales', 'num', 'million', 'profit', 'num', 'cents', 'share', 'continuing', 'operations']","['increase', 'num', 'million', 'num', 'cents', 'share', 'previously', 'forecast']",0.75
"['hughes', 'refused', 'rehire', 'hernandez', 'complained', 'equal', 'employment', 'opportunity', 'commission']","['hernandez', 'filed', 'equal', 'employment', 'opportunity', 'commission', 'complaint', 'sued']",3.4
"['dewhursts', 'proposal', 'calls', 'abrupt', 'end', 'controversial', 'robin', 'hood', 'plan', 'school', 'finance']","['committee', 'would', 'propose', 'replacement', 'robin', 'hood', 'school', 'finance', 'system']",2.6
"['countries', 'private', 'creditors', 'owed', 'least', 'num', 'billion', 'addition']","['countries', 'owed', 'least', 'usnum', 'billion', 'num', 'billion']",3.4
"['telemarketers', 'call', 'numbers', 'list', 'oct', 'num', 'could', 'face', 'fines', 'num', 'per', 'call']","['law', 'telemarketers', 'call', 'numbers', 'list', 'fined', 'num', 'violation']",3.6
"['explained', 'found', 'antetonitrus', 'came', 'wits', 'num', 'postdoctoral', 'research', 'assistant', 'englands', 'university', 'bristol']","['explained', 'found', 'antetonitrus', 'came', 'wits', 'num', 'postdoctoral', 'research', 'assistant', 'bristol', 'university', 'britain']",5.0
"['air', 'canada', 'largest', 'airline', 'canada', 'num', 'world', 'court', 'protection', 'creditors', 'since', 'april', 'num']","['num', 'airline', 'world', 'air', 'canada', 'court', 'protection', 'creditors', 'since', 'april', 'num']",4.25
"['jury', 'also', 'found', 'gonzales', 'guilty', 'using', 'excessive', 'force', 'dousing', 'olveracarrera', 'pepper', 'spray']","['gonzales', 'found', 'guilty', 'using', 'excessive', 'force', 'spraying', 'olvera', 'pepper', 'spray']",4.25
"['bodies', 'dead', 'pulled', 'train', 'laid', 'beside', 'tracks', 'emergency', 'services', 'brought', 'wooden', 'coffins']","['bodies', 'many', 'dead', 'pulled', 'partially', 'derailed', 'train', 'laid', 'tracks', 'awaiting', 'identification']",3.25
"['garner', 'said', 'selfproclaimed', 'mayor', 'baghdad', 'mohammed', 'mohsen', 'alzubaidi', 'released', 'two', 'days', 'coalition', 'custody']","['garner', 'said', 'selfproclaimed', 'baghdad', 'mayor', 'mohammed', 'mohsen', 'zubaidi', 'released', 'num', 'hours', 'detention', 'late', 'april']",4.25
"['enron', 'company', 'executives', 'engaged', 'widespread', 'pervasive', 'fraud', 'prosecutor', 'samuel', 'buell', 'told', 'associated', 'press']","['enron', 'company', 'executives', 'engaged', 'widespread', 'pervasive', 'fraud', 'manipulate', 'companys', 'earnings', 'results', 'buell', 'said']",3.75
"['customers', 'pay', 'num', 'entrance', 'fee', 'get', 'sms', 'num', 'num', 'device', 'client', 'access', 'licenses']","['retail', 'pricing', 'sms', 'num', 'num', 'device', 'client', 'access', 'licenses', 'num']",4.333
"['results', 'num', 'aboriginal', 'peoples', 'survey', 'released', 'yesterday', 'statistics', 'canada', 'suggest', 'living', 'standards', 'improved', 'still', 'lag', 'reserves']","['num', 'aboriginal', 'peoples', 'survey', 'released', 'wednesday', 'statistics', 'canada', 'says', 'living', 'standards', 'improved', 'still', 'lag', 'inuit', 'leave', 'often', 'impoverished', 'reserves']",3.909
"['recent', 'turnaround', 'stock', 'market', 'easing', 'unemployment', 'claims', 'keep', 'consumer', 'expectations', 'current', 'levels', 'may', 'signal', 'favorable', 'economic', 'times', 'ahead']","['recent', 'turnaround', 'stock', 'market', 'easing', 'unemployment', 'claims', 'may', 'signal', 'favorable', 'economic', 'times', 'ahead', 'said']",3.933
"['days', 'trading', 'lackluster', 'standard', 'poors', 'num', 'index', 'preparing', 'close', 'best', 'threemonth', 'period', 'since', 'fourth', 'quarter', 'num']","['standard', 'poors', 'num', 'stock', 'index', 'ended', 'quarter', 'num', 'points', 'gain', 'num', 'percent', 'best', 'performance', 'broad', 'market', 'benchmark', 'since', 'num']",3.75
"['ona', 'explicitly', 'stated', 'receive', 'intelligence', 'material', 'indicating', 'jemaah', 'islamiyah', 'terrorist', 'network', 'planning', 'mount', 'operation', 'bali']","['stage', 'ona', 'receive', 'intelligence', 'material', 'indicating', 'jemaah', 'islamiyah', 'planning', 'mount', 'operation', 'bali']",4.25
"['reports', 'denied', 'interior', 'minister', 'prince', 'nayef']","['however', 'saudi', 'interior', 'minister', 'prince', 'nayef', 'denied', 'reports']",4.25
"['bryant', 'previously', 'said', 'hike', 'greater', 'impact', 'demand', 'officials', 'expected']","['chief', 'financial', 'officer', 'andy', 'bryant', 'said', 'hike', 'greater', 'affect', 'volume', 'officials', 'expected']",3.5
"['judge', 'leroy', 'millette', 'jr', 'reduce', 'punishment', 'life', 'prison', 'without', 'parole', 'muhammad', 'formally', 'sentenced', 'feb', 'num', 'virginia', 'judges', 'rarely', 'take', 'action']","['though', 'judge', 'reduce', 'punishment', 'life', 'prison', 'without', 'parole', 'experts', 'say', 'virginia', 'judges', 'rarely', 'take', 'opportunity']",3.25
"['spokeswoman', 'strong', 'memorial', 'hospital', 'said', 'doud', 'satisfactory', 'condition', 'tuesday', 'night']","['spokesman', 'strong', 'memorial', 'hospital', 'said', 'doud', 'evaluation', 'tuesday', 'evening', 'emergency', 'room']",3.0
"['ray', 'brent', 'marsh', 'num', 'faces', 'multiple', 'counts', 'burial', 'service', 'fraud', 'making', 'false', 'statements', 'abuse', 'dead', 'body', 'theft']","['ray', 'brent', 'marsh', 'num', 'also', 'faces', 'charges', 'abuse', 'body', 'theft']",3.8
"['college', 'president', 'paul', 'pribbenow', 'told', 'wrap', 'speech']","['hedges', 'microphone', 'unplugged', 'second', 'time', 'pribbenow', 'told', 'wrap', 'speech']",3.4
"['nummonth', 'period', 'ending', 'june', 'num', 'highspeed', 'lines', 'installed', 'homes', 'businesses', 'increased', 'num', 'percent']","['full', 'year', 'period', 'ending', 'june', 'num', 'num', 'highspeed', 'lines', 'increased', 'num', 'percent']",3.857
"['ricky', 'clemons', 'brief', 'troubled', 'missouri', 'basketball', 'career']","['missouri', 'kicked', 'ricky', 'clemons', 'team', 'ending', 'troubled', 'career']",4.0
"['us', 'military', 'officials', 'say', 'rotor', 'wash', 'helicopter', 'might', 'blown', 'banner']","['us', 'officials', 'said', 'downward', 'rotor', 'wash', 'generated', 'hovering', 'helicopter', 'stripped', 'flag', 'tower']",3.4
"['settlement', 'taking', 'effect', 'week', 'reached', 'less', 'two', 'months', 'omalley', 'took', 'helm', 'nations', 'fourthlargest', 'archdiocese']","['num', 'million', 'agreement', 'reached', 'september', 'less', 'two', 'months', 'archbishop', 'sean', 'omalley', 'took', 'leader', 'nations', 'fourthlargest', 'diocese']",3.0
"['us', 'capitol', 'evacuated', 'yesterday', 'authorities', 'detected', 'possibly', 'hazardous', 'material', 'basement', 'senate', 'wing', 'capitol', 'police', 'said']","['us', 'capitol', 'police', 'evacuated', 'capitol', 'yesterday', 'sensor', 'detected', 'possible', 'biohazard', 'senate', 'wing', 'authorities', 'later', 'said', 'false', 'alarm']",3.2
"['former', 'president', 'also', 'gave', 'numerous', 'speeches', 'num', 'without', 'compensation', 'said', 'spokesman', 'jim', 'kennedy']","['spokesman', 'jim', 'kennedy', 'said', 'former', 'president', 'also', 'gave', 'num', 'speeches', 'num', 'without', 'compensation']",3.6
"['broader', 'standard', 'poors', 'num', 'index', 'spx', 'num', 'points', 'num', 'percent', 'num']","['standard', 'poors', 'num', 'stock', 'index', 'futures', 'june', 'num', 'points', 'num', 'nasdaq', 'futures', 'num', 'points', 'num']",1.6
"['dubbed', 'project', 'mad', 'hatter', 'linuxbased', 'desktop', 'promoted', 'sun', 'secure', 'less', 'expensive', 'alternative', 'windows']","['designed', 'compete', 'microsoft', 'corp', 'project', 'mad', 'hatter', 'positioned', 'sun', 'cheaper', 'secure', 'alternative', 'desktop', 'operating', 'system', 'microsofts', 'various', 'desktop', 'offerings']",3.8
"['key', 'figure', 'former', 'state', 'treasurer', 'paul', 'silvesters', 'bribery', 'scheme', 'accused', 'wednesday', 'changing', 'story', 'silvesters', 'alleged', 'corrupt', 'dealings', 'boston', 'investment', 'firm']","['key', 'player', 'former', 'state', 'treasurer', 'paul', 'silvesters', 'corruption', 'scheme', 'testified', 'tuesday', 'kickbacks', 'bribes', 'silvester', 'traded', 'state', 'business']",2.0
"['mission', 'capps', 'ii', 'system', 'always', 'aviation', 'security', 'said', 'administration', 'part', 'homeland', 'security', 'department']","['mission', 'capps', 'ii', 'system', 'always', 'aviation', 'security', 'said']",3.6
"['hovan', 'speak', 'lawyer', 'john', 'speranza', 'said', 'client', 'wake', 'day', 'intending', 'hurt', 'anyone']","['hovan', 'wake', 'day', 'intending', 'hurt', 'anyone', 'defense', 'attorney', 'john', 'speranza', 'said']",4.5
"['believe', 'necessary', 'divisive', 'confirmation', 'fight', 'supreme', 'court', 'appointment', 'daschle', 'wrote']","['believe', 'necessary', 'divisive', 'confirmation', 'fight', 'daschle', 'south', 'dakota', 'wrote', 'republican', 'president']",4.0
"['yahoo', 'accounts', 'num', 'bsd', 'sites', 'num', 'nttverio', 'num', 'infospace', 'survey', 'found']","['another', 'num', 'ip', 'services', 'company', 'nttverio', 'num', 'infospace', 'survey', 'found']",3.0
"['latest', 'toplevel', 'shuffle', 'cnn', 'teya', 'ryan', 'leaving', 'post', 'general', 'manager', 'us', 'programming', 'network', 'announced']","['cnns', 'latest', 'move', 'rejuvenate', 'ratings', 'network', 'ousted', 'teya', 'ryan', 'general', 'manager', 'us', 'programming']",3.769
"['suspected', 'key', 'figure', 'jemaah', 'islamiyah', 'alqaedalinked', 'terror', 'group', 'blamed', 'bombings']","['samudra', 'num', 'suspected', 'key', 'figure', 'alqaidalinked', 'terror', 'group', 'jemaah', 'islamiyah', 'blamed', 'carrying', 'bombings']",3.4
"['num', 'firefighters', 'bosque', 'today', 'albuquerque', 'fire', 'chief', 'robert', 'ortega', 'said']","['seconds', 'away', 'happen', 'albuquerque', 'fire', 'chief', 'robert', 'ortega', 'said']",1.8
"['issue', 'resolved', 'marlins', 'president', 'david', 'samson', 'said', 'club', 'spokesman']","['marlins', 'said', 'issue', 'resolved']",3.0
"['chinas', 'health', 'ministry', 'said', 'five', 'people', 'died', 'sars', 'num', 'infected']","['monday', 'china', 'said', 'nine', 'people', 'died', 'sars', 'num', 'infected', 'virus']",3.0
"['shares', 'mcdonalds', 'rose', 'num', 'num', 'percent', 'close', 'days', 'high', 'num']","['mcdonalds', 'shares', 'rose', 'num', 'close', 'friday', 'num', 'new', 'york', 'stock', 'exchange']",4.25
"['said', 'fda', 'hoping', 'congress', 'courts', 'would', 'bring', 'clarity', 'situation', 'financial', 'relief', 'consumers']","['said', 'fda', 'hopes', 'congress', 'courts', 'bring', 'clarity', 'situation', 'financial', 'relief', 'consumers', 'perhaps', 'num', 'elections']",4.0
"['ernst', 'young', 'admitted', 'wrongdoing', 'settlement']","['ernst', 'young', 'spokesman', 'kenneth', 'kerrigan', 'said', 'firm', 'admits', 'wrongdoing']",4.0
"['witness', 'numyearold', 'kosovan', 'parking', 'attendant', 'criminal', 'convictions', 'dishonesty', 'paid', 'num', 'news', 'world']","['witness', 'numyearold', 'kosovan', 'parking', 'attendant', 'paid', 'news', 'world', 'court', 'heard']",3.625
"['differences', 'grassley', 'thomas', 'energy', 'medicare', 'become', 'pointed', 'members', 'say', 'angry', 'personal', 'relationship', 'embarrassing', 'party']","['differences', 'energy', 'medicare', 'become', 'pointed', 'members', 'say', 'embarrassing', 'party']",3.5
"['wounded', 'security', 'guard', 'fled', 'stabbing', 'two', 'passersby', 'ran', 'along', 'promenade']","['stabbed', 'two', 'passersby', 'fled', 'along', 'promenade', 'mediterranean', 'sea']",3.2
"['colleagues', 'attributed', 'communication', 'gap', 'doctors', 'feeling', 'pressed', 'time']","['attributed', 'communication', 'gap', 'doctors', 'feeling', 'pressed', 'time', 'patients', 'cited', 'discomfort', 'discussing', 'financial', 'issues']",3.4
"['state', 'police', 'said', 'many', 'num', 'workers', 'trapped', 'immediately', 'garage', 'collapsed']","['many', 'num', 'people', 'believed', 'trapped', 'inside', 'initially', 'state', 'police', 'said']",4.0
"['os', 'angeles', 'hulk', 'monster', 'box', 'office', 'debut', 'weekend', 'taking', 'june', 'opening', 'record', 'num', 'million']","['hulk', 'took', 'num', 'million', 'box', 'office', 'monster', 'opening', 'new', 'june', 'record']",4.8
"['congratulations', 'named', 'time', 'magazines', 'person', 'year']","['time', 'magazine', 'named', 'american', 'soldier', 'person', 'year', 'num']",2.4
"['indictment', 'said', 'attended', 'important', 'meetings', 'plan', 'attacks', 'recruited', 'fellow', 'bombers', 'coordinated', 'operation']","['samudra', 'present', 'bangkok', 'indictment', 'said', 'attended', 'series', 'meetings', 'attacks', 'recruiting', 'fellow', 'bombers', 'coordinating', 'operation']",3.2
"['also', 'give', 'microsoft', 'opportunity', 'comment', 'remedies', 'proposed', 'commission']","['among', 'things', 'microsoft', 'comment', 'proposed', 'remedies', 'response']",4.2
"['texans', 'saddled', 'skyrocketing', 'homeowners', 'premiums', 'might', 'finally', 'getting', 'relief']","['relief', 'sight', 'texans', 'saddled', 'skyrocketing', 'homeowners', 'insurance', 'premiums']",5.0
"['six', 'democrats', 'vying', 'succeed', 'jacques', 'qualified', 'feb', 'num', 'primary', 'ballot']","['six', 'democrats', 'two', 'republicans', 'running', 'seat', 'qualified', 'feb', 'num', 'primary', 'ballot']",3.4
"['halliburton', 'tuesday', 'reiterated', 'contention', 'kbr', 'delivered', 'fuel', 'iraq', 'best', 'value', 'best', 'price', 'best', 'terms']","['believe', 'kbr', 'delivered', 'fuel', 'iraq', 'best', 'value', 'best', 'price', 'best', 'terms', 'halliburton', 'spokeswoman', 'wendy', 'hall', 'said']",4.0
"['elecia', 'battle', 'cleveland', 'told', 'police', 'dropped', 'purse', 'left', 'quick', 'shop', 'food', 'mart', 'last', 'week', 'buying', 'ticket']","['elecia', 'battle', 'dropped', 'purse', 'buying', 'mega', 'millions', 'lottery', 'ticket', 'last', 'week', 'believes', 'ticket', 'blew', 'away']",3.333
"['customers', 'include', 'mitsubishi', 'siemens', 'dbtel', 'dell', 'hp', 'palm', 'philips', 'sharp', 'sony']","['mediaqs', 'customers', 'include', 'major', 'handheld', 'makers', 'mitsubishi', 'siemens', 'palm', 'sharp', 'philips', 'dell', 'sony']",3.2
"['cleveland', 'cavaliers', 'right', 'draft', 'james', 'winning', 'nbas', 'annual', 'lottery', 'thursday', 'night']","['case', 'thursday', 'night', 'cleveland', 'cavaliers', 'lebron', 'james', 'lottery', 'otherwise', 'known', 'nba', 'draft', 'lottery']",4.0
"['among', 'workers', 'researchers', 'found', 'short', 'workers', 'worse', 'hearing', 'expected', 'age']","['short', 'workers', 'worse', 'hearing', 'expected', 'age', 'three', 'times', 'often', 'taller', 'workers', 'writes', 'barrenas']",3.8
"['mr', 'colpin', 'specify', 'whether', 'system', 'centre', 'investigation']","['neither', 'olaf', 'belgian', 'prosecutors', 'specified', 'system', 'centre', 'investigation']",2.2
"['sales', 'entertainmentoriented', 'pcs', 'limited', 'united', 'states', 'canada', 'korea']","['computers', 'currently', 'sold', 'canada', 'united', 'states', 'korea']",3.75
"['ballmer', 'vocal', 'past', 'warning', 'linux', 'threat', 'microsoft']","['memo', 'ballmer', 'reiterated', 'opensource', 'threat', 'microsoft']",3.0
"['broad', 'standard', 'poors', 'numstock', 'index', 'num', 'points', 'num', 'per', 'cent', 'num']","['standard', 'poors', 'num', 'stock', 'index', 'futures', 'declined', 'num', 'points', 'num', 'nasdaq', 'futures', 'fell', 'num', 'points', 'num']",1.25
"['talabani', 'told', 'governing', 'council', 'would', 'need', 'un', 'assistance', 'advice', 'implementing', 'new', 'decisions', 'taken']","['talabani', 'told', 'iraqi', 'leaders', 'would', 'need', 'un', 'assistance', 'advice', 'implementing', 'new', 'decisions', 'taken', 'organising', 'interim', 'iraqi', 'government', 'june']",3.25
"['stanford', 'num', 'plays', 'south', 'carolina', 'num', 'today', 'firstround', 'game', 'rosenblatt', 'stadium', 'omaha', 'neb']","['stanford', 'num', 'plays', 'south', 'carolina', 'num', 'friday', 'opening', 'game', 'doubleelimination', 'tournament']",3.333
"['survey', 'month', 'ago', 'street', 'leading', 'katz', 'num', 'percent', 'num', 'percent', 'num', 'percent', 'undecided']","['one', 'month', 'ago', 'poll', 'katz', 'leading', 'num', 'num', 'percent']",2.0
"['broad', 'standard', 'poors', 'num', 'index', 'spx', 'advanced', 'num', 'points', 'num', 'percent', 'num']","['standard', 'poors', 'num', 'index', 'gained', 'num', 'num', 'percent', 'num', 'num', 'pm', 'new', 'york']",3.0
"['dont', 'realize', 'late', 'course', 'theyre', 'potential', 'victims', 'horror', 'movie']","['dont', 'realize', 'late', 'course', 'theyre', 'potential', 'victims']",3.667
"['arthur', 'benson', 'attorney', 'cases', 'plaintiff', 'schoolchildren', 'said', 'appeal']","['attorney', 'plaintiff', 'schoolchildren', 'said', 'plans', 'appeal']",3.667
"['euro', 'slipped', 'nearly', 'four', 'percent', 'since', 'matching', 'record', 'peak', 'around', 'num', 'last', 'week', 'hitting', 'alltime', 'high', 'num', 'yen', 'late', 'may']","['euro', 'slipped', 'much', 'four', 'cents', 'since', 'matching', 'record', 'peak', 'near', 'num', 'last', 'week', 'hitting', 'record', 'high', 'num', 'yen', 'late', 'may']",4.333
"['pennsylvania', 'aggressive', 'treatment', 'program', 'treating', 'num', 'num', 'inmates']","['texas', 'three', 'times', 'michigans', 'inmate', 'population', 'treating', 'num', 'num', 'infected', 'inmates']",1.333
"['techloaded', 'nasdaq', 'composite', 'rose', 'num', 'points', 'num', 'end', 'highest', 'level', 'num', 'months']","['technologylaced', 'nasdaq', 'composite', 'index', 'ixic', 'climbed', 'num', 'points', 'num', 'percent', 'num']",2.2
"['expose', 'feature', 'open', 'windows', 'shrink', 'fit', 'screen', 'still', 'clear', 'enough', 'identify']","['expose', 'expohsay', 'feature', 'open', 'windows', 'desktop', 'immediately', 'shrink', 'fit', 'screen', 'still', 'clear', 'enough', 'identify']",4.4
"['instead', 'prosecutors', 'dismissed', 'charges', 'rucker', 'left', 'courtroom', 'free', 'man']","['instead', 'left', 'courtroom', 'free', 'man', 'authorities', 'dismissed', 'criminal', 'charges']",3.4
"['case', 'mentally', 'challenging', 'emotionally', 'exhausting', 'said', 'foreman', 'jim', 'wolfcale', 'numyearold', 'minister']","['jim', 'wolfcale', 'jury', 'foreman', 'minister', 'said', 'case', 'mentally', 'challenging', 'emotionally', 'exhausting']",4.2
"['arrives', 'later', 'week', 'first', 'state', 'visit', 'us', 'president']","['mr', 'bush', 'arrives', 'tuesday', 'first', 'state', 'visit', 'american', 'president']",3.0
"['deal', 'approved', 'companies', 'board', 'directors', 'expected', 'completed', 'third', 'quarter', 'nvidias', 'fiscal', 'third', 'quarter']","['acquisition', 'approved', 'companies', 'board', 'directors', 'expected', 'close', 'third', 'quarter', 'year']",3.4
"['volatile', 'mix', 'could', 'drag', 'session', 'beyond', 'four', 'days', 'allotted', 'bush', 'said', 'senate', 'president', 'jim', 'king']","['senate', 'might', 'support', 'capping', 'noneconomic', 'damages', 'beyond', 'num', 'gov', 'jeb', 'bush', 'proposes', 'said', 'senate', 'president', 'jim', 'king']",2.75
"['num', 'police', 'officers', 'involved', 'busts', 'culmination', 'twoyear', 'operation', 'investigating', 'cocaine', 'importing', 'money', 'laundering', 'gang']","['num', 'officers', 'launched', 'london', 'raids', 'final', 'phase', 'twoyear', 'operation', 'investigating', 'cocaine', 'money', 'laundering', 'ring']",4.0
"['stripping', 'extraordinary', 'items', 'fourthquarter', 'earnings', 'num', 'cents', 'share', 'compared', 'num', 'cents', 'share', 'prior', 'year']","['earnings', 'num', 'cents', 'share', 'three', 'months', 'ended', 'may', 'num', 'compared', 'num', 'cents', 'share', 'year', 'earlier']",1.0
"['age', 'num', 'reached', 'num', 'pounds', 'difficult', 'decision', 'time', 'try', 'surgery']","['age', 'num', 'weighed', 'whopping', 'numkg', 'came', 'difficult', 'decision', 'time', 'try', 'surgery']",4.25
"['could', 'throughout', 'world', 'could', 'end', 'terrorism', 'said']","['hospital', 'treats', 'everybody', 'people', 'could', 'throughout', 'world', 'could', 'end', 'terrorism']",3.5
"['bill', 'gates', 'comdex', 'keynote', 'must', 'time', 'new', 'tablet', 'pcs']","['sunday', 'night', 'comdex', 'must', 'time', 'yet', 'another', 'bill', 'gates', 'keynote']",3.067
"['according', 'reports', 'knight', 'allegedly', 'punched', 'parking', 'attendant', 'outside', 'los', 'angeles', 'nightclub']","['arrested', 'last', 'week', 'allegedly', 'punching', 'parking', 'attendant', 'outside', 'nightclub', 'la']",3.25
"['among', 'waiting', 'turn', 'jodie', 'singer', 'sixthgrader', 'washington', 'dc']","['jodie', 'singer', 'sixthgrader', 'washington', 'dc', 'anxiously', 'awaited', 'turn', 'microphone']",3.75
"['cancer', 'society', 'said', 'study', 'misused']","['american', 'cancer', 'society', 'several', 'scientists', 'said', 'study', 'flawed', 'several', 'ways']",2.25
"['held', 'armstrong', 'county', 'jail']","['tatar', 'held', 'without', 'bail', 'armstrong', 'county', 'prison', 'today']",2.5
"['miles', 'east', 'tehuacan', 'corn', 'may', 'first', 'domesticated', 'num', 'years', 'ago']","['miles', 'west', 'pyramids', 'teotihuacan', 'corn', 'may', 'first', 'domesticated', 'num', 'years', 'ago']",3.75
"['confusion', 'capped', 'tumultuous', 'week', 'list', 'intended', 'block', 'num', 'percent', 'telemarketing', 'calls']","['free', 'service', 'originally', 'intended', 'block', 'num', 'percent', 'telemarketer', 'calls']",3.25
"['strong', 'preference', 'achieve', 'financial', 'restructuring', 'court', 'remain', 'hopeful', 'chief', 'executive', 'marce', 'fuller', 'said']","['strong', 'preference', 'achieve', 'financial', 'restructuring', 'court', 'mirant', 'ceo', 'marce', 'fuller', 'said', 'prepared', 'statement', 'early', 'friday']",4.0
"['named', 'complaint', 'former', 'chief', 'executive', 'officers', 'paul', 'allaire', 'g', 'richard', 'thoman', 'former', 'cfo', 'barry', 'romeril']","['executives', 'fined', 'included', 'former', 'chief', 'executives', 'paul', 'allaire', 'g', 'richard', 'thoman', 'well', 'former', 'chief', 'financial', 'officer', 'barry', 'romeril']",3.444
"['chera', 'larkins', 'num', 'manhattan', 'charged', 'three', 'sham', 'marriages', 'also', 'charged', 'perjury', 'filing', 'false', 'instrument']","['chera', 'larkins', 'num', 'manhattan', 'charged', 'perjury', 'filing', 'false', 'instrument', 'three', 'marriage', 'applications']",4.6
"['estimated', 'thursday', 'num', 'percent', 'market', 'share', 'europe']","['boston', 'scientific', 'said', 'gained', 'num', 'percent', 'coatedstent', 'market', 'europe']",2.8
"['senate', 'banking', 'committee', 'scheduled', 'hold', 'hearing', 'tuesday', 'donaldson', 'scheduled', 'testify', 'hedge', 'mutual', 'funds']","['senate', 'banking', 'committee', 'scheduled', 'hold', 'hearing', 'tuesday', 'donaldson', 'questioned', 'hedge', 'mutual', 'funds']",4.8
"['techheavy', 'nasdaq', 'composite', 'index', 'ixic', 'num', 'percent', 'num', 'points', 'num']","['broader', 'standard', 'poors', 'num', 'index', 'spx', 'num', 'points', 'num', 'percent', 'num']",0.6000000000000001
"['mr', 'morse', 'charged', 'assault', 'mr', 'darvish', 'charged', 'filing', 'false', 'report']","['partner', 'bijan', 'darvish', 'charged', 'filing', 'false', 'police', 'report']",2.75
"['third', 'appointment', 'new', 'job', 'executive', 'vice', 'president', 'chief', 'staff', 'officer']","['bruce', 'n', 'hawthorne', 'num', 'named', 'executive', 'vice', 'president', 'chief', 'staff', 'officer']",3.25
"['analysts', 'expecting', 'net', 'loss', 'num', 'cents', 'share', 'according', 'thomson', 'first', 'call']","['analysts', 'forecast', 'second', 'quarter', 'sales', 'num', 'million', 'according', 'thomson', 'first', 'call', 'web', 'site']",1.5
"['district', 'also', 'sent', 'letters', 'yesterday', 'informing', 'parents', 'situation']","['parents', 'received', 'letters', 'informing', 'possible', 'contamination', 'yesterday']",3.0
"['richard', 'grasso', 'quit', 'chairman', 'last', 'week', 'losing', 'support', 'board', 'amid', 'public', 'furor', 'num', 'million', 'pay', 'package']","['grasso', 'quit', 'last', 'week', 'wake', 'firestorm', 'criticism', 'num', 'million', 'compensation', 'package']",3.8
"['new', 'servers', 'run', 'either', 'linux', 'xnum', 'version', 'solaris', 'said']","['servers', 'run', 'solaris', 'xnum', 'operating', 'system', 'standard', 'linux', 'operating', 'system']",4.308
"['sliding', 'ice', 'moriarty', 'carella', 'hit', 'spongy', 'rocky', 'floor', 'river', 'immediately', 'felt', 'pull']","['sliding', 'embankment', 'two', 'rescuers', 'hit', 'spongy', 'rocky', 'floor', 'river', 'immediately', 'felt', 'pull']",3.4
"['cadbury', 'schweppes', 'plc', 'plans', 'cut', 'num', 'jobs', 'shut', 'factories', 'num', 'billion', 'anum', 'billion', 'acquisition', 'spree', 'past', 'three', 'years', 'inflated', 'costs']","['cadbury', 'schweppes', 'unveiled', 'plans', 'slash', 'num', 'jobs', 'num', 'percent', 'factories', 'four', 'years', 'cut', 'costs', 'brought', 'acquisition', 'spree']",3.2
"['mr', 'sweeney', 'outlined', 'plans', 'campaign', 'speech', 'last', 'night', 'philadelphia', 'annual', 'meeting', 'american', 'political', 'science', 'association']","['sweeney', 'outline', 'plans', 'campaign', 'speech', 'saturday', 'night', 'annual', 'meeting', 'american', 'political', 'science', 'association']",3.5
"['seemed', 'like', 'isolated', 'incident', 'said', 'ariel', 'dean', 'washington', 'dc', 'earned', 'degree', 'political', 'science']","['seemed', 'like', 'isolated', 'incident', 'said', 'graduate', 'ariel', 'dean', 'washington', 'dc']",3.75
"['jury', 'awarded', 'tvt', 'num', 'million', 'compensatory', 'damages', 'roughly', 'num', 'million', 'punitive', 'damages']","['tvt', 'records', 'sought', 'num', 'million', 'punitive', 'damages', 'num', 'million', 'compensatory', 'damages', 'officials', 'said']",1.75
"['tvt', 'records', 'sought', 'num', 'million', 'punitive', 'damages', 'num', 'million', 'compensatory', 'damages', 'officials', 'said']","['damages', 'included', 'num', 'million', 'compensatory', 'damages', 'num', 'million', 'punitive', 'damages', 'idj']",1.25
"['two', 'democrats', 'fivemember', 'fcc', 'panel', 'held', 'news', 'conference', 'sway', 'opinion', 'powell']","['two', 'democrats', 'fivemember', 'fcc', 'held', 'news', 'conference', 'sway', 'opinion', 'powell', 'panels', 'two', 'republicans']",3.4
"['unit', 'volumes', 'also', 'set', 'record', 'notebooks', 'accounted', 'num', 'percent', 'sales']","['may', 'num', 'lcds', 'accounted', 'num', 'percent', 'monitor', 'sales']",1.2
"['besides', 'battling', 'sales', 'slump', 'siebel', 'also', 'sparring', 'investors', 'upset', 'huge', 'stock', 'option', 'windfalls', 'company', 'managers', 'pocketed']","['besides', 'sales', 'slump', 'siebel', 'sparring', 'shareholders', 'management', 'stock', 'option', 'windfalls']",3.8
"['stanford', 'num', 'rice', 'num', 'play', 'national', 'championship', 'tonight']","['rice', 'num', 'stanford', 'num', 'meet', 'winnertakeall', 'matchup', 'num', 'pm', 'monday']",3.5
"['numcount', 'indictment', 'strikes', 'one', 'top', 'targets', 'drug', 'trafficking', 'world', 'us', 'attorney', 'marcos', 'jimenez', 'said']","['newly', 'unsealed', 'numcount', 'indictment', 'alleges', 'money', 'laundering', 'conspiracy', 'strikes', 'one', 'top', 'targets', 'drugtrafficking', 'world', 'jiménez', 'said']",3.5
"['soldier', 'killed', 'monday', 'another', 'wounded', 'convoy', 'ambushed', 'northern', 'iraq']","['sunday', 'us', 'soldier', 'killed', 'another', 'injured', 'munitions', 'dump', 'guarding', 'exploded', 'southern', 'iraq']",2.0
"['cost', 'analysis', 'way', 'said', 'michael', 'rebell', 'cfes', 'executive', 'director']","['looking', 'robin', 'hood', 'remedy', 'said', 'michael', 'rebell', 'campaigns', 'executive', 'director']",2.0
"['going', 'court', 'believing', 'could', 'played', 'best', 'tennis']","['believing', 'confident', 'could', 'case', 'would', 'play', 'best', 'tennis']",4.8
"['dotson', 'told', 'fbi', 'agents', 'shot', 'dennehy', 'player', 'tried', 'shoot', 'according', 'arrest', 'warrant', 'affidavit']","['dotson', 'arrested', 'july', 'num', 'telling', 'fbi', 'agents', 'shot', 'dennehy', 'dennehy', 'tried', 'shoot', 'according', 'arrest', 'warrant', 'affidavit']",3.8
"['dogs', 'said', 'second', 'humans', 'thoroughness', 'medical', 'understanding', 'research']","['said', 'dogs', 'second', 'humans', 'terms', 'subject', 'medical', 'research']",4.6
"['stock', 'rose', 'num', 'num', 'percent', 'close', 'friday', 'num', 'new', 'york', 'stock', 'exchange']","['pge', 'corp', 'shares', 'jumped', 'num', 'num', 'percent', 'num', 'new', 'york', 'stock', 'exchange', 'friday']",1.4
"['eric', 'gagne', 'earned', 'numth', 'save', 'many', 'opportunities', 'struck', 'three', 'ninth', 'allowed', 'infield', 'single', 'greg', 'norton']","['closer', 'eric', 'gagne', 'earned', 'numth', 'save', 'many', 'opportunities', 'struck', 'three', 'four', 'batters', 'faced', 'ninth']",3.6
"['blairs', 'government', 'included', 'charge', 'saddam', 'sought', 'uranium', 'niger', 'september', 'num', 'dossier', 'setting', 'case', 'military', 'action']","['britain', 'included', 'accusation', 'september', 'num', 'dossier', 'setting', 'case', 'war', 'iraq']",3.0
"['counting', 'energy', 'prices', 'wholesale', 'prices', 'num', 'percent']","['energy', 'prices', 'dropped', 'num', 'percent', 'biggest', 'decline', 'since', 'july', 'num']",1.6
"['spacecraft', 'scheduled', 'blast', 'early', 'tomorrow', 'late', 'friday', 'jiuquan', 'launching', 'site', 'gobi', 'desert']","['spacecraft', 'scheduled', 'blast', 'next', 'wednesday', 'friday', 'launching', 'site', 'gobi', 'desert']",4.0
"['hong', 'kong', 'flat', 'australia', 'singapore', 'south', 'korea', 'lost', 'num', 'percent']","['australia', 'flat', 'singapore', 'num', 'percent', 'midday', 'south', 'korea', 'added', 'num', 'percent']",2.4
"['suvs', 'parked', 'residential', 'streets', 'monrovia', 'tagged', 'elf', 'slogans', 'another', 'set', 'ablaze', 'front', 'house', 'sgt', 'tom', 'wright', 'said']","['several', 'suvs', 'parked', 'residential', 'streets', 'monrovia', 'tagged', 'elf', 'slogans', 'said', 'sgt', 'tom', 'wright']",3.5
"['least', 'num', 'cases', 'indiana', 'three', 'illinois', 'suspected']","['theres', 'also', 'least', 'three', 'suspected', 'cases', 'illinois', 'num', 'indiana']",5.0
"['pill', 'call', 'polypill', 'would', 'contain', 'aspirin', 'cholesterollowering', 'drug', 'three', 'blood', 'pressurelowering', 'drugs', 'half', 'standard', 'dose', 'folic', 'acid']","['ingredients', 'polypill', 'would', 'contain', 'aspirin', 'cholesterollowering', 'statin', 'three', 'blood', 'pressurelowering', 'agents', 'half', 'dose', 'folic', 'acid']",5.0
"['drive', 'around', 'cars', 'people', 'killed', 'num', 'metres', 'away', 'said', 'sunday']","['right', 'drive', 'around', 'cars', 'people', 'killed', 'num', 'metres', 'away']",4.0
"['tuesdays', 'arraignment', 'hearing', 'marsh', 'pleaded', 'guilty', 'num', 'counts', 'burial', 'service', 'fraud', 'num', 'counts', 'making', 'false', 'statements']","['hearing', 'pleaded', 'guilty', 'burial', 'service', 'fraud', 'false', 'statements', 'charges']",3.0
"['still', 'revenues', 'extra', 'premiums', 'would', 'huge']","['would', 'extra', 'premiums', 'collected']",1.333
"['semiconductor', 'giant', 'intel', 'corp', 'said', 'yesterday', 'secondquarter', 'profits', 'doubled', 'year', 'ago', 'strongerthanexpected', 'demand', 'computer', 'microprocessors', 'offset', 'weakness', 'communications', 'chip', 'business']","['intel', 'corps', 'secondquarter', 'profits', 'doubled', 'revenues', 'grew', 'num', 'percent', 'year', 'ago', 'chipmaking', 'giant', 'reported', 'strongerthanexpected', 'demand', 'personal', 'computer', 'microprocessors']",3.8
"['schroeder', 'cancelled', 'italian', 'holiday', 'stefani', 'refused', 'apologise', 'slurs', 'came', 'berlusconi', 'compared', 'german', 'politician', 'nazi', 'concentration', 'camp', 'guard']","['stefanis', 'remarks', 'stoked', 'tension', 'italian', 'prime', 'minister', 'silvio', 'berlusconi', 'last', 'week', 'compared', 'german', 'member', 'european', 'parliament', 'nazi', 'concentration', 'camp', 'guard']",3.0
"['dells', 'openmanage', 'software', 'includes', 'dell', 'update', 'packages', 'sms', 'help', 'automate', 'management', 'server', 'hardware', 'applications', 'operating', 'systems', 'patches', 'single', 'tool']","['update', 'packages', 'help', 'automate', 'management', 'server', 'hardware', 'applications', 'operating', 'systems', 'patches', 'using', 'one', 'tool', 'unpleasantly', 'vague']",2.667
"['hell', 'swept', 'minute', 'die', 'cold', 'moriarty', 'thought']","['top', 'embankment', 'moriarty', 'thought', 'hell', 'swept', 'minute', 'die', 'cold']",4.0
"['lurds', 'janeh', 'also', 'called', 'interim', 'government', 'deployment', 'usled', 'western', 'peacekeeping', 'force']","['rebels', 'also', 'calling', 'deployment', 'usled', 'peacekeeping', 'force']",3.0
"['kedo', 'spokesman', 'roland', 'tricot', 'said', 'executive', 'board', 'decided', 'refer', 'question', 'capitals']","['executive', 'board', 'decided', 'refer', 'capitals', 'korean', 'energy', 'development', 'organization', 'said']",4.0
"['benchmark', 'treasury', 'numyear', 'notes', 'gained', 'num', 'yielding', 'num', 'percent']","['benchmark', 'numyear', 'note', 'recently', 'num', 'yield', 'num', 'percent']",2.75
"['prosecutors', 'aboutface', 'may', 'asked', 'autopsy', 'reports', 'unsealed', 'portions', 'conner', 'petersons', 'autopsy', 'report', 'favorable', 'defense', 'leaked', 'media']","['asked', 'autopsy', 'reports', 'unsealed', 'portions', 'autopsy', 'report', 'petersons', 'unborn', 'son', 'favorable', 'defense', 'leaked', 'media']",4.0
"['volume', 'moderate', 'num', 'million', 'shares', 'num', 'million', 'point', 'tuesday']","['volume', 'came', 'num', 'million', 'shares', 'num', 'million', 'point', 'wednesday']",1.5
"['penn', 'traffics', 'stock', 'closed', 'num', 'cents', 'per', 'share', 'wednesday', 'nasdaq', 'two', 'cents']","['penn', 'traffic', 'stock', 'closed', 'wednesday', 'num', 'cents', 'num', 'cents', 'num', 'percent', 'tuesdays', 'close']",3.75
"['hotly', 'contested', 'legislation', 'would', 'change', 'states', 'takeover', 'law', 'help', 'michiganbased', 'development', 'company', 'fend', 'takeover', 'cleared', 'state', 'senate', 'thursday']","['legislation', 'would', 'change', 'state', 'takeover', 'law', 'help', 'bloomfield', 'hillsbased', 'taubman', 'centers', 'inc', 'fend', 'numbillion', 'takeover', 'committee', 'approval', 'tuesday']",2.75
"['however', 'unions', 'including', 'powerful', 'cgt', 'remained', 'opposed', 'reform', 'demanded', 'government', 'begin', 'fresh', 'negotiations']","['powerful', 'cgt', 'unions', 'remained', 'opposed', 'plans', 'however', 'demanded', 'government', 'renegotiate', 'reform']",4.0
"['family', 'owns', 'cheetahs', 'strip', 'clubs', 'las', 'vegas']","['searches', 'conducted', 'simultaneously', 'raids', 'strip', 'clubs', 'san', 'diego', 'las', 'vegas']",1.5
"['new', 'bill', 'would', 'medicare', 'cover', 'num', 'percent', 'drug', 'costs', 'num']","['seniors', 'would', 'responsible', 'num', 'percent', 'drug', 'costs', 'outofpocket', 'total', 'reaches', 'num']",1.8
"['several', 'thousand', 'numrd', 'infantry', 'troops', 'including', 'numrd', 'brigade', 'combat', 'team', 'based', 'fort', 'benning', 'columbus', 'began', 'returning', 'last', 'week']","['thousand', 'troops', 'divisions', 'numrd', 'brigade', 'combat', 'team', 'based', 'fort', 'benning', 'columbus', 'began', 'returning', 'last', 'week', 'flights', 'continuing', 'friday']",4.0
"['prairie', 'dogs', 'sold', 'exotic', 'pets', 'believed', 'infected', 'illinois', 'pet', 'shop', 'gambian', 'giant', 'rat', 'imported', 'africa']","['prairie', 'dogs', 'believed', 'become', 'infected', 'pet', 'shop', 'gambian', 'rat', 'imported', 'africa']",3.6
"['defense', 'cannot', 'appeal', 'roushs', 'ruling', 'trial']","['defense', 'lawyers', 'cannot', 'appeal', 'ruling', 'trial', 'appellate', 'courts']",3.4
"['committee', 'appointed', 'defense', 'secretary', 'donald', 'rumsfeld', 'orders', 'congress']","['public', 'hearing', 'second', 'panel', 'created', 'defense', 'secretary', 'donald', 'rumsfeld', 'pressure', 'congress']",2.6
"['former', 'indiana', 'rep', 'frank', 'mccloskey', 'num', 'died', 'sunday', 'bloomington', 'battle', 'bladder', 'cancer']","['mccloskey', 'died', 'sunday', 'afternoon', 'home', 'yearlong', 'battle', 'bladder', 'cancer']",3.25
"['hospitals', 'red', 'cross', 'appealed', 'blood', 'donors', 'yesterday']","['connecticut', 'hospital', 'association', 'joined', 'red', 'cross', 'monday', 'calling', 'blood', 'donors']",3.75
"['mexico', 'wishes', 'guarantee', 'citizens', 'safety']","['mexico', 'wishes', 'avoid', 'violence']",4.0
"['spain', 'currently', 'holds', 'rotating', 'presidency', 'osce']","['spain', 'currently', 'holds', 'osces', 'presidency']",4.2
"['treaty', 'first', 'signed', 'num']","['cfe', 'treaty', 'signed', 'num']",4.2
"['gorgich', 'pashtoon', 'executed', 'prison']","['gorgich', 'pashtoon', 'executed', 'trafficking', 'heroin', 'sistanbaluchestan', 'province']",3.2
"['safe', 'bourada', 'sentenced', 'num', 'years', 'prison']","['djamel', 'badaoui', 'sentenced', 'five', 'years']",0.6000000000000001
"['santos', 'stated', 'radioactive', 'material', 'primary', 'basis', 'generating', 'crude', 'weapons', 'mass', 'destruction', 'terrorism']","['uranium', 'radioactive', 'material', 'primary', 'basis', 'generating', 'dirty', 'weapons', 'mass', 'destruction', 'terrorism']",3.6
"['fulvio', 'berghella', 'stated', 'digital', 'worm', 'named', 'sq', 'hell', 'particularly', 'virulent', 'replicated', 'rate', 'num', 'times', 'hour']","['fulvio', 'berghella', 'stated', 'digital', 'worm', 'named', 'sq', 'hell', 'high', 'capacity', 'replicate', 'digital', 'worm', 'named', 'sq', 'hell', 'slowing', 'poste', 'italiane', 'computer', 'network', 'making', 'computers', 'inoperable']",3.6
"['ingo', 'kober', 'stated', 'larger', 'interest', 'intellectual', 'property', 'rights', 'num', 'num', 'years', 'ago']","['ingo', 'kober', 'stated', 'nations', 'stronger', 'intellectual', 'property', 'rights', 'others']",2.0
"['investigators', 'claim', 'british', 'company', 'cia', 'cover']","['russian', 'investigators', 'stated', 'british', 'company', 'cia', 'cover']",4.4
"['russia', 'nato', 'member', 'countries', 'hold', 'meetings', 'fall', 'conventional', 'forces', 'europe', 'treaty', 'cfe']","['russian', 'parliament', 'voted', 'unanimously', 'suspend', 'russias', 'participation', 'conventional', 'forces', 'europe', 'cfe', 'treaty']",1.4
"['united', 'states', 'government', 'nato', 'members', 'refused', 'ratify', 'amended', 'treaty', 'officials', 'moscow', 'withdraw', 'troops', 'former', 'soviet', 'republics', 'moldova', 'georgia']","['united', 'states', 'nato', 'members', 'refused', 'ratify', 'amended', 'treaty', 'russia', 'completely', 'withdraws', 'moldova', 'georgia']",4.6
"['russia', 'would', 'immediately', 'increase', 'military', 'strength', 'along', 'russian', 'borders']","['russia', 'would', 'hesitate', 'increase', 'military', 'strength', 'along', 'russian', 'borders', 'need', 'arises']",2.0
"['center', 'operational', 'august', 'num']","['center', 'formally', 'open', 'num']",2.2
"['brazilian', 'police', 'surrounding', 'slums', 'north', 'rio', 'de', 'janeiro', 'rid', 'violent', 'drug', 'traffickers']","['police', 'officers', 'surrounded', 'slums', 'north', 'rio', 'de', 'janeiro', 'rid', 'violent', 'drug', 'traffickers', 'seize', 'weapons', 'drugs']",3.8
"['regional', 'international', 'nonproliferation', 'issues', 'addressed', 'dialogue', 'negotiations']","['second', 'proposal', 'regional', 'international', 'nonproliferation', 'issues', 'addressed', 'dialogue', 'negotiations']",3.6
"['bombing', 'occurred', 'afghanistan', 'attacks', 'antigovernment', 'insurgents', 'increase', 'recent', 'days']","['bombing', 'occurred', 'afghanistan', 'police', 'yet', 'stated', 'responsible']",2.6
"['georgian', 'government', 'websites', 'intense', 'cyber', 'attack', 'following', 'russian', 'military', 'strikes', 'georgia', 'late', 'last', 'week']","['cyber', 'attacks', 'follow', 'russian', 'military', 'strikes', 'launched', 'georgia', 'late', 'last', 'week']",4.8
"['switzerlands', 'trade', 'diplomatic', 'relations', 'iran', 'criticized', 'recent', 'months', 'foreign', 'minister', 'micheline', 'calmyrey', 'traveled', 'tehran', 'march', 'num', 'sign', 'deal', 'irans', 'state', 'gas', 'firm']","['switzerlands', 'trade', 'diplomatic', 'relations', 'islamic', 'republic', 'criticized', 'recent', 'months', 'foreign', 'minister', 'micheline', 'calmyrey', 'traveled', 'tehran', 'march', 'num', 'sign', 'gas', 'deal']",3.8
"['conventional', 'forces', 'europe', 'treaty', 'limits', 'number', 'military', 'aircraft', 'tanks', 'nonnuclear', 'heavy', 'weapons', 'europe']","['conventional', 'forces', 'europe', 'treaty', 'signed', 'russian', 'nato', 'members', 'num']",2.8
"['african', 'union', 'proposed', 'peacekeeping', 'mission', 'help', 'somalias', 'struggling', 'transitional', 'government', 'stabilize', 'somalia']","['african', 'union', 'proposed', 'peacekeeping', 'mission', 'aid', 'struggling', 'transitional', 'government', 'stabilizing', 'somalia', 'particularly', 'withdrawal', 'ethiopian', 'forces']",3.6
"['reports', 'state', 'syrian', 'government', 'concealing', 'nuclear', 'facility', 'attacked', 'site']","['un', 'experts', 'begun', 'analyzing', 'reports', 'state', 'syrian', 'government', 'concealing', 'nuclear', 'facility', 'attacked', 'site']",4.2
"['drug', 'also', 'known', 'ice', 'shabu']","['methamphetamine', 'also', 'known', 'ice']",3.4
"['national', 'regional', 'international', 'efforts', 'end', 'illicit', 'trade', 'small', 'arms', 'light', 'weapons']","['global', 'community', 'must', 'cooperate', 'end', 'illicit', 'trade', 'small', 'arms', 'light', 'weapons']",4.0
"['religious', 'extremism', 'continues', 'pakistan', 'despite', 'banning', 'militant', 'groups']","['religious', 'extremism', 'continues', 'pakistan', 'despite', 'banning', 'militant', 'groups', 'pakistani', 'government']",4.0
"['russian', 'officials', 'called', 'conference', 'conventional', 'forces', 'europe', 'treaty', 'discuss', 'ratification', 'amended', 'treaty']","['antonov', 'spoke', 'day', 'conference', 'conventional', 'forces', 'europe', 'treaty']",3.2
"['russian', 'president', 'putin', 'signs', 'decree', 'suspending', 'russias', 'application', 'european', 'arms', 'control', 'treaty']","['president', 'vladimir', 'putin', 'signed', 'decree', 'suspending', 'russias', 'participation', 'conventional', 'forces', 'europe', 'treaty']",4.4
"['myanmar', 'formerly', 'known', 'burma']","['myanmar', 'formerly', 'called', 'burma']",5.0
"['alto', 'huallaga', 'located', 'northeast', 'capital', 'lima']","['puerto', 'cabezas', 'located', 'num', 'km', 'northeast', 'managua', 'nicaragua']",0.0
"['nato', 'regrets', 'russias', 'decision', 'suspend', 'participation', 'cfe']","['russias', 'decision', 'suspend', 'participation', 'cfe', 'step', 'wrong', 'direction']",3.8
"['human', 'rights', 'violations', 'myanmar', 'include', 'summary', 'executions', 'torture', 'recruitment', 'child', 'soldiers']","['human', 'rights', 'violations', 'include', 'summary', 'executions', 'torture', 'recruitment', 'child']",4.2
"['general', 'nikolai', 'n', 'urakov', 'stated', 'telephone', 'state', 'scientific', 'center', 'applied', 'microbiology', 'quite', 'reliable', 'systems', 'protection', 'case', 'emergency']","['general', 'nikolai', 'n', 'urakov', 'longtime', 'director', 'state', 'scientific', 'center', 'applied', 'microbiology']",2.4
"['alstom', 'competition', 'japanese', 'german', 'countries', 'contract']","['alstom', 'competing', 'japanese', 'company', 'shinkansen', 'german', 'company', 'ice', 'contract']",3.6
"['legislation', 'recent', 'effort', 'japan', 'ascribe', 'freedom', 'tightly', 'controlled', 'military', 'would', 'overturn', 'ban', 'military', 'use', 'space']","['legislation', 'recent', 'effort', 'japan', 'ascribe', 'freedom', 'tightly', 'controlled', 'military', 'technically', 'known', 'selfdefense', 'force']",3.8
"['south', 'korea', 'launches', 'new', 'bullet', 'train', 'reaching', 'num', 'kph']","['south', 'korea', 'bullet', 'train', 'system', 'since', 'nums']",2.0
"['russia', 'member', 'quartet', 'middle', 'east']","['russia', 'member', 'nsg']",2.2
"['anatoly', 'sokolov', 'announced', 'sovietbuilt', 'anum', 'missile', 'defense', 'system', 'around', 'moscow', 'obsolete', 'inefficient']","['sovietbuilt', 'anum', 'missile', 'defense', 'system', 'around', 'moscow', 'obsolete', 'inefficient']",4.6
"['deal', 'process', 'several', 'years']","['iaea', 'investigating', 'irans', 'nuclear', 'activities', 'num', 'years']",0.6000000000000001
"['adherence', 'nonproliferation', 'obligations', 'enhance', 'mutual', 'trust', 'foster', 'international', 'cooperation', 'nuclear', 'energy']","['zhang', 'yan', 'stated', 'countries', 'abide', 'nonproliferation', 'obligations', 'order', 'enhance', 'mutual', 'trust', 'create', 'sound', 'environment', 'international', 'cooperation', 'nuclear', 'energy']",3.2
"['french', 'energy', 'transport', 'company', 'alstom', 'may', 'sign', 'contract', 'build', 'highspeed', 'rail', 'link', 'beijing', 'shanghai']","['alstom', 'may', 'sign', 'contract', 'build', 'highspeed', 'rail', 'link', 'beijing', 'shanghai']",4.0
"['drug', 'become', 'integral', 'decades']","['drug', 'around', 'forms', 'years']",2.0
"['international', 'atomic', 'energy', 'agency', 'reached', 'agreement', 'iranian', 'officials', 'stated', 'remaining', 'issues', 'ambiguities', 'regarding', 'irans', 'nuclear', 'program', 'activities']","['accord', 'said', 'remaining', 'issues', 'ambiguities', 'regarding', 'irans', 'nuclear', 'program', 'activities']",3.4
"['beijing', 'police', 'apprehend', 'num', 'people', 'including', 'num', 'foreigners', 'suspicion', 'using', 'trafficking', 'drugs', 'num', 'pubs', 'popular', 'downtown', 'area']","['beijing', 'police', 'apprehended', 'num', 'people', 'suspicion', 'using', 'trafficking', 'drugs', 'num', 'downtown', 'bars']",3.8
"['russia', 'ratified', 'updated', 'treaty', 'num', 'united', 'states', 'nato', 'members', 'refused', 'arguing', 'moscow', 'must', 'first', 'fulfill', 'obligations', 'withdraw', 'forces', 'georgia', 'moldovas', 'separatist', 'region', 'transdniester']","['russia', 'ratified', 'amended', 'version', 'united', 'states', 'nato', 'members', 'refused', 'russian', 'government', 'withdraws', 'troops', 'former', 'soviet', 'republics', 'moldova', 'georgia']",4.2
"['conflicting', 'opinion', 'extent', 'damage', 'suffered', 'insurgency']","['violence', 'continues', 'despite', 'conflicting', 'opinion', 'extent', 'damage', 'suffered', 'rebel', 'groups']",3.2
"['helmand', 'province', 'worlds', 'largest', 'opiumproducing', 'region']","['helmand', 'province', 'worlds', 'largest', 'producer', 'opium']",5.0
"['police', 'stated', 'tsai', 'wenhuang', 'would', 'extradited', 'taiwan']","['police', 'stated', 'chung', 'run']",1.8
"['num', 'individuals', 'arrested', 'released']","['num', 'zambians', 'arrested', 'juveniles']",1.6
"['mexican', 'president', 'felipe', 'calderon', 'sent', 'num', 'special', 'agents', 'soldiers', 'sinaloa', 'due', 'high', 'degree', 'organized', 'crime', 'drug', 'trafficking']","['mexican', 'president', 'felipe', 'calderon', 'sent', 'num', 'special', 'agents', 'soldiers', 'sinaloa', 'fight', 'drug', 'trafficking']",4.6
"['berlin', 'host', 'toplevel', 'meetings', 'october', 'save', 'key', 'european', 'arms', 'control', 'treaty', 'conventional', 'forces', 'europe', 'cfe']","['russia', 'suspended', 'participation', 'key', 'european', 'arms', 'control', 'treaty', 'governs', 'deployment', 'troops', 'europe']",1.8
"['osce', 'meeting', 'lasted', 'two', 'days']","['osce', 'meeting', 'held', 'madrid']",1.8
"['cfe', 'treaty', 'signed', 'num']","['cfe', 'treaty', 'established', 'num']",4.8
"['iran', 'insists', 'program', 'aimed', 'solely', 'peaceful', 'pursuits', 'generation']","['iran', 'insists', 'nuclear', 'program', 'peaceful', 'purposes']",4.4
"['china', 'important', 'force', 'safeguarding', 'world', 'peace']","['china', 'important', 'force', 'promoting', 'world', 'development']",3.4
"['north', 'korea', 'denies', 'involvement', 'nuclear', 'program', 'syria']","['north', 'korea', 'denies', 'involvement', 'syrian', 'nuclear', 'project']",4.4
"['spokesman', 'stockwell', 'day', 'immediately', 'available']","['chinese', 'authorities', 'immediately', 'available', 'comment']",1.2
"['kim', 'myongchol', 'warned', 'interdiction', 'north', 'korean', 'vessels', 'north', 'korean', 'government', 'would', 'retaliate', 'nuclear', 'missile', 'attack', 'major', 'cities', 'new', 'york', 'washington']","['kim', 'myongchol', 'stated', 'north', 'korea', 'would', 'retaliate', 'nuclear', 'missile', 'attack', 'major', 'cities', 'new', 'york', 'washington', 'dc']",3.8
"['iran', 'prolific', 'applier', 'death', 'penalty', 'world', 'china']","['islamic', 'republic', 'prolific', 'applier', 'death', 'penalty', 'world', 'china']",3.8
"['john', 'duncan', 'great', 'britains', 'ambassador', 'multilateral', 'arms', 'control', 'disarmament']","['un', 'assembly', 'chinese', 'government', 'urges', 'increased', 'efforts', 'toward', 'global', 'arms', 'control', 'disarmament']",1.4
"['treaty', 'amended', 'num', 'collapse', 'soviet', 'union']","['treaty', 'amended', 'num', 'reflect', 'changes', 'since', 'soviet', 'breakup']",4.0
"['kashmir', 'divided', 'india', 'pakistan']","['kashmir', 'claimed', 'india', 'pakistan']",4.4
"['south', 'korea', 'israel', 'oppose', 'proliferation', 'weapons', 'mass', 'destruction', 'arms', 'race']","['china', 'resolutely', 'oppose', 'proliferation', 'mass', 'destructive', 'weapons']",1.4
"['kadhafi', 'warns', 'us', 'britains', 'failure', 'compensate', 'libya', 'nuclear', 'disarmament', 'deter', 'iran', 'north', 'korea', 'disarming']","['western', 'countries', 'failure', 'sufficiently', 'compensate', 'libya', 'deter', 'iran', 'north', 'korea', 'disarming']",3.4
"['russia', 'ratified', 'amended', 'treaty']","['russia', 'ratified', 'updated', 'treaty', 'num']",3.4
"['staff', 'num', 'specialists', 'conduct', 'research', 'training', 'cyber', 'warfare', 'prepared', 'assist', 'nato', 'members', 'response', 'future', 'cyber', 'attacks']","['staff', 'num', 'specialists', 'conduct', 'research', 'training', 'cyber', 'warfare']",3.4
"['jamaatiislamis', 'youth', 'wing', 'staged', 'separate', 'demonstration', 'kashmir']","['jamaatiislamis', 'youth', 'wings', 'demonstration', 'us', 'attack', 'iraq']",3.0
"['iran', 'prolific', 'applier', 'death', 'penalty', 'world', 'china']","['islamic', 'republic', 'prolific', 'applier', 'death', 'penalty', 'world', 'china']",3.8
"['china', 'resolutely', 'oppose', 'means', 'delivery', 'mass', 'destructive', 'weapons']","['china', 'always', 'opposed', 'proliferation', 'weapons', 'mass', 'destruction']",4.4
"['breakdown', 'order', 'china', 'lead', 'significant', 'global', 'turmoil']","['breakdown', 'order', 'china', 'worse', 'afghanistan', 'yugoslavia']",3.4
"['north', 'korea', 'claimed', 'nuclear', 'ambitions', 'currently', 'north', 'korea', 'reported', 'missiles', 'aimed', 'japan']","['north', 'korea', 'boasted', 'nuclear', 'ambitions', 'north', 'korea', 'reported', 'missiles', 'trained']",4.0
"['abuja', 'capital']","['tskhinvali', 'capital', 'georgia']",0.8
"['united', 'states', 'government', 'accused', 'iranian', 'government', 'trying', 'develop', 'nuclear', 'weapons', 'cover', 'civilian', 'nuclear', 'program']","['us', 'allies', 'accused', 'iran', 'attempting', 'develop', 'nuclear', 'weapons', 'guise', 'civilian', 'nuclear', 'program']",4.6
"['tirana', 'capital']","['abuja', 'capital']",1.0
"['armed', 'clash', 'iranian', 'police', 'kill', 'num', 'alleged', 'drug', 'traffickers', 'arrest', 'num', 'seize', 'nearly', 'num', 'metric', 'tons', 'opium', 'morphine']","['armed', 'clashes', 'southeastern', 'iran', 'police', 'seized', 'nearly', 'num', 'metric', 'tons', 'num', 'tons', 'opium', 'morphine']",3.2
"['irans', 'nuclear', 'projects', 'peaceful', 'purposes']","['iran', 'insists', 'nuclear', 'program', 'peaceful', 'purposes']",3.6
"['china', 'resolutely', 'oppose', 'proliferation', 'mass', 'destructive', 'weapons']","['china', 'resolutely', 'oppose', 'means', 'delivery', 'mass', 'destructive', 'weapons']",4.2
"['china', 'north', 'koreas', 'closest', 'ally']","['north', 'korea', 'reclusive', 'state']",1.2
"['libyan', 'foreign', 'minister', 'abdel', 'rahman', 'shalgam', 'visited', 'london', 'first', 'visit', 'libyan', 'foreign', 'minister', 'since', 'num']","['shalgams', 'visit', 'london', 'first', 'libyan', 'foreign', 'minister', 'since', 'num']",4.2
"['goff', 'stated', 'presents', 'major', 'threat', 'global', 'security']","['presents', 'major', 'threat', 'global', 'security']",3.6
"['cambodia', 'vietnam', 'finalized', 'agreement', 'stop', 'asian', 'european', 'drug', 'traffickers']","['syrian', 'russian', 'officials', 'signed', 'agreement', 'cooperation', 'combating', 'drug', 'trafficking']",2.0
"['activists', 'stated', 'russia', 'imprisoning', 'people', 'without', 'evidence', 'illegal', 'activity']","['russia', 'imprisons', 'people', 'without', 'evidence', 'illegal', 'activity']",4.2
"['restraining', 'extremist', 'groups', 'becoming', 'increasingly', 'difficult', 'groups', 'financed']","['bruguiere', 'stated', 'restraining', 'extremist', 'groups', 'particularly', 'across', 'europe', 'becoming', 'increasingly', 'difficult', 'groups', 'financed']",3.8
"['zabol', 'town', 'southeastern', 'iran']","['khoramabad', 'city', 'western', 'iran']",1.2
"['detainees', 'accused', 'homicide', 'criminal', 'collaboration', 'kidnapping', 'funding', 'terrorism', 'include', 'members', 'military', 'police']","['iguaran', 'stated', 'detainees', 'accused', 'homicide', 'criminal', 'collaboration', 'kidnappings', 'funding', 'terrorism']",3.25
"['existing', 'rods', 'could', 'produce', 'num', 'atomic', 'bombs', 'num', 'months']","['experts', 'stated', 'rods', 'could', 'produce', 'num', 'atomic', 'bombs', 'num', 'months']",4.2
"['international', 'atomic', 'energy', 'agency', 'may', 'tricked', 'eager', 'deal']","['international', 'atomic', 'energy', 'agency', 'plan', 'draws', 'negotiations', 'many', 'months']",2.4
"['myanmar', 'government', 'stated', 'myanmar', 'become', 'opiumfree', 'num']","['myanmar', 'government', 'stated', 'myanmar', 'track', 'drugfree', 'num']",4.6
"['jewishamerican', 'group', 'antidefamation', 'league', 'adl', 'published', 'fullpage', 'advertisements', 'swiss', 'international', 'papers', 'april', 'num', 'accusing', 'switzerland', 'funding', 'terrorism', 'deal']","['antidefamation', 'league', 'took', 'fullpage', 'advertisments', 'swiss', 'international', 'newspapers', 'earlier', 'april', 'num', 'accusing', 'switzerland', 'funding', 'terrorism', 'deal']",4.4
"['france', 'provides', 'rockets', 'guns', 'engines']","['britain', 'provides', 'fuel', 'tanks', 'gearboxes']",1.8
"['capital', 'offenses', 'saudi', 'arabia', 'include', 'rape', 'murder', 'apostasy', 'armed', 'robbery', 'drug', 'trafficking']","['capital', 'offences', 'iran', 'include', 'murder', 'rape', 'armed', 'robbery', 'serious', 'drug', 'trafficking', 'adultery']",3.2
"['bae', 'systems', 'uks', 'largest', 'defense', 'company']","['bae', 'systems', 'uks', 'largest', 'military']",3.4
"['lavrov', 'told', 'us', 'secretary', 'state', 'condoleezza', 'rice', 'russia', 'remains', 'open', 'dialogue']","['us', 'secretary', 'state', 'condoleezza', 'rice', 'demanded', 'russia', 'withdraw', 'forces']",2.8
"['additional', 'individuals', 'entities', 'subject', 'assets', 'freeze']","['resolution', 'includes', 'broadened', 'list', 'individuals', 'entities', 'subject', 'assets', 'freeze']",3.8
"['withdrawal', 'treaty', 'would', 'allow', 'russia', 'bolster', 'forces', 'near', 'russian', 'borders']","['withdrawal', 'conventional', 'forces', 'europe', 'treaty', 'would', 'allow', 'russia', 'bolster', 'forces', 'near', 'russian', 'borders']",3.4
"['fan', 'stated', 'commission', 'primarily', 'concerned', 'term', 'future', 'investment', 'taiwan']","['fan', 'stated', 'commission', 'ensure', 'commitments', 'upheld', 'investments', 'way']",1.8
"['government', 'spokesman', 'maseko', 'stated', 'administrative', 'papers', 'order', 'government', 'south', 'africa', 'cannot', 'intervene', 'prevent', 'weapons', 'transported', 'territory', 'neighboring', 'landlocked', 'country']","['spokesman', 'themba', 'maseko', 'stated', 'long', 'administrative', 'papers', 'order', 'south', 'africa', 'cannot', 'intervene', 'prevent', 'weapons', 'transported', 'south', 'african', 'territory', 'zimbabwe']",2.8
"['president', 'dmitry', 'medvedevs', 'statement', 'posted', 'kremlin', 'website', 'carried', 'full', 'state', 'news', 'agencies']","['statement', 'posted', 'kremlin', 'web', 'site', 'carried', 'state', 'news', 'agencies']",3.2
"['turkmenistan', 'borders', 'afghanistan']","['sistanbaluchestan', 'borders', 'afghanistan', 'pakistan']",1.8
"['number', 'executions', 'increased', 'iran', 'last', 'year', 'amid', 'campaign', 'aimed', 'improving', 'security', 'society']","['number', 'executions', 'increased', 'dramatically', 'num', 'amid', 'campaign', 'iranian', 'authorities', 'state', 'aimed', 'improving', 'security', 'society']",3.4
"['syria', 'denies', 'undeclared', 'nuclear', 'program']","['syria', 'denies', 'existence', 'undeclared', 'nuclear', 'program']",5.0
"['amnesty', 'international', 'rights', 'group', 'based', 'london']","['international', 'institute', 'strategic', 'studies', 'located', 'london']",1.4
"['number', 'num', 'tabulated', 'afp', 'count', 'compiled', 'press', 'witness', 'reports']","['number', 'executions', 'iran', 'num', 'calculated', 'afp', 'count', 'compiled', 'press', 'reports']",2.2
"['iranian', 'government', 'stated', 'iranian', 'nuclear', 'program', 'remains', 'peaceful']","['iranian', 'government', 'says', 'nuclear', 'program', 'peaceful']",5.0
"['shingarev', 'said', 'difficult', 'make', 'nuclear', 'weapon', 'plutonium', 'fuel']","['donohue', 'said', 'difficult', 'manipulate', 'radioactive', 'isotopes', 'without', 'leaving', 'trail']",0.6000000000000001
"['paris', 'capital', 'france']","['lima', 'capital']",0.6000000000000001
"['indian', 'government', 'official', 'spoke', 'condition', 'anonymity']","['official', 'spoke', 'condition', 'anonymity']",3.4
"['russia', 'threatened', 'several', 'times', 'withdraw', 'cfe', 'odds', 'united', 'states', 'us', 'plans', 'install', 'missile', 'defense', 'shield', 'eastern']","['russia', 'repeatedly', 'threatened', 'withdrawal', 'cfe', 'opposition', 'plans', 'extension', 'us', 'missile', 'defense', 'shield', 'eastern', 'europe']",4.6
"['plan', 'tunisia', 'creation', 'electronic', 'databases', 'facilitate', 'tax', 'collection']","['plan', 'nigeria', 'mozambique', 'creation', 'electronic', 'database', 'real', 'estate']",1.8
"['china', 'praised', 'international', 'community', 'efforts', 'resolve', 'korean', 'peninsula', 'nuclear', 'issue']","['china', 'praised', 'especially', 'asiapacific', 'states', 'efforts', 'resolve', 'korean', 'peninsula', 'nuclear', 'issue']",4.2
"['russian', 'foreign', 'ministry', 'stated', 'russia', 'suspended', 'dialogue']","['russian', 'officials', 'stated', 'russia', 'reconsider', 'suspension']",2.6
"['arms', 'smugglers', 'drug', 'cartels', 'must', 'eliminated', 'southeast', 'asia']","['arms', 'smugglers', 'drug', 'cartels', 'abet', 'terrorists']",2.8
"['new', 'law', 'attempts', 'remove', 'legal', 'obstacles', 'building', 'advanced', 'spy', 'satellites', 'help', 'innovation', 'japanss', 'space', 'industry']","['purpose', 'new', 'law', 'remove', 'legal', 'obstacles', 'building', 'advanced', 'spy', 'satellites', 'encourage', 'innovation', 'japanss', 'space', 'industry']",4.8
"['zhang', 'stated', 'china', 'opposes', 'restricting', 'peaceful', 'use', 'nuclear', 'energy', 'nonnuclearweapon', 'states', 'basis', 'nonproliferation', 'peaceful', 'use', 'nuclear', 'energy', 'crucial', 'objective', 'npt']","['zhang', 'yan', 'stated', 'china', 'opposes', 'using', 'nonproliferation', 'pretext', 'restricting', 'depriving', 'nonnuclearweapon', 'states', 'right', 'peaceful', 'use', 'nuclear', 'energy']",4.4
"['nonproliferation', 'expert', 'international', 'institute', 'strategic', 'studies', 'mark', 'fitzpatrick', 'stated', 'iaea', 'report', 'unusually', 'strong', 'tenor']","['senior', 'fellow', 'international', 'institute', 'strategic', 'studies', 'mark', 'fitzpatrick', 'stated', 'international', 'atomic', 'energy', 'agency', 'plan', 'superficial']",4.0
"['treaty', 'limits', 'number', 'aircraft', 'tanks', 'nonnuclear', 'heavy', 'weapons', 'around', 'europe']","['conventional', 'forces', 'europe', 'treaty', 'limits', 'number', 'military', 'aircraft', 'tanks', 'nonnuclear', 'heavy', 'weapons', 'europe']",4.2
"['estonian', 'officials', 'stated', 'cyber', 'attacks', 'caused', 'estonian', 'government', 'websites', 'shut', 'temporarily', 'came', 'computers', 'administration', 'russia', 'including', 'office', 'president', 'vladimir', 'putin']","['officials', 'estonia', 'including', 'prime', 'minister', 'andrus', 'ansip', 'claimed', 'cyber', 'attacks', 'came', 'russian', 'government', 'computers', 'including', 'computers', 'office', 'russian', 'president', 'vladimir', 'putin']",3.8
"['britain', 'struck', 'agreement', 'supply', 'saudi', 'arabia', 'typhoon', 'jets', 'deal', 'worth', 'estimated', 'num', 'billion', 'pounds', 'num', 'billion', 'us', 'dollars']","['uk', 'agreed', 'supply', 'saudi', 'arabia', 'typhoon', 'jets', 'deal', 'worth', 'estimated', 'num', 'billion', 'pounds', 'approximately', 'num', 'billion', 'us', 'dollars', 'uk', 'defense', 'company', 'bae', 'systems']",3.2
"['opium', 'raw', 'ingredient', 'heroin']","['poppies', 'yielded', 'raw', 'ingredient', 'heroin']",3.4
"['wi', 'sunglac', 'refused', 'give', 'details', 'north', 'korean', 'nuclear', 'reactor', 'project']","['south', 'korea', 'far', 'taken', 'cautious', 'stance', 'issue', 'north', 'korean', 'nuclear', 'reactor', 'project']",3.0
"['agreement', 'aimed', 'establish', 'wider', 'cooperation', 'covering', 'national', 'security', 'fight', 'global', 'terrorism']","['statement', 'british', 'ministry', 'defense', 'stated', 'agreement', 'aims', 'establish', 'wider', 'cooperation', 'covering', 'national', 'security', 'fight', 'global', 'terrorism']",3.4
"['many', 'executed', 'iran', 'hanged', 'public']","['many', 'people', 'executed', 'hanged', 'public']",3.4
"['united', 'states', 'allies', 'united', 'states', 'believe', 'iran', 'pursuing', 'nuclear', 'arms']","['united', 'states', 'european', 'nations', 'believe', 'irans', 'nuclear', 'projects', 'purpose', 'making', 'nuclear', 'weapons']",3.8
"['cfe', 'important', 'european', 'security']","['cfe', 'cornerstone', 'european', 'security']",5.0
"['indian', 'troops', 'already', 'fighting', 'rebels', 'kashmir', 'engaged', 'massive', 'campaign', 'destroy', 'poppy', 'crops', 'region']","['indian', 'troops', 'already', 'fighting', 'rebels', 'also', 'engaged', 'massive', 'operation', 'destroy', 'poppy', 'crops', 'kashmir']",5.0
"['matter', 'delicate']","['iaea', 'report', 'restricted']",0.0
"['last', 'week', 'russia', 'announced', 'suspend', 'participation', 'cfe']","['nato', 'regrets', 'russias', 'decision', 'suspend', 'participation', 'cfe']",2.4
"['us', 'western', 'nations', 'nato', 'condemned', 'violence']","['us', 'western', 'nations', 'nato', 'demanded', 'ceasefire']",3.6
"['indian', 'nationals', 'constitute', 'largest', 'number', 'foreign', 'inmates', 'nepal', 'prisons']","['drug', 'traffickers', 'foreign', 'countries', 'constitute', 'largest', 'percentage', 'foreign', 'inmates', 'nepal']",2.0
"['judicial', 'order', 'accused', 'raghad', 'funding', 'terrorism']","['court', 'accused', 'raghad', 'saddam', 'hussein', 'funding', 'terrorism']",4.2
"['myanmars', 'military', 'rulers', 'burned', 'approximately', 'num', 'million', 'dollars', 'worth', 'illegal', 'drugs', 'mark', 'international', 'day', 'drug', 'abuse', 'illicit', 'trafficking']","['myanmars', 'military', 'rulers', 'incinerated', 'drugs', 'mark', 'international', 'day', 'drug', 'abuse', 'illicit', 'trafficking']",3.75
"['iranian', 'officials', 'increased', 'executions', 'num', 'officials', 'enforce', 'campaign', 'purportedly', 'aimed', 'promoting', 'virtue', 'boosting', 'security', 'society']","['number', 'executions', 'increased', 'iran', 'last', 'year', 'amid', 'campaign', 'aimed', 'improving', 'security', 'society']",4.0
"['india', 'accuses', 'islamabad', 'funding', 'training', 'guerrillas']","['india', 'accuses', 'pakistan', 'funding', 'training', 'crossborder', 'guerrillas']",3.0
"['ensuing', 'battle', 'airstrikes', 'killed', 'least', 'num', 'militants']","['ensuing', 'battle', 'killed', 'least', 'num', 'militants']",3.6
"['panamanian', 'foreign', 'ministry', 'communique', 'stated', 'task', 'force', 'facilitate', 'technological', 'transfer', 'promote', 'biofuel', 'production', 'consumption']","['panamanian', 'foreign', 'ministry', 'communique', 'stated', 'panama', 'brazil', 'signed', 'num', 'juridicalissue', 'treaties', 'included', 'extradition']",1.8
"['vietnam', 'among', 'worlds', 'harshest', 'drug', 'laws']","['vietnams', 'drug', 'laws', 'among', 'worlds', 'strictest', 'laws']",4.8
"['indian', 'government', 'prohibited', 'direct', 'indirect', 'export', 'import', 'items', 'materials', 'goods', 'technology', 'could', 'contribute', 'irans', 'enrichmentrelated', 'reprocessing', 'heavy', 'waterrelated', 'activities']","['india', 'prohibited', 'direct', 'indirect', 'export', 'import', 'items', 'materials', 'goods', 'technology', 'could', 'contribute', 'irans', 'nuclear', 'weapons', 'delivery', 'systems']",3.2
"['vietnam', 'news', 'agency', 'reported', 'ministry', 'public', 'security', 'stated', 'foreigners', 'involved', 'drug', 'trafficking', 'cases', 'vietnam', 'came', 'mostly', 'laos', 'cambodia', 'australia', 'china', 'united', 'states', 'taiwan']","['vietnam', 'news', 'agency', 'reported', 'ministry', 'public', 'security', 'stated', 'police', 'admitted', 'drug', 'trafficking', 'vietnam', 'increasing', 'actions', 'prevent', 'stop', 'drug', 'trafficking', 'along', 'borders', 'remained', 'limited']",3.8
"['saferworld', 'team', 'leader', 'transfer', 'controls', 'small', 'arms', 'roy', 'isbister', 'stated', 'eu', 'embargo', 'prohibits', 'direct', 'indirect', 'supply', 'military', 'equipment', 'use', 'myanmar']","['saferworld', 'team', 'leader', 'transfer', 'controls', 'small', 'arms', 'roy', 'isbister', 'stated', 'eu', 'embargo', 'explicitly', 'states', 'military', 'equipment', 'supplied', 'either', 'directly', 'indirectly', 'use', 'myanmar']",5.0
"['united', 'states', 'nato', 'members', 'refused', 'ratify', 'amended', 'treaty']","['united', 'states', 'nato', 'members', 'refused', 'ratify', 'updates', 'cfe']",3.2
"['cfe', 'limits', 'use', 'armed', 'forces', 'heavy', 'weaponry', 'prescribes', 'measures', 'aimed', 'confidencebuilding', 'transparency', 'cooperation', 'member', 'states']","['treaty', 'limits', 'deployments', 'tanks', 'troops', 'nato', 'former', 'easter', 'european', 'warsaw', 'pact', 'countries', 'establishes', 'confidencebuilding', 'transparency', 'cooperation', 'measures', 'member']",3.8
"['bulgaria', 'located', 'southeastern', 'part', 'balkan', 'peninsula']","['drugtrafficking', 'activity', 'rampant', 'southeastern', 'part', 'balkan', 'peninsula']",1.0
"['elbaradei', 'stated', 'last', 'chance', 'build', 'security', 'middle', 'east', 'based', 'trust', 'cooperation', 'possession', 'nuclear', 'weapons']","['last', 'chance', 'build', 'security', 'middle', 'east', 'based', 'trust', 'cooperation', 'rather', 'possession', 'nuclear', 'arms']",4.0
"['iranian', 'government', 'dismissed', 'allegations', 'intelligence', 'presented', 'international', 'atomic', 'energy', 'agency', 'board', 'baseless', 'intelligence', 'used', 'support', 'allegations', 'fake']","['international', 'atomic', 'energy', 'agency', 'insists', 'iranian', 'governments', 'simple', 'denials', 'intelligence', 'presented', 'international', 'atomic', 'energy', 'agency', 'board', 'good', 'enough', 'allay', 'western', 'countries', 'suspicions']",2.2
"['cfe', 'treaty', 'established', 'num']","['treat', 'originally', 'signed', 'num']",3.2
"['conventional', 'forces', 'europe', 'treaty', 'considered', 'key', 'arms', 'control', 'treaty']","['conventional', 'forces', 'europe', 'treaty', 'key', 'sovietera', 'arms', 'control', 'treaty']",4.0
"['nicaragua', 'commemorated', 'numth', 'anniversary', 'sandinista', 'revolution', 'toppled', 'dictatorship', 'anastasio', 'somoza', 'imposed', 'cubanstyle', 'leftist', 'regime']","['nicaragua', 'commemorated', 'numth', 'anniversary', 'sandinista', 'revolution']",3.8
"['num', 'kurds', 'turkey', 'arrested', 'near', 'paris', 'suspicion', 'moneylaundering', 'kurdistan', 'workers', 'party', 'pkk']","['num', 'kurds', 'investigation', 'france', 'suspicion', 'moneylaundering', 'terrorist', 'organization', 'known', 'kurdistan', 'workers', 'party', 'pkk']",2.6
"['meetings', 'lasted', 'num', 'days']","['osce', 'meeting', 'lasted', 'two', 'days']",3.4
"['villagers', 'inadvertently', 'involving', 'drug', 'trafficking']","['num', 'inmates', 'serving', 'sentences', 'drug', 'trafficking']",1.4
"['russian', 'government', 'strongly', 'opposes', 'us', 'plans', 'install', 'antimissile', 'defenses', 'europe', 'dismisses', 'us', 'assertions', 'interceptors', 'needed', 'defend', 'threats', 'iran']","['talks', 'nato', 'headquarters', 'baluyevsky', 'repeated', 'russias', 'opposition', 'us', 'plans', 'install', 'antimissile', 'defenses', 'europe', 'dismissed', 'us', 'assertions', 'interceptors', 'needed', 'defend', 'potential', 'threats', 'iran']",3.2
"['hong', 'kong', 'universities', 'collaborate', 'universities', 'businesses', 'government', 'sectors', 'mainland', 'china', 'coordinate', 'training', 'programs', 'research', 'centers', 'promote', 'hightech', 'research', 'commercialization', 'technology', 'transfer']","['hong', 'kong', 'universities', 'collaborated', 'tertiary', 'education', 'business', 'government', 'sectors', 'mainland', 'china', 'direct', 'training', 'programs', 'research', 'centers', 'promote', 'research', 'commercialization', 'technology', 'transfer']",5.0
"['chinese', 'government', 'gave', 'active', 'cooperation', 'assistance', 'organization', 'prohibition', 'chemical', 'weapons', 'inspections']","['ecuadorian', 'foreign', 'ministry', 'said', 'statement', 'delegates', 'organization', 'prohibition', 'chemical', 'weapons', 'opaq', 'also', 'take', 'part', 'meeting']",1.0
"['mexican', 'government', 'adopted', 'series', 'measures', 'drug', 'trafficking', 'organized', 'crime', 'within', 'mexico', 'since', 'num']","['since', 'num', 'mexico', 'adopted', 'series', 'measures', 'drug', 'trafficking', 'organized', 'crimes']",5.0
"['statement', 'specify', 'quantity', 'warheads', 'missile', 'capable', 'carrying']","['statement', 'specify', 'many', 'warheads', 'missile', 'carry']",5.0
"['serious', 'threat', 'international', 'security']","['presents', 'major', 'threat', 'global', 'security']",4.2
"['nicaragua', 'commemorated', 'numth', 'anniversary', 'sandinista', 'revolution']","['nicaragua', 'reconciled', 'approach', 'anniversary', 'sandinista', 'revolution']",2.4
"['russian', 'president', 'vladimir', 'putin', 'states', 'decision', 'cease', 'implementation', 'conventional', 'forces', 'europe', 'treaty', 'response', 'us', 'plans', 'establish', 'missile', 'defense', 'sites', 'eastern', 'europe', 'natos', 'failure', 'ratify', 'amended', 'version', 'treaty']","['russian', 'president', 'vladimir', 'putin', 'states', 'decision', 'response', 'us', 'plans', 'establish', 'missile', 'defense', 'sites', 'eastern', 'europe', 'natos', 'failure', 'ratify', 'amended', 'version', 'treaty']",4.2
"['dutch', 'national', 'research', 'institute', 'tno', 'carried', 'chemical', 'weapons', 'experiments', 'dutch', 'defense', 'ministry', 'nums']","['hpdetijd', 'journalist', 'learned', 'tnos', 'chemical', 'weapons', 'experiments', 'defense', 'ministrys', 'archives']",2.6
"['report', 'issued', 'security', 'software', 'vendor', 'mcafee', 'inc', 'said', 'governmentaffiliated', 'hackers', 'china', 'forefront', 'brewing', 'cyber', 'cold', 'war']","['governmentaffiliated', 'hackers', 'china', 'forefront', 'burgeoning', 'cyber', 'cold', 'war']",3.4
"['treaty', 'limits', 'number', 'aircraft', 'tanks', 'nonnuclear', 'heavy', 'weapons', 'around', 'europe', 'first', 'signed', 'num']","['treaty', 'limits', 'number', 'aircraft', 'tanks', 'nonnuclear', 'heavy', 'weapons', 'around', 'europe']",3.6
"['many', 'attacks', 'originated', 'abroad']","['estonian', 'officials', 'stated', 'attacks', 'originated', 'russia']",1.8
"['police', 'arrested', 'num', 'honduran', 'drug', 'trafficking', 'suspects']","['bulgarian', 'police', 'arrest', 'head', 'drug', 'trafficking', 'group']",1.4
"['japan', 'rises', 'occasion', 'japan', 'never', 'beaten', 'even', 'terms', 'military', 'power']","['ozawa', 'said', 'japan', 'rises', 'occasion', 'japan', 'never', 'beaten', 'even', 'terms', 'military', 'power']",3.6
"['egypt', 'jordan', 'signed', 'nuclear', 'nonproliferation', 'treaty', 'long', 'called', 'middle', 'east', 'free', 'weapons', 'mass', 'destruction']","['syria', 'signed', 'nuclear', 'nonproliferation', 'treaty', 'allowed', 'agency', 'experts', 'inspect', 'known', 'nuclear', 'facility']",4.0
"['russia', 'already', 'participates', 'european', 'space', 'agencys']","['france', 'leader', 'european', 'space', 'agency']",1.2
"['myanmar', 'military', 'state']","['myanmar', 'military', 'junta']",3.0
"['say', 'men', 'hanged', 'prison']","['dozens', 'criminals', 'hanged', 'public']",1.8
"['amnesty', 'internationals', 'report', 'compiled', 'european', 'international', 'nongovernmental', 'organizations', 'saferworld', 'opposes', 'armed', 'violence']","['amnesty', 'international', 'report', 'compiled', 'european', 'international', 'nongovernmental', 'forums']",3.2
"['institute', 'public', 'policy', 'research', 'report', 'said', 'num', 'weak', 'states', 'pose', 'threat', 'britains', 'national', 'security', 'states', 'could', 'provide', 'bases', 'terrorists']","['report', 'said', 'num', 'weak', 'states', 'pose', 'threat', 'britains', 'national', 'security', 'states', 'could', 'provide', 'bases', 'terrorists']",4.2
"['iranian', 'government', 'denied', 'accusation', 'insists', 'nuclear', 'program', 'peaceful', 'purposes']","['iran', 'insists', 'nuclear', 'program', 'peaceful', 'purposes']",4.0
"['proliferation', 'security', 'initiative', 'calls', 'stopping', 'searching', 'ships', 'suspected', 'carrying', 'weapons', 'mass', 'destruction']","['members', 'proliferation', 'security', 'initiative', 'considering', 'ways', 'intercepting', 'ships', 'aircraft', 'suspected', 'carrying', 'weapons', 'mass', 'destruction']",3.2
"['international', 'community', 'modernize', 'seek', 'fair', 'reasonable', 'effective', 'way', 'enhance', 'nuclear', 'nonproliferation', 'regime', 'extensive', 'consultations']","['third', 'proposal', 'countries', 'advance', 'times', 'seek', 'fair', 'reasonable', 'effective', 'way', 'enhance', 'nuclear', 'nonproliferation', 'regime', 'broad', 'consultation']",3.4
"['amnesty', 'international', 'published', 'report', 'stating', 'indian', 'project', 'sell', 'attack', 'helicopters', 'myanmar', 'threatens', 'european', 'union', 'arms', 'embargo', 'myanmar']","['amnesty', 'international', 'report', 'titled', 'indian', 'helicopters', 'myanmar', 'making', 'mockery', 'eu', 'arms', 'embargo']",3.8
"['naeem', 'smuggled', 'num', 'kilograms', 'num', 'pounds', 'heroin']","['defendants', 'smuggled', 'num', 'kilograms', 'num', 'pounds', 'heroin']",2.4
"['num', 'people', 'convicted', 'quang', 'ninh', 'peoples', 'court', 'participating', 'drug', 'ring', 'trafficked', 'heroin', 'vietnam', 'china']","['court', 'official', 'tran', 'dao', 'stated', 'num', 'people', 'among', 'num', 'people', 'convicted', 'quang', 'ninh', 'peoples', 'court', 'participating', 'drug', 'ring', 'trafficked', 'heroin', 'vietnam', 'china']",3.4
"['lawyer', 'michael', 'karras', 'named', 'ss', 'dhillon', 'could', 'reached', 'comment']","['durban', 'port', 'authorities', 'police', 'explosives', 'inspectors', 'could', 'reached', 'comment']",2.0
"['countries', 'oppose', 'weaponization', 'space', 'arms', 'race', 'space']","['china', 'stressed', 'opposition', 'weaponization', 'arms', 'race', 'outer', 'space']",3.2
"['france', 'belgium', 'germany', 'sweden', 'italy', 'britain', 'provide', 'parts', 'technology', 'advanced', 'light', 'helicopter', 'alh']","['france', 'belgium', 'germany', 'sweden', 'italy', 'britain', 'provide', 'parts', 'technology', 'advanced', 'light', 'helicopter', 'india', 'plans', 'sell', 'myanmar']",3.4
"['illegal', 'arms', 'trafficking', 'increases', 'kenya', 'due', 'easy', 'availability', 'neighboring', 'conflicts']","['illegal', 'arms', 'trafficking', 'increased', 'kenya', 'raised', 'concern', 'security']",3.2
"['nr', 'mohanty', 'stated', 'agreement', 'signed', 'defense', 'research', 'development', 'organisation', 'hindustan', 'aeronautics', 'limited', 'indian', 'air', 'force', 'upgrade', 'indias', 'ageing', 'fleet', 'mignum', 'aircraft']","['mohanty', 'stated', 'upgrade', 'done', 'soon', 'almost', 'finalised', 'defense', 'research', 'development', 'organisation', 'hindustan', 'aeronautics', 'limited', 'indian', 'air', 'force']",3.4
"['elbaradei', 'states', 'middle', 'east', 'peace', 'deal', 'reached', 'parallel', 'security', 'agreement', 'based', 'eradicating', 'weapons', 'mass', 'destruction', 'region']","['elbaradei', 'quoted', 'saying', 'peace', 'deal', 'israel', 'arab', 'neighbors', 'must', 'reached', 'parallel', 'security', 'agreement', 'based', 'eradicating', 'weapons', 'mass', 'destruction', 'region']",4.6
"['drug', 'traffickers', 'face', 'death', 'penalty', 'tajik', 'law']","['afghan', 'drug', 'trafficker', 'caught', 'tajikistan']",1.6
"['international', 'atomic', 'energy', 'association', 'united', 'nations', 'watchdog']","['international', 'atomic', 'energy', 'agency', 'uns', 'nuclear', 'watchdog']",5.0
"['wen', 'states', 'main', 'purpose', 'germany', 'visit', 'advance', 'trade', 'economic', 'technological', 'exchanges']","['wen', 'stated', 'purpose', 'visit', 'germany', 'advance', 'trade', 'economic', 'technological', 'exchanges']",4.8
"['united', 'states', 'officials', 'know', 'far', 'north', 'koreas', 'nuclear', 'weapons', 'program', 'progressed']","['hill', 'head', 'american', 'negotiator', 'north', 'koreas', 'nuclear', 'weapons', 'program']",1.2
"['num', 'police', 'officers', 'killed', 'num', 'officers', 'wounded']","['clash', 'num', 'seven', 'police', 'officers', 'killed', 'num', 'seriously', 'wounded']",4.6
"['defense', 'chiefs', 'estonia', 'latvia', 'lithuania', 'germany', 'italy', 'spain', 'slovakia', 'sign', 'agreement', 'provide', 'staff', 'funding', 'center']","['defense', 'chiefs', 'estonia', 'latvia', 'lithuania', 'germany', 'italy', 'spain', 'slovakia', 'signed', 'agreement']",2.8
"['bill', 'proposing', 'new', 'law', 'allowing', 'use', 'space', 'programs', 'defense', 'already', 'approved', 'lower', 'house', 'japans', 'government', 'last', 'week']","['bill', 'new', 'law', 'already', 'approved', 'japanese', 'governments', 'lower', 'house', 'last', 'week']",3.4
"['van', 'der', 'merwe', 'sentenced', 'geiges', 'total', 'num', 'years', 'imprisonment']","['van', 'der', 'merwe', 'suspended', 'geiges', 'sentence', 'num', 'years', 'imprisonment']",2.6
"['zahedan', 'city', 'southeastern']","['bam', 'city', 'southeastern']",1.8
"['president', 'putin', 'stated', 'russia', 'would', 'take', 'countermeasures']","['putin', 'warned', 'russia', 'would', 'take', 'retaliatory', 'actions']",4.4
"['china', 'far', 'balked', 'united', 'states', 'pressure', 'china', 'stop', 'search', 'north', 'korean', 'ships']","['china', 'stated', 'united', 'states', 'pressure', 'china', 'stop', 'search', 'north', 'korean', 'ships', 'could', 'trigger', 'military', 'clashes']",4.0
"['brazils', 'strategic', 'affairs', 'minister', 'roberto', 'mangabeira', 'unger', 'stated', 'brazils', 'new', 'national', 'defense', 'plan', 'calls', 'establishing', 'partnerships', 'countries', 'including', 'russia', 'france', 'build', 'stateoftheart', 'weapons', 'industry']","['unger', 'stated', 'brazils', 'new', 'national', 'defense', 'plan', 'calls', 'establishing', 'partnerships', 'countries', 'including', 'russia', 'france', 'build', 'stateoftheart', 'weapons', 'industry']",3.8
"['accused', 'charged', 'international', 'drug', 'trafficking']","['accused', 'also', 'charged', 'money', 'laundering', 'tax', 'evasion', 'corruption']",1.6
"['variants', 'advanced', 'light', 'helicopter', 'alh', 'contain', 'rocket', 'launchers', 'belgium', 'rockets', 'guns', 'engines', 'france', 'brake', 'systems', 'italy', 'fuel', 'tanks', 'gearboxes', 'britain', 'selfprotection', 'equipment', 'swedish', 'company', 'received', 'crucial', 'design', 'development', 'engine', 'control', 'manufacturing', 'german', 'companies']","['alhs', 'arsenal', 'includes', 'rocket', 'launchers', 'belgium', 'rockets', 'guns', 'engines', 'france', 'brake', 'systems', 'italy', 'fuel', 'tanks', 'gearboxes', 'britain', 'selfprotection', 'equipment', 'swedish', 'company']",3.6
"['indian', 'defense', 'ministry', 'increased', 'spending', 'defense', 'purchases']","['indian', 'defense', 'ministry', 'increased', 'defense', 'spending', 'new', 'purchases', 'num', 'percent']",3.6
"['iaea', 'report', 'restricted']","['killers', 'escaped']",0.0
"['conventional', 'forces', 'europe', 'treaty', 'signed', 'russian', 'nato', 'members', 'num']","['conventional', 'forces', 'europe', 'treaty', 'amended', 'num']",2.2
"['sheik', 'doon', 'salad', 'ilmi', 'said', 'civilian', 'casualties', 'resulting', 'overnight', 'mortar', 'rocket', 'attacks', 'happen', 'every', 'day']","['sheik', 'doon', 'salad', 'ilmi', 'stated', 'civilian', 'casualties', 'resulting', 'overnight', 'mortar', 'rocket', 'attacks', 'admitted', 'hospital', 'nearly', 'every', 'day']",3.6
"['south', 'african', 'government', 'maintains', 'good', 'relations', 'united', 'states', 'government']","['cfe', 'num', 'several', 'issues', 'negatively', 'impacting', 'russias', 'relations', 'united', 'states', 'europe']",1.2
"['nuclear', 'weapon', 'systems', 'high', 'level', 'readiness', 'increase', 'risk', 'weapons', 'used', 'including', 'unintentionally', 'catastrophic', 'consequences']","['resolution', 'says', 'high', 'level', 'readiness', 'increases', 'risk', 'use', 'weapons', 'unintentional', 'accidental', 'use', 'would', 'catastrophic', 'consequences']",4.2
"['blix', 'stated', 'essential', 'increase', 'efforts', 'eliminate', 'nuclear', 'arms', 'weapons', 'mass', 'destruction']","['blix', 'visiting', 'new', 'zealand', 'said', 'essential', 'greater', 'efforts', 'made', 'eliminate', 'nuclear', 'arms', 'weapons', 'mass', 'destruction']",3.4
"['helmand', 'province', 'worlds', 'largest', 'producer', 'opium']","['areva', 'group', 'worlds', 'largest', 'nuclear', 'engineering', 'firm']",0.0
"['afghanistaniran', 'border', 'region', 'scene', 'frequent', 'clashes', 'police', 'drug', 'smugglers']","['area', 'near', 'town', 'mirjaveh', 'scene', 'frequent', 'conflicts', 'iranian', 'police', 'drug', 'smugglers']",3.8
"['physicist', 'danilov', 'convicted', 'selling', 'classified', 'information', 'space', 'technology', 'china']","['physicist', 'valentin', 'danilov', 'found', 'guilty', 'selling', 'classified', 'information', 'space', 'technology', 'china']",4.4
"['myanmar', 'worlds', 'largest', 'producer', 'illegal', 'opium', 'limited', 'financial', 'technical', 'resources', 'ending', 'drug', 'trade']","['myanmar', 'worlds', 'largest', 'producer', 'illicit', 'opium', 'according', 'latest', 'us', 'state', 'department', 'antinarcotics', 'report']",3.4
"['abductee', 'support', 'group', 'hopes', 'parliament', 'change', 'laws', 'soon']","['abductee', 'support', 'group', 'use', 'survey', 'press', 'parliament', 'pass', 'new', 'laws']",3.0
"['santos', 'stated', 'colombian', 'police', 'found', 'evidence', 'num', 'computers', 'discovered', 'slain', 'rebel', 'leader', 'raul', 'reyes']","['francisco', 'santos', 'stated', 'colombian', 'police', 'found', 'evidence', 'two', 'computers', 'discovered', 'raul', 'reyes']",4.0
"['quy', 'doan', 'spokesman', 'vietnamese', 'ministry', 'culture', 'information']","['grenell', 'spokesman', 'us', 'mission', 'united', 'nations']",0.8
"['siemens', 'spokesman', 'germany', 'stated', 'heinrich', 'von', 'pierer', 'stated', 'siemens', 'beginning', 'talks', 'interested', 'chinese', 'parties', 'sale', 'plutoniumprocessing', 'facility']","['siemens', 'spokesman', 'germany', 'stated', 'heinrich', 'von', 'pierer', 'stated', 'gerhard', 'schroeder', 'stated', 'gerhard', 'schroeder', 'sale', 'plutoniumprocessing', 'facility', 'principle']",4.0
"['vietnam', 'among', 'worlds', 'strictest', 'drug', 'laws']","['vietnams', 'drug', 'laws', 'among', 'worlds', 'strictest', 'laws']",5.0
"['government', 'initiatives', 'disarm', 'ineffective']","['governance', 'institutions', 'ineffective', 'long', 'time', 'somalia']",1.0
"['putin', 'stated', 'russian', 'government', 'could', 'withdraw', 'treaty', 'altogether', 'western', 'nations', 'refuse', 'ratify', 'amended', 'treaty']","['putin', 'stated', 'russia', 'could', 'discard', 'treaty', 'entirely', 'western', 'nations', 'refuse', 'ratify', 'amended', 'version']",5.0
"['russia', 'ratified', 'amended', 'version', 'treaty']","['russia', 'ratified', 'amended', 'treaty']",5.0
"['osce', 'discussed', 'possible', 'extension', 'osces', 'mission', 'kosovo']","['osce', 'discussed', 'kazakhstans', 'bid', 'hold', 'osce', 'presidency', 'num']",2.2
"['elbaradei', 'international', 'atomic', 'energy', 'agency', 'chief']","['mohammed', 'elbarade', 'international', 'atomic', 'energy', 'agencys', 'director', 'general']",4.8
"['nuclear', 'nonproliferation', 'treaty', 'num', 'years', 'old']","['nuclear', 'nonproliferation', 'treaty', 'reviewed', 'every', 'num', 'years']",1.8
"['chinese', 'foreign', 'ministry', 'spokeswoman', 'jiang', 'yu', 'stated', 'cyber', 'hacking', 'global', 'issue']","['chinese', 'foreign', 'ministry', 'spokesman', 'qin', 'gang', 'asked', 'respond', 'cheneys', 'speech', 'chinas', 'military', 'development']",2.2
"['plant', 'constructed', 'next', 'existing', 'plant', 'projected', 'operational', 'num', 'years']","['plant', 'constructed', 'next', 'existing', 'plant', 'also', 'supplied', 'china', 'operational', 'since', 'num']",2.6
"['cyber', 'attacks', 'considered', 'growing', 'threat', 'military', 'civilian', 'computer', 'networks']","['nato', 'considers', 'cyber', 'attacks', 'growing', 'threat', 'military', 'civilian', 'computer', 'networks']",4.4
"['india', 'blames', 'foreign', 'militants', 'part', 'propaganda', 'mislead', 'international', 'community']","['abe', 'urged', 'assertive', 'foreign', 'policy', 'japan', 'international', 'community']",1.2
"['riyadhbased', 'naif', 'arab', 'academy', 'security', 'sciences', 'said', 'statement', 'running', 'twoweek', 'workshop', 'num', 'antiterrorism', 'experts']","['statement', 'naif', 'arab', 'academy', 'security', 'sciences', 'announced', 'sponsor', 'numweek', 'workshop', 'num', 'antiterrorism', 'experts']",4.8
"['num', 'percent', 'liberal', 'democratic', 'party', 'supports', 'economic', 'sanctions']","['num', 'percent', 'opposition', 'democratic', 'party', 'supports', 'economic', 'sanctions']",3.8
"['sharia', 'islamic', 'law']","['iran', 'islamic', 'republic']",1.2
"['number', 'suspected', 'islamic', 'militants', 'alleged', 'alqaida', 'links', 'arrested', 'malaysia', 'singapore', 'officials', 'stated', 'militants', 'network', 'extends', 'indonesia']","['suspected', 'islamic', 'militants', 'alleged', 'alqaida', 'links', 'arrested', 'malaysia', 'singapore']",3.0
"['september', 'num', 'jordan', 'signed', 'accord', 'united', 'states', 'aimed', 'supporting', 'peaceful', 'development', 'jordans', 'nascent', 'nuclear', 'program']","['september', 'num', 'united', 'states', 'signed', 'accord', 'jordan', 'aimed', 'supporting', 'peaceful', 'development', 'jodrans', 'new', 'nuclear', 'program']",4.6
"['according', 'statement', 'rsnum', 'reinforces', 'military', 'potential', 'strategic', 'forces', 'overcome', 'antimissile', 'defense', 'systems']","['according', 'statement', 'prototype', 'rsnum', 'rocket', 'unlike', 'topolm', 'equipped', 'multiple', 'independently', 'targetable', 'warheads', 'overwhelm', 'defense', 'systems']",3.2
"['naeem', 'hanged', 'zabol', 'sistanbaluchestan', 'province']","['zahedan', 'capital', 'sistanbaluchestan', 'province']",0.2
"['iran', 'lies', 'major', 'drug', 'route', 'afghanistan', 'europe', 'persian', 'gulf', 'states']","['iran', 'lies', 'major', 'drug', 'trafficking', 'route', 'afghanistan', 'europe', 'well', 'persian', 'gulf', 'states']",4.8
"['hosted', 'australian', 'government']","['us', 'plans', 'angered', 'russian', 'government']",0.0
"['num', 'permanent', 'united', 'nations', 'security', 'council', 'members', 'britain', 'china', 'france', 'russia', 'united', 'states']","['pnum', 'members', 'britain', 'china', 'france', 'russia', 'germany', 'united', 'states']",3.6
"['july', 'num', 'jordanian', 'prime', 'minister', 'maaruf', 'bakhit', 'stated', 'raghdad', 'hussein', 'family', 'living', 'protection', 'king', 'abdullah', 'ii']","['jordanian', 'prime', 'minister', 'maaruf', 'bakhit', 'said', 'july', 'num', 'raghdad', 'hussein', 'family', 'living', 'protection', 'king', 'abdullah', 'ii', 'iraq', 'issued']",4.2
"['siemens', 'spokesman', 'germany', 'stated', 'agence', 'francepresse', 'siemens', 'confident', 'outcome', 'talks', 'sell', 'plutoniumprocessing', 'facility']","['siemens', 'spokesman', 'germany', 'refrained', 'commenting', 'political', 'aspect', 'sale', 'plutoniumprocessing', 'facility']",2.6
"['cyber', 'attack', 'occurred', 'french', 'president', 'sarkozys', 'meeting', 'dalai', 'lama', 'angered', 'chinese', 'government']","['cyber', 'attack', 'occurred', 'french', 'president', 'nicolas', 'sarkozys', 'meeting', 'exiled', 'tibetan', 'spiritual', 'leader', 'dalai', 'lama']",3.8
"['south', 'african', 'government', 'imposed', 'ban', 'prohibits', 'recruitment', 'people', 'inside', 'outside', 'south', 'africa', 'mercenary', 'foreign', 'military', 'assistance']","['south', 'africas', 'foreign', 'ministry', 'stated', 'south', 'africas', 'foreign', 'military', 'assistance', 'act', 'prohibits', 'recruitment', 'people', 'inside', 'outside', 'south', 'africa', 'mercenary', 'foreign', 'military', 'assistance']",3.8
"['ukraine', 'almost', 'necessary', 'approvals', 'join', 'european', 'space', 'agencys', 'program']","['france', 'leader', 'european', 'space', 'agency']",1.6
"['north', 'korean', 'government', 'warned', 'south', 'korean', 'government', 'participating', 'proliferation', 'security', 'initiative', 'program']","['north', 'korean', 'government', 'stated', 'south', 'korean', 'government', 'participates', 'proliferation', 'security', 'initiative', 'program', 'would', 'result', 'unspecified', 'catastrophic', 'consequences']",3.2
"['chinas', 'council', 'agriculture', 'opens', 'special', 'office', 'charge', 'agricultural', 'technology', 'transfers', 'intellectual', 'property', 'rights', 'management', 'consultancy', 'enhance', 'development', 'chinas', 'knowledgebased', 'agriculture', 'applications', 'agricultural', 'technology']","['lee', 'stated', 'coa', 'spent', 'past', 'several', 'years', 'setting', 'relevant', 'mechanisms', 'drafting', 'set', 'promotional', 'measures', 'enhance', 'development', 'chinas', 'knowledgebased', 'agriculture', 'applications', 'agricultural', 'technology']",3.2
"['iranian', 'parliamentary', 'speaker', 'gholamali', 'haddadadel', 'visited', 'cuba']","['agreements', 'signed', 'iranian', 'majlis', 'parliament', 'speaker', 'gholamali', 'haddadadels', 'visit', 'cuba']",3.0
"['tibet', 'suspects', 'chinese', 'government', 'creating', 'virus', 'spy', 'tibetan', 'exiles', 'dalai', 'lama']","['tibet', 'suspects', 'chinese', 'government', 'launching', 'attack']",2.6
"['chinese', 'authorities', 'immediately', 'available', 'comment']","['godzhayev', 'godzhayevs', 'lawyers', 'immediately', 'available', 'comment']",1.0
"['european', 'union', 'united', 'states', 'frozen', 'alqadis', 'assets']","['western', 'governments', 'include', 'united', 'states', 'france']",0.4
"['chinese', 'government', 'strengthened', 'chinas', 'antiproliferation', 'capacity', 'recent', 'years']","['chinese', 'government', 'strictly', 'censored', 'chinas', 'chemical', 'imports', 'exports', 'according', 'law', 'recent', 'years']",1.0
"['group', 'representing', 'mainly', 'white', 'south', 'africans', 'called', 'afriforum', 'stated', 'would', 'organize', 'protests', 'along', 'route', 'zimbabwe']","['afriforum', 'stated', 'group', 'would', 'organize', 'protests', 'along', 'route', 'zimbabwe']",4.2
"['putin', 'announced', 'cfe', 'treaty', 'duly', 'protect', 'russias', 'security', 'interests']","['cfe', 'treaty', 'duly', 'protect', 'russian', 'federations', 'security', 'interests']",3.6
"['ahmad', 'fighting', 'extradition', 'united', 'states', 'lodged', 'formal', 'complaint', 'alleging', 'british', 'police', 'concocted', 'intelligence', 'reports', 'implicate', 'ahmad', 'terror', 'activities', 'desecrated', 'koran']","['ahmad', 'lodged', 'formal', 'complaint', 'independent', 'police', 'complaints', 'commission', 'alleging', 'british', 'police', 'concocted', 'intelligence', 'reports', 'implicate', 'ahmad', 'terror', 'activities', 'desecrated', 'ahmads', 'copy', 'islamic', 'holy', 'book', 'koran', 'putting', 'koran', 'floor', 'search', 'ahmads', 'home']",3.4
"['russia', 'ratified', 'amended', 'version', 'united', 'states', 'nato', 'members', 'refused', 'russian', 'government', 'withdraws', 'troops', 'former', 'soviet', 'republics', 'moldova', 'georgia']","['united', 'states', 'nato', 'members', 'refused', 'ratify', 'amended', 'version', 'russia', 'withdraws', 'troops', 'former', 'soviet', 'republics', 'moldova', 'georgia']",3.6
"['part', 'purpose', 'united', 'states', 'plan', 'increase', 'pressure', 'north', 'korea']","['united', 'states', 'allies', 'united', 'states', 'believe', 'iran', 'pursuing', 'nuclear', 'arms']",0.8
"['tskhinvali', 'capital', 'georgia']","['paris', 'capital', 'france']",0.4
"['indian', 'government', 'official', 'stated', 'india', 'attach', 'much', 'credence', 'reports', 'amnesty', 'international']","['one', 'indian', 'government', 'official', 'studied', 'blueprints', 'stated', 'science', 'old', 'dated', 'still', 'functional']",1.4
"['chinas', 'cabinet', 'state', 'council', 'announced', 'amend', 'regulations', 'dualuse', 'nuclear', 'technology', 'prevent', 'nuclear', 'terrorism']","['amending', 'regulations', 'dualuse', 'nuclear', 'technology', 'prevent', 'nuclear', 'terrorism']",2.4
"['japanese', 'prime', 'minister', 'junichiro', 'koizumi', 'said', 'shift', 'rods', 'proactive']","['num', 'japanese', 'prime', 'minister', 'junichiro', 'koizumi', 'attended', 'summit', 'north', 'korea', 'north', 'korean', 'leader', 'kim', 'jong', 'il']",1.2
"['opposition', 'japanese', 'communist', 'party', 'new', 'law', 'feared', 'would', 'lead', 'stronger', 'military']","['opposition', 'japanese', 'communist', 'party', 'bill', 'proposing', 'new', 'law']",3.2
"['asean', 'officials', 'stated', 'standardization', 'would', 'difficult', 'due', 'different', 'countries', 'political', 'systems']","['officials', 'stated', 'task', 'would', 'difficult', 'asean', 'members', 'varied', 'legal', 'political', 'systems']",3.6
"['iraq', 'lobbying', 'security', 'council', 'stop', 'using', 'countrys', 'oil', 'revenue', 'pay', 'compensation', 'victims', 'num', 'gulf', 'war', 'salaries', 'united', 'nations', 'monitoring', 'verification', 'inspection', 'commission', 'inspectors', 'money', 'remaining', 'united', 'nations', 'oilforfood', 'accounts', 'transferred', 'governments', 'development', 'fund']","['iraqs', 'new', 'leaders', 'lobbying', 'united', 'nations', 'security', 'council', 'stop', 'using', 'iraqs', 'oil', 'revenue', 'pay', 'salaries', 'inspectors', 'money', 'remaining', 'united', 'nations', 'oilforfood', 'account', 'transferred', 'iraqi', 'government']",4.0
"['key', 'european', 'arms', 'control', 'treaty', 'must', 'maintained']","['cfe', 'treaty', 'key', 'european', 'arms', 'control', 'treaty']",2.2
"['golden', 'triangle', 'region', 'num', 'worlds', 'biggest', 'producers', 'opium']","['helmand', 'province', 'worlds', 'largest', 'producer', 'opium']",2.6
"['united', 'states', 'dismissed', 'action', 'nuclear', 'blackmail']","['united', 'states', 'said', 'would', 'stand', 'nuclear', 'blackmail', 'ruled', 'negotiations']",2.2
"['meeting', 'num', 'days', 'long']","['meetings', 'lasted', 'num', 'days']",2.8
"['ministers', 'china', 'laos', 'india', 'myanmar', 'thailand', 'also', 'address', 'crop', 'substitution', 'initiatives', 'impoverished', 'ethnic', 'minorities', 'still', 'rely', 'opium', 'cultivation']","['ministers', 'china', 'laos', 'india', 'myanmar', 'thailand', 'discuss', 'find', 'markets', 'goods', 'produced', 'crop', 'substitution', 'related', 'programs', 'ecotourism', 'handicraft', 'manufacturing']",3.6
"['china', 'nuclear', 'power', 'member', 'un', 'security', 'council']","['china', 'permanent', 'member', 'un', 'security']",3.0
"['north', 'korean', 'officials', 'suspected', 'building', 'nuclear', 'weapons']","['north', 'korea', 'currently', 'process', 'dismantling', 'nuclear', 'weapons', 'program']",2.0
"['australian', 'television', 'reporter', 'peter', 'lloyd', 'faces', 'num', 'new', 'drug', 'charges', 'singapore']","['according', 'court', 'documents', 'num', 'july', 'australian', 'television', 'reporter', 'peter', 'lloyd', 'faced', 'num', 'new', 'drug', 'charges', 'singapore']",3.4
"['president', 'vladimir', 'putin', 'signed', 'decree', 'suspending', 'russias', 'participation', 'conventional', 'forces', 'europe', 'treaty']","['russian', 'president', 'vladimir', 'putin', 'signed', 'decree', 'suspending', 'russias', 'participation', 'conventional', 'forces', 'europe', 'treaty', 'due', 'circumstances', 'affect', 'security', 'russian', 'federation', 'require', 'immediate', 'measure']",3.0
"['extradition', 'conditions', 'stipulate', 'tunisian', 'prosecuted', 'single', 'charge', 'falsifying', 'documents', 'italian', 'authorities', 'provide', 'sufficient', 'evidence', 'prosecute']","['spokesman', 'swiss', 'justice', 'ministry', 'folco', 'galli', 'stated', 'extradition', 'conditions', 'stipulate', 'mejri', 'prosecuted', 'single', 'charge', 'falsifying', 'documents', 'italian', 'authorities', 'could', 'provide', 'sufficient', 'evidence', 'prosecute']",2.6
"['attacks', 'believed', 'come', 'russian', 'administration', 'ip', 'addresses', 'response', 'relocation', 'soviet', 'statue', 'estonia']","['attacks', 'occurred', 'dispute', 'governments', 'russia', 'estonia', 'relocation', 'soviet', 'war', 'memorial']",3.0
"['india', 'pakistan', 'remain', 'outside', 'treaty']","['israel', 'remains', 'outside', 'treaty']",2.0
"['china', 'member', 'ballistic', 'missile', 'club']","['russia', 'member', 'quartet', 'middle', 'east']",0.0
"['russia', 'may', 'pull', 'treaty', 'us', 'nato', 'allies', 'refuse', 'ratify', 'amended', 'version']","['warned', 'russia', 'would', 'withdraw', 'treaty', 'western', 'nations', 'refuse', 'ratify', 'amended', 'version']",4.4
"['particularly', 'true', 'poorest', 'countries']","['particularly', 'ethiopia', 'withdraws', 'forces']",0.4
"['iran', 'noticeably', 'increased', 'number', 'executions', 'recent', 'months', 'officials', 'enforce', 'campaign', 'aimed', 'promoting', 'virtue', 'boosting', 'security']","['iranian', 'officials', 'increased', 'executions', 'num', 'officials', 'enforce', 'campaign', 'purportedly', 'aimed', 'promoting', 'virtue', 'boosting', 'security', 'society']",3.6
"['statement', 'issued', 'official', 'spa', 'news', 'agency', 'stated', 'aldosari', 'convicted', 'drug', 'trafficking']","['rapist', 'identified', 'hossein', 'safarlou', 'also', 'convicted', 'drug', 'trafficking']",0.6000000000000001
"['tajikistan', 'uzbekistan', 'share', 'border', 'afghanistan', 'experienced', 'raids', 'talibanbacked', 'islamic', 'militants', 'recent', 'years']","['neighboring', 'kyrgyzstan', 'also', 'experienced', 'raids', 'talibanbacked', 'islamic', 'militants', 'recent', 'years']",1.8
"['russia', 'said', 'system', 'clear', 'threat', 'russian', 'security']","['serious', 'threat', 'international', 'security']",1.8
"['gang', 'engaged', 'illegal', 'activities', 'including', 'racketeering', 'blackmail', 'arms', 'smuggling', 'cigarette', 'smuggling', 'money', 'laundering', 'allegedly', 'used', 'proceeds', 'fund', 'terrorist', 'groups', 'chechnya']","['dans', 'stated', 'gang', 'engaged', 'illegal', 'activities', 'including', 'racketeering', 'blackmail', 'arms', 'smuggling', 'cigarette', 'smuggling', 'money', 'laundering']",3.0
"['state', 'scientific', 'center', 'applied', 'microbiology', 'every', 'kind', 'deadly', 'bacteria', 'studied', 'use', 'secret', 'biological', 'weapons', 'program', 'soviet', 'union']","['state', 'scientific', 'center', 'applied', 'microbiology', 'working', 'western', 'scientists', 'convert', 'complex', 'biomedical', 'manufacturing', 'site']",3.4
"['international', 'atomic', 'energy', 'agency', 'access', 'people', 'documents', 'sites']","['international', 'atomic', 'energy', 'agency', 'based']",1.2
"['book', 'states', 'drug', 'conveys', 'completely', 'positive', 'image']","['official', 'stated', 'complete', 'technology', 'transfer']",0.0
"['num', 'inmates', 'serving', 'sentences', 'murder']","['num', 'inmates', 'serving', 'sentences', 'drug', 'trafficking']",1.4
"['russia', 'fulfilling', 'obligations', 'decreasing', 'forces']","['russias', 'suspension', 'obligations', 'cfe', 'treaty', 'temporary']",2.0
"['executive', 'director', 'arms', 'control', 'association', 'washington', 'daryl', 'kimball', 'stated', 'iaea', 'report', 'num', 'series', 'bad', 'signs']","['executive', 'director', 'arms', 'control', 'association', 'washington', 'daryl', 'kimball', 'stated', 'israeli', 'document', 'could', 'affect', 'debate', 'india']",3.6
"['cfe', 'num', 'several', 'issues', 'negatively', 'impacting', 'russias', 'relations', 'united', 'states', 'europe']","['treaty', 'one', 'several', 'issues', 'causing', 'tense', 'relations', 'governments', 'russia', 'us', 'europe']",4.0
"['korobeynichevs', 'laboratory', 'worked', 'us', 'lawrence', 'livermore', 'national', 'laboratory']","['korobeynichevs', 'laboratory', 'worked', 'scientific', 'institutes']",3.2
"['lugar', 'nunn', 'senators']","['lugar', 'nunn', 'awarded', 'prime', 'minister', 'medal']",1.8
"['officials', 'state', 'decision', 'treaty', 'depend', 'us', 'action', 'plans', 'deploy', 'missile', 'defense', 'systems', 'poland', 'czech', 'republic']","['russian', 'military', 'officials', 'stated', 'decision', 'would', 'depend', 'whether', 'united', 'states', 'proceeds', 'plan', 'deploy', 'missile', 'defense', 'components', 'poland', 'czech', 'republic']",4.0
"['signing', 'agreement', 'peripheral', 'issue', 'meeting', 'chiefs', 'defense', 'staff', 'num', 'ally', 'countries', 'nato']","['agreement', 'signed', 'regular', 'meeting', 'chiefs', 'defense', 'staff', 'num', 'nato', 'allies']",3.0
"['early', 'may', 'num', 'officials', 'philippines', 'malaysia', 'indonesia', 'signed', 'antiterrorism', 'agreement', 'share', 'airline', 'passenger', 'lists', 'intelligence']","['early', 'may', 'num', 'philippines', 'malaysia', 'indonesia', 'signed', 'agreement', 'share', 'terrorism', 'intelligence']",3.6
"['first', 'meeting', 'leaders', 'european', 'union', 'leaders', 'albania', 'bosnia', 'herzegowina', 'croatia', 'macedonia', 'serbia', 'montenegro', 'leaders', 'western', 'balkan', 'countries', 'pledge', 'diminish', 'organized', 'crime', 'corruption', 'balkans', 'meet', 'requirements', 'european', 'union', 'membership']","['leaders', 'albania', 'bosnia', 'herzegowina', 'croatia', 'macedonia', 'serbia', 'montenegro', 'met', 'first', 'time', 'european', 'union', 'leaders', 'pursue', 'joining', 'european', 'union']",3.2
"['resolution', 'requires', 'num', 'united', 'nations', 'member', 'states', 'adopt', 'laws', 'prevent', 'terrorists', 'black', 'marketeers', 'nonstate', 'actors', 'manufacturing', 'acquiring', 'trafficking', 'nuclear', 'biological', 'chemical', 'weapons', 'materials', 'make']","['resolution', 'num', 'requires', 'countries', 'adopt', 'laws', 'prevent', 'nonstate', 'actors', 'manufacturing', 'acquiring', 'trafficking', 'nuclear', 'biological', 'chemical', 'weapons', 'materials', 'make', 'missiles', 'systems', 'deliver']",3.6
"['international', 'atomic', 'energy', 'association', 'stated', 'jordan', 'agreed', 'additional', 'measures']","['international', 'atomic', 'energy', 'association', 'united', 'nations', 'watchdog']",2.0
"['much', 'concern', 'drug']","['much', 'work', 'done']",0.4
"['amnesty', 'international', 'report', 'suggested', 'belgium', 'begin', 'immediate', 'talks', 'india', 'prevent', 'future', 'sales', 'alh', 'components', 'military', 'technology', 'myanmar']","['report', 'urged', 'belgium', 'begin', 'immediate', 'talks', 'india', 'order', 'prevent', 'future', 'weapons', 'sale', 'myanmar']",3.0
"['capital', 'offenses', 'iran', 'include', 'murder', 'rape', 'armed', 'robbery', 'apostasy', 'blasphemy', 'serious', 'drug', 'trafficking', 'repeated', 'sodomy', 'adultery', 'prostitution', 'treason', 'espionage']","['capital', 'offenses', 'iran', 'include', 'murder', 'rape', 'armed', 'robbery', 'serious', 'drug', 'trafficking', 'adultery']",3.0
"['saudi', 'arabia', 'absolute', 'monarchy', 'taken', 'steps', 'towards', 'reform']","['saudi', 'arabia', 'absolute', 'monarchy', 'consultative', 'council', 'appointed', 'government']",3.4
"['spokesman', 'said', 'exchange', 'opinions', 'topical', 'international', 'regional', 'matters', 'based', 'joint', 'working', 'relationship', 'heart', 'un', 'kamynin', 'said', 'russia', 'recognizes', 'participation', 'libya', 'work', 'un', 'security', 'council']","['kamynin', 'said', 'exchange', 'opinions', 'topical', 'international', 'regional', 'matters', 'based', 'joint', 'working', 'relationship', 'heart', 'un']",3.0
"['shalgams', 'visit', 'london', 'first', 'libyan', 'foreign', 'minister', 'since', 'num']","['visit', 'libya', 'russian', 'foreign', 'minister', 'announced']",2.6
"['indian', 'pakistani', 'governments', 'nearly', 'engaged', 'fourth', 'conflict', 'num']","['indian', 'pakistani', 'governments', 'conducted', 'nuclear', 'tests', 'may', 'num']",1.8
"['iguaran', 'stated', 'detainees', 'accused', 'homicide', 'criminal', 'collaboration', 'kidnappings', 'funding', 'terrorism']","['iguaran', 'stated', 'detainees', 'also', 'involved', 'murders', 'police', 'members', 'antikidnapping', 'group']",3.8
"['num', 'suspected', 'extremists', 'released', 'bail']","['num', 'suspected', 'extremist', 'provisionally', 'released', 'without', 'bail']",2.4
"['num', 'czech', 'hospital', 'employees', 'charged', 'human', 'organ', 'trafficking']","['accused', 'charged', 'international', 'drug', 'trafficking']",0.8
"['aggravated', 'situation']","['north', 'korea', 'act', 'aggravate', 'situation']",2.0
"['drug', 'lord', 'captured', 'marines', 'mexico']","['suspected', 'drug', 'lord', 'known', 'el', 'taliban', 'held', 'mexico']",2.6
"['sc', 'dismisses', 'govts', 'review', 'plea', 'vodafone', 'tax', 'case']","['sc', 'dismisses', 'govts', 'review', 'petition', 'vodafone', 'tax', 'verdict']",4.4
"['explosion', 'hits', 'oil', 'pipeline', 'syrias', 'homs']","['explosion', 'hits', 'pipeline', 'assad', 'attacks', 'cities']",2.6
"['nato', 'soldier', 'killed', 'afghan', 'attack']","['nato', 'soldier', 'killed', 'afghanistan']",3.8
"['castro', 'celebrates', 'numth', 'birthday', 'monday']","['fidel', 'castro', 'celebrates', 'numth', 'birthday']",4.2
"['israel', 'exspy', 'warns', 'messianic', 'iran', 'war']","['israeli', 'exspy', 'boss', 'trust', 'leadership', 'iran', 'video']",3.0
"['eye', 'opener', 'supreme', 'court', 'rules', 'arizona', 'immigration', 'law']","['us', 'supreme', 'court', 'issues', 'split', 'ruling', 'arizona', 'immigration', 'law']",3.8
"['nato', 'traces', 'path', 'afghanistan']","['nato', 'leaders', 'commit', 'afghanistan', 'transition']",3.2
"['syria', 'says', 'suicide', 'bomber', 'kills', 'num', 'damascus']","['damascus', 'suicide', 'bombing', 'kills', 'num']",4.0
"['sachin', 'tendulkar', 'says', 'im', 'god', 'im', 'sachin']","['sachin', 'tendulkar', 'scores', 'crickets', 'first', 'numth', 'century']",0.8
"['australian', 'pm', 'gillard', 'set', 'win', 'leadership', 'challenge']","['australian', 'pm', 'defiant', 'pressure', 'leadership']",2.4
"['obama', 'backs', 'philippines', 'south', 'china', 'sea']","['obama', 'says', 'clear', 'rules', 'needed', 'calm', 'south', 'china', 'sea']",2.4
"['teenager', 'china', 'kills', 'num', 'wounds', 'num', 'knife', 'attack']","['teenager', 'kills', 'num', 'knife', 'attack']",3.2
"['syrian', 'rebels', 'move', 'command', 'turkey', 'syria']","['free', 'syrian', 'army', 'moves', 'headquarters', 'turkey', 'syria']",3.8
"['knesset', 'speaker', 'obama', 'reelection', 'bad', 'israel']","['num', 'states', 'sue', 'obama', 'administrations', 'birth', 'control', 'rule']",0.4
"['greece', 'bond', 'exchange', 'largest', 'debt', 'restructuring', 'history']","['greece', 'secures', 'biggest', 'debt', 'deal', 'history']",2.8
"['putin', 'wins', 'russian', 'presidential', 'election']","['polls', 'open', 'russian', 'presidential', 'election']",1.0
"['indian', 'finance', 'minister', 'quits', 'run', 'president']","['julian', 'assange', 'plans', 'run', 'australian', 'senate']",0.2
"['jerry', 'sandusky', 'found', 'guilty', 'child', 'sex', 'abuse', 'trial']","['sandusky', 'found', 'guilty', 'child', 'sex', 'abuse', 'trial']",3.8
"['three', 'tibetans', 'selfimmolate', 'western', 'china', 'report']","['num', 'tibetans', 'selfimmolate', 'china']",2.4
"['white', 'house', 'damage', 'control', 'obama', 'supreme', 'court', 'remarks']","['fact', 'check', 'obamas', 'supreme', 'court', 'remarks']",3.6
"['annan', 'warns', 'talks', 'syria', 'risks']","['putin', 'annan', 'meet', 'syria', 'crisis']",2.0
"['quartet', 'calls', 'israelis', 'palestinians', 'end', 'irritants']","['occupation', 'confiscate', 'num', 'dunums', 'palestinian', 'land', 'deir', 'estia']",1.4
"['saudis', 'permit', 'women', 'compete', 'olympics']","['saudi', 'women', 'allowed', 'compete', 'olympics']",4.8
"['nigeria', 'university', 'mass', 'attacked', 'gunmen']","['nigeria', 'university', 'bombed', 'north']",2.2
"['chinas', 'cabinet', 'promises', 'boost', 'economy']","['chinas', 'wen', 'promises', 'job', 'creation']",3.2
"['tropical', 'storm', 'isaac', 'boosts', 'jobless', 'claims']","['tropical', 'storm', 'joyce', 'forms', 'stays', 'open', 'atlantic']",1.0
"['freddie', 'starr', 'arrested', 'savile', 'abuse', 'probe']","['third', 'man', 'arrested', 'savile', 'sex', 'abuse', 'probe']",3.2
"['romney', 'announces', 'paul', 'ryan', 'running', 'mate']","['romney', 'names', 'ryan', 'running', 'mate']",5.0
"['stocks', 'rise', 'early', 'greek', 'deal', 'flatten']","['stocks', 'edge', 'higher', 'greek', 'debt', 'deal']",3.6
"['suicide', 'bombing', 'rocks', 'elite', 'yemen', 'military', 'camp']","['suicide', 'bombers', 'attack', 'yemen', 'military', 'posts']",4.0
"['nato', 'num', 'international', 'troops', 'killed', 'afghanistan']","['three', 'nato', 'troops', 'killed', 'one', 'day', 'afghanistan']",2.2
"['moscow', 'protesters', 'demand', 'vladimir', 'putins', 'resignation']","['moscow', 'protest', 'vladimir', 'putin', 'smaller', 'quieter']",1.8
"['french', 'election', 'turnout', 'higher', 'expected']","['french', 'presidential', 'election', 'first', 'round', 'live', 'updates']",1.0
"['australia', 'establish', 'worlds', 'largest', 'marine', 'reserve']","['australia', 'creates', 'worlds', 'largest', 'marine', 'reserves']",4.4
"['two', 'us', 'soldiers', 'shot', 'killed', 'afghan', 'soldier']","['two', 'british', 'soldiers', 'killed', 'afghan', 'policeman']",1.6
"['italy', 'soldiers', 'die', 'afghanistan']","['two', 'uk', 'soldiers', 'killed', 'afghanistan']",1.4
"['abbas', 'lead', 'palestinian', 'unity', 'government']","['abbas', 'proposed', 'pm', 'interim', 'unity', 'government']",4.0
"['egypts', 'coptic', 'church', 'names', 'new', 'pope']","['egypts', 'coptic', 'church', 'prepares', 'choose', 'pope']",2.8
"['malawi', 'officially', 'confirms', 'presidents', 'death']","['malawi', 'confirms', 'president', 'mutharikas', 'death']",3.6
"['malis', 'tuareg', 'rebels', 'declare', 'independence']","['mali', 'rebels', 'declare', 'independent', 'azawad']",3.8
"['lance', 'armstrong', 'stripped', 'tour', 'de', 'france', 'titles']","['lance', 'armstrong', 'plots', 'strategy', 'loss', 'titles']",1.4
"['egypt', 'votes', 'final', 'day', 'presidential', 'election']","['polls', 'open', 'france', 'presidential', 'election']",1.0
"['madeleine', 'mccann', 'still', 'alive']","['reopen', 'madeleine', 'case', 'police', 'urge']",0.6000000000000001
"['aussie', 'surfers', 'find', 'stricken', 'asylum', 'seekers']","['mayday', 'fears', 'asylum', 'seekers']",1.4
"['isaf', 'num', 'coalition', 'troops', 'killed', 'attack', 'involving', 'afghan', 'police']","['nato', 'says', 'four', 'troops', 'killed', 'insider', 'attack', 'afghan', 'south']",3.0
"['un', 'security', 'council', 'unanimous', 'vote', 'syria']","['un', 'security', 'council', 'vote', 'num', 'syria', 'monitors']",3.2
"['gunman', 'kills', 'num', 'shooting', 'wisconsin', 'sikh', 'temple']","['gunman', 'kills', 'six', 'shooting', 'sikh', 'temple', 'wisconsin']",5.0
"['audi', 'buy', 'motorcycle', 'maker', 'ducati']","['probe', 'motor', 'insurance', 'market']",0.6000000000000001
"['china', 'news', 'agency', 'still', 'hope', 'syria', 'peace']","['china', 'state', 'news', 'agency', 'theres', 'still', 'hope', 'syria', 'peace']",4.2
"['num', 'dead', 'suicide', 'attack', 'yemen', 'police', 'academy']","['au', 'forces', 'intensify', 'attack', 'somali', 'rebels']",0.4
"['south', 'korea', 'orders', 'immediate', 'shutdown', 'num', 'nuclear', 'reactors']","['south', 'korea', 'boost', 'nuclear', 'power']",1.2
"['us', 'allies', 'set', 'demands', 'iran', 'nuclear', 'talks']","['iran', 'wont', 'accept', 'preconditions', 'nuclear', 'talks']",1.6
"['aol', 'says', 'sell', 'num', 'patents', 'microsoft', 'num', 'bn']","['aol', 'sell', 'num', 'patents', 'microsoft', 'num', 'billion']",4.8
"['thousands', 'troops', 'march', 'jubilee']","['thousands', 'flock', 'amsterdam', 'queens', 'day']",1.2
"['middle', 'east', 'israel', 'hamas', 'leader', 'convicted']","['middle', 'east', 'iraq', 'num', 'prisoners', 'escape', 'kirkuk']",0.8
"['navy', 'jet', 'crashes', 'apartment', 'building']","['us', 'navy', 'jet', 'crashes', 'apartment', 'block']",4.2
"['woman', 'dies', 'abortion', 'refusal']","['woman', 'dies', 'cliff', 'collapses', 'dorset']",0.6000000000000001
"['us', 'turkey', 'weigh', 'nofly', 'zones', 'syria']","['us', 'turkey', 'tighten', 'coordination', 'syria']",2.2
"['death', 'toll', 'rises', 'num', 'brazzaville', 'blasts']","['rep', 'congo', 'num', 'dead', 'arms', 'depot', 'blasts']",3.6
"['ill', 'another', 'retired', 'stud']","['ill', 'another', 'wins', 'preakness']",1.0
"['syria', 'journalists', 'rescue', 'bid', 'fails']","['journalists', 'smuggled', 'homs']",0.6000000000000001
"['new', 'sex', 'claim', 'hits', 'secret', 'service']","['new', 'rules', 'us', 'secret', 'service']",1.8
"['rimsha', 'masih', 'released', 'bail']","['mandela', 'released', 'hospital']",0.0
"['num', 'person', 'killed', 'sectarian', 'clashes', 'lebanon']","['num', 'killed', 'iran', 'earthquake']",0.0
"['gains', 'financial', 'stocks', 'push', 'european', 'equities']","['british', 'christians', 'take', 'complaints', 'european', 'court']",0.0
"['turkey', 'raises', 'alarm', 'syrian', 'refugees']","['turkey', 'seeks', 'relocate', 'syrian', 'refugees']",1.6
"['suspected', 'alqaeda', 'financier', 'arrested', 'france']","['three', 'al', 'qaeda', 'suspects', 'arrested', 'spain']",1.6
"['damage', 'tsunami', 'num', 'quake', 'hits', 'indonesias', 'sumatra']","['num', 'quake', 'hits', 'indonesia', 'sumatra', 'usgs']",1.6
"['israeli', 'air', 'strikes', 'kill', 'num', 'gaza']","['israel', 'air', 'strikes', 'kill', 'num', 'gaza', 'death', 'toll', 'num']",2.2
"['num', 'killed', 'num', 'wounded', 'wave', 'bombings', 'iraq']","['num', 'killed', 'num', 'wounded', 'car', 'bombs', 'iraqs', 'kirkuk']",1.4
"['palestinian', 'prisoner', 'ending', 'hunger', 'strike', 'deal']","['israel', 'free', 'palestinian', 'hunger', 'striker']",2.0
"['hezbollah', 'confirms', 'sent', 'drone', 'downed', 'israel']","['hezbollah', 'says', 'sent', 'drone', 'israel']",3.4
"['rebel', 'fighters', 'capture', 'syrian', 'soldiers']","['free', 'syrian', 'army', 'captures', 'syrian', 'officers']",3.2
"['colorado', 'shooting', 'suspect', 'psychiatrists', 'care']","['doctor', 'treating', 'aurora', 'shooting', 'suspect', 'medical', 'reprimand']",2.4
"['num', 'quake', 'rocks', 'indonesias', 'papua', 'usgs']","['num', 'quake', 'rocks', 'indonesias', 'papua', 'us', 'geological', 'survey']",4.8
"['time', 'andy', 'murray', 'v', 'roger', 'federer', 'wimbledon', 'mens', 'final', 'need', 'know', 'big', 'game']","['time', 'paralympic', 'opening', 'ceremony', 'everything', 'need', 'know', 'big', 'curtainraiser']",0.4
"['new', 'jersey', 'school', 'bans', 'hugging']","['us', 'school', 'bans', 'hugging']",3.6
"['iran', 'islamic', 'republic', 'iran', 'steps', 'relief', 'efforts', 'quakes', 'kill', 'num']","['iran', 'steps', 'relief', 'efforts', 'quakes', 'kill', 'num']",4.6
"['tsunami', 'warning', 'issued', 'southern', 'alaska']","['tsunami', 'warning', 'canada', 'quake']",2.4
"['evidence', 'afghanistan', 'massacre', 'case']","['us', 'toll', 'afghanistan', 'hits', 'num']",0.8
"['cashrich', 'apple', 'pay', 'dividend', 'buy', 'back', 'shares']","['apple', 'pay', 'numshare', 'dividend', 'buy', 'back', 'numb', 'stock']",3.8
"['two', 'reported', 'dead', 'shooting', 'empire', 'state', 'building', 'ny']","['num', 'dead', 'shooting', 'outside', 'empire', 'state', 'building']",4.6
"['australian', 'unemployment', 'num', 'percent']","['french', 'unemployment', 'rate', 'rises', 'num', 'percent']",1.0
"['shares', 'move', 'higher', 'wall', 'street']","['sandy', 'strengthens', 'nears', 'coast', 'wall', 'street', 'shut']",0.4
"['halliburton', 'numq', 'income', 'rises', 'num', 'pct']","['halliburton', 'qnum', 'profits', 'rise', 'strong', 'north', 'america', 'sales']",2.6
"['num', 'killed', 'shrine', 'bombing', 'northwest', 'pakistan']","['num', 'killed', 'us', 'drone', 'strike', 'nw', 'pakistan']",0.8
"['china', 'stocks', 'close', 'mixed', 'friday']","['china', 'stocks', 'open', 'lower', 'friday']",1.6
"['india', 'bans', 'bulk', 'texts', 'riots']","['tunisia', 'lifts', 'curfew', 'riots']",0.8
"['un', 'monitors', 'yet', 'reach', 'site', 'syrian', 'massacre', 'video']","['un', 'monitors', 'shot', 'way', 'syrian', 'massacre', 'site']",2.4
"['yorkshire', 'soldier', 'killed', 'afghan', 'bomb', 'blast']","['soldier', 'killed', 'afghanistan', 'blast']",3.6
"['radical', 'islamists', 'mali', 'enlist', 'new', 'militia']","['local', 'militia', 'bolsters', 'islamist', 'militants', 'mali']",3.75
"['olympics', 'opening', 'ceremony', 'hit', 'around', 'globe']","['opening', 'ceremony', 'gives', 'olympics', 'rocking', 'start']",4.2
"['man', 'killed', 'french', 'terror', 'raid']","['man', 'dies', 'french', 'antiterror', 'operation']",4.8
"['capello', 'quits', 'england', 'manager']","['capello', 'resigns', 'england', 'manager']",5.0
"['one', 'dead', 'ohio', 'school', 'shooting']","['num', 'dead', 'num', 'wounded', 'ohio', 'school', 'shooting']",3.2
"['num', 'palestinians', 'killed', 'israeli', 'airstrikes']","['four', 'palestinians', 'killed', 'iaf', 'strike']",2.4
"['pakistan', 'condemns', 'us', 'drone', 'strikes']","['pakistan', 'convoy', 'heads', 'protest', 'us', 'drone', 'strikes']",3.2
"['massive', 'hurricane', 'sandy', 'bears', 'us', 'east', 'coast']","['hurricane', 'sandy', 'gains', 'speed', 'batters', 'us', 'east', 'coast']",4.0
"['sarkozy', 'file', 'complaint', 'gadhafi', 'funding', 'claim']","['sarkozy', 'sue', 'gaddafi', 'cash', 'claim', 'bursts', 'campaign']",3.6
"['notes', 'must', 'reads', 'wednesday', 'july', 'num', 'num']","['notes', 'mustreads', 'wednesday', 'may', 'num', 'num']",2.0
"['iran', 'attack', 'tel', 'aviv', 'israel', 'strikes']","['senior', 'cleric', 'iran', 'attack', 'tel', 'aviv', 'israel', 'strikes']",4.4
"['gusmao', 'consolidates', 'power', 'east', 'timor', 'elections']","['supreme', 'court', 'possibilities', 'romney', 'wins', 'election']",0.0
"['pena', 'nieto', 'wins', 'mexico', 'presidential', 'vote', 'exit', 'polls']","['poll', 'putin', 'win', 'russia', 'presidential', 'vote']",0.6000000000000001
"['syria', 'tells', 'russia', 'troops', 'pulled', 'homs']","['syria', 'says', 'troops', 'begun', 'pullout', 'video']",3.4
"['nigeria', 'plane', 'crash', 'survivors']","['num', 'chinese', 'among', 'nigeria', 'plane', 'crash', 'victims']",2.6
"['explosion', 'venezuela', 'refinery', 'kills', 'least', 'num']","['venezuela', 'mourns', 'oil', 'refinery', 'blast', 'deaths']",2.8
"['strong', 'earthquake', 'hits', 'mexico']","['strong', 'earthquake', 'strikes', 'near', 'acapulco']",3.6
"['russia', 'china', 'veto', 'un', 'resolution', 'syria', 'killings']","['russia', 'china', 'double', 'veto', 'un', 'syria', 'resolution']",3.8
"['pakistani', 'plane', 'crashes', 'num', 'board']","['pakistani', 'plane', 'crashes', 'num', 'people', 'board']",2.6
"['un', 'security', 'council', 'orders', 'global', 'sanctions', 'haqqani', 'network', 'afghanistan']","['un', 'orders', 'global', 'sanctions', 'haqqani', 'network']",4.4
"['erdogan', 'putin', 'talked', 'raised', 'voice']","['foreign', 'militants', 'killed', 'somalia', 'strike', 'car']",0.0
"['saudi', 'arabia', 'arrests', 'suspected', 'militants', 'alqaeda', 'links']","['saudi', 'arabia', 'arrests', 'suspected', 'militants', 'state', 'media', 'reports']",4.0
"['hurricane', 'sandy', 'closes', 'us', 'east', 'coast']","['hurricane', 'sandy', 'takes', 'aim', 'us', 'east', 'coast']",4.8
"['chicago', 'teachers', 'strike', 'vacations', 'students', 'good', 'ill']","['chicago', 'teacher', 'strike', 'poses', 'test', 'unions']",2.2
"['panetta', 'says', 'afghanistan', 'role', 'shift', 'combat', 'num']","['panetta', 'afghanistan', 'tops', 'nato', 'conference', 'topics']",1.6
"['four', 'men', 'admit', 'london', 'stock', 'exchange', 'bomb', 'plot']","['four', 'men', 'admit', 'london', 'bombs', 'plot']",4.0
"['israel', 'threatens', 'action', 'gaza', 'aid', 'ship']","['israel', 'attacks', 'gaza', 'strip', 'rocket', 'fire']",1.6
"['bodies', 'found', 'russian', 'jet', 'crash', 'indonesia']","['num', 'bodies', 'found', 'russian', 'jet', 'crash', 'indonesia']",3.8
"['syria', 'urges', 'refugees', 'return']","['syrias', 'tenuous', 'truce', 'takes', 'hold']",1.0
"['us', 'soldier', 'kills', 'num', 'civilians', 'afghanistan']","['us', 'soldier', 'kills', 'num', 'afghan', 'civilians', 'shooting', 'spree']",4.2
"['rupert', 'murdoch', 'victim', 'cover']","['rupert', 'murdoch', 'set', 'second', 'day', 'grilling']",1.2
"['barack', 'obamas', 'bodyguards', 'sent', 'back', 'us', 'prostitution', 'scandal']","['barclays', 'boss', 'falls', 'rate', 'fixing', 'scandal']",0.4
"['chinas', 'yuan', 'rises', 'new', 'high', 'usd', 'wednesday']","['chinas', 'yuan', 'advances', 'num', 'usd', 'wednesday']",3.8
"['nissan', 'sell', 'steerbywire', 'cars']","['nissan', 'offer', 'steerbywire', 'systems', 'infiniti', 'cars']",4.0
"['tibetan', 'monk', 'dies', 'setting', 'fire', 'protest', 'chinese', 'rule']","['teenage', 'tibetan', 'monk', 'dies', 'setting', 'fire', 'china']",3.8
"['mumbai', 'numnd', 'costliest', 'indian', 'city', 'live']","['tech', 'capital', 'bangalore', 'costliest', 'indian', 'city', 'live', 'survey']",1.0
"['man', 'num', 'quizzed', 'teen', 'murder']","['man', 'quizzed', 'meganleigh', 'murder']",3.8
"['israel', 'kills', 'hamas', 'commander', 'bombs', 'gaza', 'targets']","['israel', 'airstrikes', 'kill', 'hamas', 'commander', 'num', 'others']",3.4
"['gusmao', 'consolidates', 'power', 'east', 'timor', 'elections']","['gusmao', 'powers', 'east', 'timor']",3.6
"['un', 'monitors', 'yet', 'reach', 'site', 'syrian', 'massacre', 'video']","['un', 'monitors', 'unable', 'reach', 'site', 'syria', 'killings']",4.4
"['nato', 'condemns', 'syrias', 'downing', 'turkish', 'military', 'jet']","['nato', 'strongly', 'condemns', 'syrias', 'downing', 'turkish', 'jet']",4.8
"['syria', 'rebels', 'attack', 'lebanese', 'post', 'near', 'border', 'army']","['turkish', 'army', 'stages', 'tank', 'exercises', 'near', 'syria', 'border']",0.8
"['five', 'killed', 'china', 'building', 'collapse']","['least', 'num', 'killed', 'syria', 'saturday']",0.2
"['syrian', 'forces', 'launch', 'new', 'attacks']","['syria', 'forces', 'launch', 'aleppo', 'attack']",3.4
"['gazans', 'fire', 'num', 'rockets', 'israel', 'injuries']","['gazans', 'fire', 'num', 'rockets', 'cabinet', 'approves', 'reserve', 'callup']",1.4
"['former', 'nazi', 'death', 'camp', 'guard', 'demjanjuk', 'dead', 'num']","['john', 'demjanjuk', 'convicted', 'nazi', 'death', 'camp', 'guard', 'dies', 'aged', 'num']",4.6
"['boris', 'johnson', 'reelected', 'london', 'mayor']","['johnson', 'reelected', 'london', 'mayor']",3.8
"['breivik', 'drops', 'farright', 'salute', 'court']","['breivik', 'gets', 'numyear', 'sentence']",1.0
"['second', 'teenager', 'charged', 'murder']","['brother', 'eastenders', 'actress', 'gemma', 'mccluskie', 'charged', 'murder']",1.4
"['french', 'fear', 'new', 'serial', 'killer', 'murders']","['jersey', 'murder', 'trial', 'killer', 'hearing', 'voices']",0.8
"['us', 'madoff', 'brother', 'plead', 'guilty', 'ny', 'fraud']","['madoffs', 'brother', 'plead', 'guilty', 'fraud']",4.2
"['hollande', 'defeats', 'sarkozy', 'french', 'presidency', 'vote']","['polls', 'open', 'across', 'france', 'presidential', 'election']",1.8
"['libyan', 'government', 'retakes', 'tripoli', 'airport']","['libyan', 'militia', 'takes', 'control', 'tripoli', 'airport']",3.2
"['clinton', 'warns', 'kenya', 'cost', 'election', 'violence']","['clinton', 'warns', 'kenya', 'cost', 'election', 'unrest']",4.6
"['arkansas', 'supreme', 'court', 'strikes', 'execution', 'law']","['arkansas', 'justices', 'strike', 'death', 'penalty']",4.6
"['africas', 'former', 'president', 'mandela', 'discharged', 'hospital']","['mandela', 'discharged', 'hospital']",4.2
"['un', 'envoy', 'turkey', 'talks', 'syria']","['nz', 'increase', 'exports', 'china']",0.2
"['islamist', 'morsi', 'wins', 'egypts', 'presidential', 'election']","['alshater', 'run', 'presidential', 'election', 'egypt']",1.0
"['donna', 'summer', 'queen', 'disco']","['donna', 'summer', 'queen', 'disco', 'dies', 'num']",1.6
"['bangladesh', 'muslims', 'torch', 'buddhist', 'shrines', 'police', 'say']","['muslims', 'torch', 'buddhist', 'temples']",3.6
"['us', 'drone', 'kills', 'five', 'militants', 'pakistan']","['six', 'police', 'officers', 'killed', 'attacks', 'dagestan']",0.4
"['mali', 'future', 'interim', 'president', 'readies', 'take', 'office']","['pope', 'rips', 'dissident', 'priests', 'celibacy']",0.0
"['num', 'killed', 'num', 'injured', 'latest', 'cairo', 'clashes']","['num', 'killed', 'num', 'injured', 'e', 'afghan', 'airport', 'suicide', 'blast']",1.2
"['romney', 'wins', 'maine', 'republican', 'caucuses']","['romney', 'comeback', 'narrow', 'maine', 'caucus', 'win']",3.8
"['court', 'bahrain', 'rejects', 'medics', 'last', 'rally', 'appeal']","['bahrain', 'rejects', 'activists', 'appeal']",3.8
"['hurricane', 'sandy', 'powers', 'toward', 'eastern', 'seaboard']","['hurricane', 'sandy', 'moves', 'towards', 'us']",3.6
"['clinton', 'calls', 'friends', 'syria', 'unite']","['plastic', 'artist', 'calls', 'greater', 'support', 'new', 'talents']",0.0
"['jk', 'rowling', 'launches', 'first', 'adult', 'novel']","['syria', 'launches', 'ground', 'assault', 'aleppo']",0.0
"['algerian', 'government', 'parties', 'dominate', 'elections']","['algerian', 'national', 'turnout', 'parliamentary', 'vote', 'reaches', 'num', 'pct']",2.4
"['security', 'official', 'killed', 'yemen']","['security', 'personnel', 'killed', 'pakistan', 'raid']",0.6000000000000001
"['us', 'stocks', 'fall', 'greek', 'talks', 'lumber', 'apple', 'falls']","['us', 'stocks', 'slip', 'wall', 'street', 'greek', 'talks', 'drag']",3.2
"['romney', 'picks', 'ryan', 'vice', 'presidential', 'running', 'mate', 'source']","['romney', 'tap', 'ryan', 'vice', 'presidential', 'running', 'mate']",5.0
"['nato', 'sticks', 'transition', 'roadmap', 'afghanistan', 'rasmussen']","['nato', 'helicopter', 'makes', 'hard', 'landing', 'e', 'afghanistan']",1.0
"['mubarak', 'faces', 'verdict', 'murder', 'trial']","['mubaraks', 'sons', 'face', 'new', 'charges', 'insider', 'trading']",1.4
"['blocks', 'investment']","['india', 'allows', 'pakistan', 'investment']",2.0
"['blast', 'kills', 'num', 'northwestern', 'pakistan']","['bomb', 'kills', 'num', 'northwest', 'pakistan']",2.6
"['num', 'aid', 'workers', 'freed', 'operation', 'afghanistan']","['suicide', 'bomber', 'kills', 'num', 'mosque', 'afghanistan']",0.8
"['two', 'nato', 'soldiers', 'killed', 'afghanistan']","['nato', 'soldier', 'killed', 'afghan', 'blast']",3.6
"['nadal', 'tumbles', 'french', 'open', 'final']","['nadal', 'seventh', 'french', 'open', 'final']",4.0
"['russian', 'tv', 'reports', 'foiled', 'attempt', 'putin']","['russia', 'ukraine', 'foiled', 'plot', 'kill', 'putin', 'report', 'says']",3.2
"['putin', 'claims', 'victory', 'russias', 'presidential', 'election']","['putin', 'wins', 'disputed', 'russian', 'presidential', 'election']",4.4
"['remains', 'num', 'bodies', 'found', 'mexican', 'cave']","['remains', 'num', 'people', 'found', 'mexico', 'cave']",5.0
"['orphaned', 'alps', 'massacre', 'girl', 'returns', 'uk']","['alps', 'attack', 'girl', 'returns', 'uk']",4.0
"['obama', 'team', 'raises', 'debate', 'stakes']","['obama', 'takes', 'offensive', 'romney', 'debate']",2.8
"['two', 'kenyan', 'ministers', 'among', 'num', 'killed', 'plane', 'crash']","['poland', 'honors', 'president', 'killed', 'num', 'plane', 'crash']",0.8
"['thousands', 'gather', 'new', 'russian', 'antiputin', 'rally']","['thousands', 'gather', 'moscow', 'rival', 'rallies']",2.8
"['google', 'names', 'new', 'motorola', 'mobility', 'ceo']","['google', 'appoints', 'dennis', 'woodside', 'run', 'motorola', 'mobility']",3.8
"['massive', 'hurricane', 'sandy', 'bears', 'us', 'east', 'coast']","['hurricane', 'sandy', 'takes', 'aim', 'us', 'east', 'coast']",4.4
"['another', 'rocket', 'hits', 'eshkol', 'injuries']","['num', 'rockets', 'hit', 'eshkol', 'none', 'injured']",3.4
"['thousands', 'syrian', 'refugees', 'flee', 'turkey', 'overnight']","['num', 'syrian', 'refugees', 'flee', 'turkey', 'overnight']",3.8
"['assange', 'appeals', 'extradition', 'uks', 'top', 'court']","['assange', 'appeal', 'extradition', 'uks', 'top', 'court']",4.0
"['strong', 'quake', 'jolts', 'parts', 'pakistan']","['strong', 'quake', 'hits', 'eastern', 'indonesia']",2.0
"['lebanese', 'gunmen', 'clash', 'syria', 'crisis']","['syrians', 'hold', 'solution', 'syria', 'crisis']",1.0
"['mob', 'kills', 'man', 'burning', 'quran']","['pakistani', 'mob', 'kills', 'man', 'burning', 'koran']",4.0
"['us', 'drone', 'strike', 'kills', 'four', 'north', 'waziristan']","['us', 'drone', 'strike', 'kills', 'num', 'northwest', 'pakistan', 'officials']",1.8
"['salvador', 'dali', 'painting', 'snatched', 'new', 'york', 'gallery']","['salvador', 'dali', 'painting', 'snatched', 'nyc']",4.6
"['putin', 'claims', 'victory', 'russias', 'presidential', 'election']","['putins', 'election', 'victory', 'russia', 'greeted', 'protests']",1.8
"['sarkozy', 'announces', 'reelection', 'bid']","['frances', 'nicolas', 'sarkozy', 'makes', 'reelection', 'bid', 'official']",4.2
"['us', 'uk', 'pact', 'release', 'emergency', 'oil', 'stocks']","['us', 'uk', 'set', 'agree', 'emergency', 'oil', 'stocks', 'release']",4.6
"['eurozone', 'unemployment', 'stays', 'record', 'num', 'percent']","['eurozone', 'unemployment', 'record', 'high', 'june']",3.0
"['french', 'socialist', 'party', 'wins', 'parliament', 'victory']","['french', 'socialists', 'win', 'absolute', 'parliament', 'majority']",3.8
"['salafi', 'islamists', 'police', 'clash', 'tunis', 'witnesses']","['second', 'islamist', 'hunger', 'striker', 'dies', 'tunisian', 'prison']",0.6000000000000001
"['strausskahn', 'investigated', 'french', 'prostitution', 'ring']","['dominique', 'strausskahn', 'faces', 'questions', 'french', 'prostitution', 'ring']",3.8
"['romney', 'wins', 'florida', 'republican', 'primary']","['romney', 'eyes', 'us', 'republican', 'primary', 'endgame']",1.8
"['us', 'drone', 'strike', 'kills', 'four', 'north', 'waziristan']","['suspected', 'drone', 'strike', 'kills', 'num', 'pakistan']",2.6
"['num', 'traffic', 'accidents', 'leave', 'num', 'dead', 'china']","['num', 'traffic', 'accidents', 'leave', 'num', 'dead', 'china']",2.4
"['head', 'cia', 'resigns', 'affair']","['hall', 'fame', 'beckons', 'capriati']",0.0
"['frances', 'strausskahn', 'charged', 'involvement', 'prostitution', 'vice', 'ring']","['strausskahn', 'charged', 'prostitution', 'vice', 'ring']",4.0
"['sony', 'reports', 'record', 'annual', 'loss']","['sony', 'forecasts', 'record', 'annual', 'loss', 'numbn']",3.6
"['num', 'killed', 'gaza', 'israeli', 'airstrikes']","['ictu', 'ibec', 'move', 'airline', 'strike']",0.4
"['num', 'killed', 'attacks', 'deadly', 'iraq', 'day']","['num', 'killed', 'iraq', 'attacks', 'ahead', 'ramadan', 'end']",1.4
"['barclays', 'hit', 'fresh', 'us', 'investigations']","['barclays', 'hit', 'fresh', 'us', 'probe']",4.4
"['us', 'closes', 'embassy', 'syria', 'ap']","['closed', 'roads', 'armenia']",0.4
"['eu', 'heaps', 'new', 'sanctions', 'syria']","['eu', 'imposes', 'new', 'sanctions', 'syrian', 'regime']",4.4
"['russians', 'rally', 'putins', 'rule']","['tens', 'thousands', 'rally', 'putins', 'rule', 'ap']",3.4
"['bahrain', 'grand', 'prix', 'underway', 'amid', 'protests']","['bahrain', 'race', 'goes', 'ahead', 'amid', 'unrest']",4.0
"['china', 'stocks', 'open', 'flat', 'monday']","['chinese', 'stocks', 'open', 'mixed', 'wednesday']",1.4
"['sheryl', 'crow', 'says', 'benign', 'brain', 'tumor']","['sheryl', 'crow', 'benign', 'brain', 'tumor']",4.6
"['afghan', 'parliament', 'approves', 'usafghan', 'security', 'pact']","['afghan', 'parliament', 'approves', 'us', 'partnership']",3.8
"['two', 'german', 'tourists', 'two', 'pilots', 'killed', 'kenya', 'air', 'crash']","['senator', 'reid', 'involved', 'las', 'vegas', 'car', 'crash', 'cnn']",0.6000000000000001
"['israeli', 'palestinian', 'negotiators', 'quietly', 'meet']","['israeli', 'palestinian', 'negotiators', 'meet', 'jordan']",3.6
"['us', 'astronaut', 'neil', 'armstrong', 'dead', 'num']","['us', 'astronaut', 'neil', 'armstrong', 'dies']",3.6
"['amnesty', 'syria', 'rebels', 'also', 'committing', 'abuses']","['amnesty', 'investigator', 'syria', 'rebels', 'also', 'committing', 'abuses']",4.2
"['mitt', 'romney', 'wins', 'republican', 'primary', 'indiana']","['romney', 'wins', 'florida', 'republican', 'primary']",1.6
"['east', 'german', 'rights', 'activist', 'gauck', 'elected', 'president']","['joachim', 'gauck', 'elected', 'german', 'president']",4.0
"['south', 'africa', 'starts', 'investigating', 'mine', 'violence']","['south', 'africa', 'hosts', 'peace', 'talks', 'mine', 'standoff']",2.4
"['num', 'dead', 'num', 'injured', 'sw', 'china', 'accident']","['num', 'dead', 'num', 'missing', 'india', 'boat', 'accident']",0.4
"['santorum', 'romping', 'minnesota', 'victory']","['santorum', 'wins', 'kansas', 'caucuses']",1.0
"['space', 'legend', 'neil', 'armstrong', 'dies']","['first', 'man', 'moon', 'neil', 'armstrong', 'dies', 'num']",4.0
"['us', 'turkey', 'weigh', 'nofly', 'zones', 'syria']","['turkey', 'us', 'weigh', 'nofly', 'zones', 'syria']",4.8
"['man', 'arrested', 'double', 'murder']","['wa', 'man', 'arrested', 'police', 'drug', 'raid']",0.8
"['florida', 'counties', 'extend', 'early', 'voting']","['fla', 'democrats', 'want', 'extended', 'early', 'voting', 'hours']",2.8
"['warship', 'sets', 'sail', 'falklands']","['british', 'warship', 'sets', 'sail', 'falklands']",3.8
"['newcastle', 'num', 'liverpool', 'match', 'report', 'pictures', 'video', 'highlights']","['qpr', 'num', 'west', 'ham', 'match', 'report', 'pictures', 'video', 'highlights']",1.0
"['palestinian', 'prisoners', 'end', 'hunger', 'strike']","['progress', 'reported', 'palestinian', 'prisoner', 'hunger', 'strike', 'talks']",2.8
"['police', 'four', 'killed', 'german', 'hostage', 'taking', 'incident']","['palestinians', 'num', 'killed', 'idf', 'strike', 'northern', 'strip']",1.0
"['egypt', 'lets', 'mubarak', 'pm', 'back', 'presidential', 'race']","['egypt', 'confirms', 'mubaraks', 'pm', 'back', 'presidency', 'race']",4.25
"['syrian', 'journalists', 'killed', 'capital']","['us', 'marines', 'killed', 'base', 'attack']",0.6000000000000001
"['gop', 'candidate', 'romney', 'call', 'arm', 'syrian', 'rebels']","['us', 'helping', 'get', 'arms', 'syria', 'rebels']",2.4
"['un', 'observer', 'patrol', 'arrives', 'syria', 'massacre', 'site']","['un', 'observers', 'reach', 'syria', 'massacre', 'village']",4.4
"['american', 'airlines', 'pilots', 'agree', 'new', 'contract']","['romney', 'pledges', 'stand', 'israel', 'iran', 'threat']",0.0
"['greek', 'pm', 'announce', 'new', 'election']","['greek', 'pm', 'calls', 'may', 'num', 'general', 'election']",2.8
"['government', 'canada', 'supports', 'montréal', 'women', 'leading', 'change']","['government', 'canada', 'supports', 'womens', 'safety', 'regina']",1.6
"['problem', 'mulayam', 'forms', 'third', 'front', 'congress']","['problem', 'mulayam', 'forms', 'third', 'front', 'digvijay']",3.2
"['bradley', 'triumphs', 'firestone', 'furyk', 'fades']","['bahrain', 'court', 'upholds', 'sentences', 'uprising', 'leaders']",0.0
"['plane', 'crash', 'ghana', 'kills', 'least', 'num']","['plane', 'crash', 'ghana', 'international', 'media', 'reported']",2.2
"['six', 'us', 'troops', 'killed', 'afghan', 'bomb', 'attack']","['num', 'nato', 'troops', 'killed', 'afghanistan']",1.8
"['syria', 'forces', 'launch', 'aleppo', 'attack']","['syrian', 'forces', 'kill', 'num', 'ahead', 'annan', 'peace', 'mission']",1.6
"['romney', 'obama', 'fight', 'edge', 'medicare']","['obama', 'romney', 'compete', 'undecideds', 'stoke', 'base']",1.0
"['bbc', 'director', 'general', 'resigns', 'shoddy', 'journalism']","['bbc', 'director', 'general', 'resigns', 'amid', 'newsnight', 'scandal']",3.6
"['rick', 'santorum', 'wins', 'kansas', 'caucuses']","['rick', 'santorum', 'notches', 'victory', 'kansas', 'caucuses']",4.8
"['islamistled', 'egypt', 'coptic', 'church', 'names', 'new', 'pope']","['egyptian', 'christians', 'choose', 'new', 'pope']",3.2
"['us', 'pledge', 'rebuild', 'haiti', 'met']","['us', 'pledge', 'rebuild', 'haiti', 'met']",5.0
"['chinese', 'stocks', 'close', 'higher', 'thursday']","['chinese', 'stocks', 'open', 'mixed', 'wednesday']",1.0
"['greece', 'vote', 'num', 'budget', 'protesters', 'gather']","['greece', 'vote', 'num', 'budget']",3.6
"['us', 'eu', 'cautiously', 'welcome', 'irans', 'proposal', 'restart', 'nuclear', 'talks']","['us', 'eu', 'welcome', 'irans', 'offer', 'restart', 'nuclear', 'talks']",4.0
"['clinton', 'warns', 'kenya', 'cost', 'election', 'violence']","['clinton', 'warns', 'kenya', 'repeat', 'num', 'vote', 'chaos']",2.8
"['antiamerican', 'protests', 'film', 'expand', 'nearly', 'num', 'countries']","['antiamerican', 'fury', 'sweeps', 'middle', 'east', 'film']",3.8
"['journalists', 'hail', 'london', 'olympics', 'opening']","['israeli', 'delegation', 'marches', 'num', 'olympics', 'opener']",1.0
"['aust', 'stocks', 'open', 'lower']","['tokyo', 'stocks', 'open', 'lower']",1.5
"['wikileaks', 'begins', 'publishing', 'two', 'million', 'syria', 'emails']","['wikileaks', 'releasing', 'trove', 'syria', 'documents']",3.4
"['palestinians', 'num', 'gaza', 'militants', 'killed', 'israeli', 'airstrike', 'coastal', 'strip']","['officials', 'gaza', 'man', 'killed', 'israeli', 'airstrike', 'ap']",3.0
"['malis', 'president', 'hands', 'resignation']","['malis', 'president', 'formally', 'resigns']",4.6
"['three', 'killed', 'nigeria', 'suicide', 'bombers', 'attack']","['num', 'killed', 'nigeria', 'cattle', 'market', 'attack']",1.4
"['factboxsecurity', 'developments', 'iraq', 'february', 'num']","['factboxsecurity', 'developments', 'pakistan', 'march', 'num']",1.6
"['hrw', 'jordan', 'biased', 'palestinians', 'syria']","['jordan', 'biased', 'palestinians', 'syria']",4.2
"['israel', 'among', 'top', 'arms', 'exporters', 'world', 'report']","['israel', 'among', 'top', 'arms', 'exporters', 'importers']",3.8
"['egyptians', 'vote', 'new', 'president']","['somali', 'mps', 'elect', 'new', 'president']",0.8
"['federer', 'wins', 'numth', 'wimbledon', 'title']","['federer', 'captures', 'numth', 'wimbledon', 'title']",5.0
"['qaida', 'leader', 'calls', 'kidnap', 'westerners', 'egypt']","['alqaida', 'leader', 'urges', 'kidnapping', 'westerners']",3.6
"['china', 'stocks', 'close', 'mixed', 'friday']","['chinese', 'stocks', 'close', 'higher', 'midday', 'friday']",2.6
"['num', 'killed', 'bus', 'crash']","['num', 'killed', 'crash', 'india']",1.6
"['putin', 'sworn', 'russian', 'president']","['putin', 'sworn', 'russias', 'president', 'num', 'years']",4.0
"['china', 'trade', 'returns', 'surplus', 'march']","['tense', 'calm', 'returns', 'south', 'tel', 'aviv']",0.0
"['highlights', 'vice', 'presidential', 'debate']","['five', 'things', 'watch', 'presidential', 'debate']",2.2
"['full', 'episode', 'nightline', 'num', 'katie', 'holmes', 'tom', 'cruise', 'divorce']","['custody', 'images', 'stake', 'cruiseholmes', 'divorce']",1.4
"['syrian', 'regime', 'denies', 'role', 'houla', 'massacre']","['syria', 'blames', 'rebels', 'houla', 'massacre', 'num']",3.0
"['south', 'sudan', 'accuses', 'sudan', 'bombings', 'ahead', 'talks']","['sudan', 'accuses', 'sudan', 'bombing', 'blow', 'talks']",4.4
"['nine', 'killed', 'gun', 'attack', 'pakistan']","['five', 'million', 'citizens', 'get', 'unofficial', 'salary', 'ukraine']",0.0
"['syria', 'demands', 'guarantees', 'rebels', 'say', 'peace', 'plan', 'doomed']","['syria', 'demands', 'written', 'guarantee', 'troop', 'pullback']",3.2
"['minn', 'terminal', 'reopens', 'evacuation']","['minn', 'terminal', 'reopens', 'bag', 'causes', 'evacuation']",3.8
"['golf', 'westwood', 'takes', 'lead', 'dubai', 'desert', 'classic']","['westwood', 'front', 'dubai', 'desert', 'classic']",4.0
"['sudan', 'blocks', 'youtube', 'antiislam', 'film']","['pakistans', 'pm', 'orders', 'youtube', 'halt', 'antiislam', 'film']",2.8
"['polls', 'open', 'russian', 'presidential', 'election']","['polls', 'close', 'senegals', 'presidential', 'election']",1.4
"['chavez', 'leaves', 'cuba', 'radiotherapy']","['chavez', 'set', 'radiotherapy', 'cuba']",4.4
"['romanian', 'president', 'declared', 'victory']","['chinese', 'president', 'concludes', 'state', 'visit', 'denmark']",0.6000000000000001
"['russians', 'rally', 'support', 'orthodox', 'church', 'pussy', 'riot', 'controversy']","['russian', 'orthodox', 'church', 'rallies', 'faithful', 'criticism']",3.6
"['clinton', 'lands', 'india', 'breathe', 'life', 'ties']","['clinton', 'warns', 'undermining', 'grameen', 'bank']",1.4
"['mali', 'interim', 'leader', 'takes', 'office']","['malis', 'interim', 'president', 'sworn', 'office']",4.2
"['putin', 'declares', 'victory', 'russian', 'presidential', 'vote']","['putin', 'wins', 'russias', 'presidential', 'election']",3.8
"['al', 'renews', 'condemnation', 'syrias', 'violence']","['us', 'closes', 'embassy', 'damascus', 'due', 'syria', 'violence']",1.6
"['eu', 'slaps', 'sanctions', 'assad', 'family']","['eu', 'sanctions', 'assads', 'wife', 'mortars', 'hit', 'homs']",3.4
"['air', 'force', 'instructor', 'faces', 'sentencing', 'rape']","['women', 'testify', 'air', 'force', 'instructors', 'sentencing']",1.8
"['num', 'striking', 'miners', 'killed']","['num', 'striking', 'miners', 'killed', 'south', 'africa']",3.8
"['iron', 'dome', 'intercepts', 'num', 'rockets']","['iron', 'dome', 'intercepts', 'two', 'rockets', 'fired', 'beersheba']",2.6
"['mali', 'islamists', 'destroying', 'timbuktu', 'shrines']","['mali', 'islamists', 'destroy', 'holy', 'timbuktu', 'sites']",4.5
"['china', 'stocks', 'end', 'higher', 'pmi', 'midday']","['chinese', 'stocks', 'open', 'higher', 'thursday']",1.8
"['scientists', 'resurrect', 'flowers', 'prehistoric', 'seeds']","['nintendo', 'trims', 'red', 'ink', 'lowers', 'forecast', 'year']",0.0
"['man', 'convicted', 'vatican', 'leaks', 'case']","['butler', 'tried', 'vatileaks', 'case']",2.6
"['romney', 'paul', 'vie', 'maine', 'caucus', 'win']","['romney', 'narrow', 'maine', 'caucus', 'win']",2.8
"['sectarian', 'clashes', 'rock', 'lebanese', 'city', 'tripoli']","['sectarian', 'clashes', 'rock', 'lebanese', 'city', 'num', 'killed']",3.8
"['repsol', 'blasts', 'argentina', 'nationalization', 'ypf']","['repsol', 'blasts', 'argentina', 'oil', 'nationalization']",3.4
"['several', 'dead', 'num', 'injured', 'argentina', 'train', 'crash']","['num', 'feared', 'dead', 'buenos', 'aires', 'train', 'crash']",1.4
"['aung', 'san', 'suu', 'kyi', 'address', 'british', 'mps']","['burmas', 'aung', 'san', 'suu', 'kyi', 'address', 'parliament', 'june', 'visit']",4.0
"['sheriff', 'man', 'recovers', 'stolen', 'car', 'num', 'years', 'later']","['us', 'man', 'recovers', 'car', 'num', 'years', 'theft']",4.0
"['google', 'ceo', 'says', 'android', 'important', 'critical']","['larry', 'page', 'says', 'android', 'important', 'critical']",4.0
"['iran', 'may', 'cut', 'oil', 'exports', 'eu', 'states']","['iran', 'mps', 'say', 'ready', 'ban', 'oil', 'exports', 'eu', 'states']",3.6
"['factory', 'fires', 'kill', 'least', 'num', 'pakistan']","['least', 'six', 'dead', 'pakistan', 'gunfight']",0.8
"['australian', 'among', 'four', 'plane', 'missing', 'indonesia']","['iranian', 'painter', 'mansoureh', 'hosseini', 'dies']",0.0
"['romney', 'vows', 'restore', 'promise', 'america']","['romney', 'promises', 'restore', 'america']",3.8
"['santorums', 'numyearold', 'daughter', 'hospitalized']","['kony', 'num', 'director', 'hospitalized']",0.6000000000000001
"['mandela', 'released', 'hospital']","['israeli', 'president', 'released', 'hospital']",1.2
"['jaya', 'prada', 'set', 'join', 'bjp']","['jaya', 'prada', 'likely', 'join', 'bjp', 'amar', 'singh', 'decide']",3.8
"['hezbollahs', 'nasrallah', 'warns', 'us', 'antiislam', 'film']","['hezbollah', 'calls', 'antiislam', 'film', 'protests']",2.8
"['nadal', 'tops', 'djokovic', 'numth', 'french', 'open', 'title']","['tennis', 'nadal', 'defeats', 'djokovic', 'monte', 'carlo', 'title']",3.2
"['childcare', 'costs', 'rise', 'nearly', 'num']","['childcare', 'costing', 'num', 'year']",3.0
"['obama', 'urges', 'decisive', 'action', 'europe', 'debt', 'crisis']","['obama', 'urges', 'europe', 'act', 'quickly', 'crisis']",3.4
"['beef', 'burger', 'mix', 'recalled', 'salmonella', 'concerns']","['choc', 'powder', 'recalled', 'salmonella', 'concerns']",1.0
"['obama', 'romney', 'prepare', 'first', 'debate']","['obama', 'romney', 'prepare', 'debate']",4.2
"['first', 'significant', 'gas', 'found', 'offshore', 'kenya']","['raiders', 'kill', 'num', 'latest', 'land', 'clashes', 'kenya']",0.8
"['red', 'cross', 'worker', 'killed', 'pakistan']","['kidnapped', 'uk', 'aid', 'worker', 'killed', 'pakistan']",2.2
"['num', 'rockets', 'fired', 'gaza', 'southern', 'israel', 'none', 'hurt']","['ten', 'rockets', 'gaza', 'land', 'southern', 'israel', 'none', 'hurt']",3.4
"['us', 'soldier', 'killed', 'shooting', 'incident', 'afghanistan']","['five', 'nato', 'soldiers', 'killed', 'afghanistan']",1.6
"['polls', 'close', 'egyptian', 'presidential', 'election']","['press', 'releases', 'yemeni', 'presidential', 'election']",0.8
"['police', 'link', 'savile', 'claims']","['bbc', 'faces', 'questions', 'pulling', 'savile', 'case']",1.2
"['eurozone', 'unemployment', 'stays', 'record', 'num', 'percent']","['eurozone', 'unemployment', 'hits', 'record', 'high']",3.4
"['james', 'murdoch', 'quits', 'bskyb']","['james', 'murdoch', 'quits', 'role', 'bskyb']",4.2
"['iconic', 'science', 'fiction', 'writer', 'ray', 'bradbury', 'dies', 'num']","['science', 'fiction', 'legend', 'ray', 'bradbury', 'dead', 'num']",4.8
"['egypt', 'presidential', 'election', 'may', 'num']","['us', 'presidential', 'election', 'num']",0.6000000000000001
"['four', 'french', 'soldiers', 'killed', 'afghan', 'suicide', 'blast']","['four', 'foreign', 'soldiers', 'killed', 'afghan', 'east']",3.4
"['un', 'observers', 'find', 'traces', 'syrian', 'massacre']","['un', 'team', 'investigates', 'syrian', 'massacre']",4.0
"['ap', 'poll', 'majority', 'us', 'prejudice', 'blacks']","['ap', 'poll', 'majority', 'harbor', 'prejudice', 'blacks']",3.6
"['ap', 'source', 'redskins', 'trade', 'num', 'pick']","['redskins', 'trade', 'num', 'pick']",4.2
"['china', 'says', 'defense', 'budget', 'rise', 'num', 'num']","['chinas', 'defence', 'spending', 'rise', 'num']",4.0
"['string', 'iraq', 'blasts', 'kills', 'least', 'num']","['strong', 'italy', 'quake', 'kills', 'least', 'six']",0.0
"['ecuador', 'president', 'correa', 'says', 'decision', 'made', 'assange', 'asylum']","['ecuador', 'yet', 'decide', 'assanges', 'asylum']",3.8
"['us', 'offers', 'usnum', 'mil', 'pakistan', 'militant']","['us', 'offers', 'num', 'million', 'pakistani', 'militant', 'chief']",3.8
"['num', 'nato', 'troops', 'killed', 'afghanistan', 'ied', 'attack']","['num', 'nato', 'troops', 'killed', 'afghanistan']",3.8
"['osama', 'bin', 'laden', 'wives', 'jailed']","['osama', 'bin', 'laden', 'movie', 'filmed', 'india']",0.8
"['egyptians', 'vote', 'landmark', 'presidential', 'election']","['egyptians', 'go', 'polls', 'historic', 'election']",4.0
"['jetblue', 'pilot', 'disrupted', 'flight', 'declared', 'insane', 'guilty']","['jetblue', 'pilot', 'caused', 'disruption', 'flight', 'guilty']",3.8
"['tsunami', 'warning', 'need', 'sa', 'panic']","['tsunami', 'warning', 'aceh', 'quake']",2.2
"['us', 'hands', 'bagram', 'prison', 'afghan', 'authorities']","['us', 'transfers', 'bagram', 'prison', 'afghan', 'control']",4.8
"['jeremy', 'hunt', 'distances', 'adviser', 'overstepped', 'mark']","['jeremy', 'hunt', 'clings', 'spad', 'quits', 'news', 'corp', 'emails']",2.0
"['obama', 'praises', 'uslatin', 'america', 'trade', 'ties']","['obama', 'secret', 'service', 'agents', 'sent', 'home']",0.4
"['blitzbokke', 'ousted', 'fiji']","['blitzbokke', 'beaten', 'nz']",2.0
"['obama', 'romney', 'focus', 'swingstates']","['team', 'anna', 'yet', 'decide', 'contesting', 'state', 'polls']",0.4
"['grenade', 'attack', 'kills', 'one', 'injures', 'least', 'num']","['sex', 'attack', 'woman', 'investigated']",0.2
"['scores', 'bodies', 'found', 'syria']","['eight', 'bodies', 'found', 'ship']",1.4
"['shooter', 'charged', 'murder', 'us', 'black', 'teen']","['thoughts', 'race', 'relations', 'black', 'president']",0.8
"['jonny', 'bairstow', 'eoin', 'morgan', 'shine', 'england', 'mumbai']","['bairstow', 'hits', 'ton', 'india', 'tour', 'match']",1.8
"['wind', 'farm', 'developers', 'use', 'camera', 'tricks', 'make', 'turbines', 'look', 'smaller', 'really']","['wind', 'farm', 'developers', 'using', 'tricks', 'make', 'turbines', 'look', 'smaller']",4.4
"['us', 'drone', 'kills', 'six', 'militants', 'pakistan', 'officials']","['us', 'missiles', 'kill', 'num', 'pakistan', 'officials']",2.4
"['nigeria', 'nigerian', 'troops', 'swarm', 'num', 'killed', 'student', 'massacre']","['nigeria', 'police', 'make', 'arrests', 'college', 'massacre']",2.6
"['nerves', 'calmed', 'markets', 'jump', 'relief', 'spanish', 'bank', 'bailout']","['focus', 'shifts', 'greece', 'spain', 'secures', 'bank', 'bailout']",2.2
"['heavy', 'fighting', 'reported', 'syrias', 'aleppo']","['heavy', 'fighting', 'reported', 'damascus']",1.4
"['france', 'says', 'greece', 'must', 'show', 'credibility', 'eurozone']","['frances', 'hollande', 'backs', 'greece', 'urges', 'credible', 'reform']",1.8
"['avengers', 'sets', 'box', 'office', 'record']","['hunger', 'games', 'breaks', 'us', 'box', 'office', 'record']",1.2
"['num', 'french', 'soldiers', 'reported', 'killed', 'afghanistan']","['british', 'soldier', 'killed', 'afghanistan']",1.0
"['spanish', 'bailout', 'dilemma', 'gets', 'acute']","['spanish', 'dilemma', 'gets', 'acute']",3.4
"['nato', 'soldier', 'dies', 'afghanistan']","['two', 'aust', 'soldiers', 'wounded', 'afghanistan']",0.6000000000000001
"['chinese', 'stocks', 'open', 'lower', 'wednesday']","['china', 'stocks', 'open', 'lower', 'friday']",2.4
"['palestinian', 'leadership', 'condemn', 'israeli', 'fm', 'call', 'oust', 'abbas']","['palestinian', 'leadership', 'backs', 'fatahhamas', 'doha', 'deal']",1.0
"['mitt', 'romney', 'wins', 'maryland', 'gop', 'primary']","['romney', 'wins', 'maryland', 'republican', 'primary']",4.8
"['man', 'finds', 'car', 'ebay', 'num', 'years', 'stolen']","['texas', 'man', 'finds', 'car', 'num', 'years', 'stolen']",3.6
"['sylvester', 'stallones', 'son', 'found', 'dead', 'hollywood']","['sylvester', 'stalloneâs', 'son', 'sage', 'stallone', 'found', 'dead', 'hol']",3.4
"['nato', 'num', 'aid', 'workers', 'rescued', 'afghan', 'insurgents']","['num', 'aid', 'workers', 'freed', 'operation', 'afghanistan']",2.8
"['russia', 'jails', 'pussy', 'riot', 'protest', 'punks', 'two', 'years']","['russian', 'court', 'rule', 'pussy', 'riot', 'trial']",1.8
"['israel', 'bars', 'german', 'writer', 'grass', 'visiting', 'poem']","['israel', 'bars', 'german', 'author', 'grass', 'poem']",4.4
"['notes', 'mustreads', 'august', 'num', 'num']","['notes', 'must', 'reads', 'wednesday', 'july', 'num', 'num']",1.8
"['nato', 'us', 'troop', 'detained', 'shooting', 'afghan', 'civilians']","['us', 'says', 'saddened', 'shooting', 'afghan', 'civilians']",2.4
"['hollande', 'wins', 'french', 'presidential', 'election']","['east', 'timor', 'votes', 'presidential', 'election']",1.6
"['military', 'syria', 'chemical', 'stocks', 'threaten', 'israel']","['russia', 'tells', 'syria', 'chemical', 'arms', 'threat', 'unacceptable']",1.8
"['fitch', 'upgrades', 'ford', 'investment', 'grade']","['fitch', 'restores', 'ford', 'credit', 'investment', 'grade']",3.6
"['syria', 'peace', 'plan', 'conditions', 'unacceptable', 'opposition', 'says']","['syria', 'peace', 'dashed', 'deadline', 'passes']",2.0
"['clashes', 'greeks', 'protest', 'cutbacks']","['clashes', 'erupt', 'greek', 'vote', 'nears']",2.4
"['num', 'dead', 'num', 'hurt', 'num', 'missing', 'mont', 'blanc', 'avalanche']","['num', 'dead', 'several', 'missing', 'mont', 'blanc', 'avalanche']",2.4
"['taliban', 'pose', 'attractive', 'women', 'facebook', 'spying']","['taliban', 'soldiers', 'posing', 'pretty', 'women', 'facebook', 'get', 'troops', 'secrets']",4.6
"['china', 'activist', 'chen', 'lands', 'us']","['chinese', 'activist', 'renews', 'call', 'fight', 'injustice']",1.2
"['city', 'room', 'empire', 'state', 'building', 'shooting']","['num', 'dead', 'shooting', 'outside', 'empire', 'state', 'building']",3.2
"['mohamed', 'morsi', 'sworn', 'eygptian', 'president']","['mursi', 'sworn', 'egyptian', 'president']",4.4
"['attack', 'nato', 'base', 'afghanistan', 'kills', 'num']","['aid', 'workers', 'freed', 'afghanistan', 'raid']",1.0
"['yemen', 'suicide', 'blast', 'drone', 'attack', 'kill', 'least', 'num']","['spate', 'iraq', 'attacks', 'kill', 'least', 'six']",1.0
"['torres', 'moving', 'olympic', 'bid', 'fails']","['torres', 'finishes', 'numth', 'misses', 'sixth', 'olympics']",3.0
"['pakistan', 'begins', 'demolition', 'bin', 'laden', 'compound']","['pakistan', 'demolishes', 'osama', 'bin', 'laden', 'hideout']",2.8
"['sudan', 'blames', 'israel', 'khartoum', 'arms', 'fire']","['sudan', 'accuses', 'israel', 'airstrike', 'arms', 'factory']",3.6
"['housesenate', 'deal', 'reached', 'payroll', 'tax', 'measure']","['negotiators', 'reach', 'deal', 'congress', 'payroll', 'tax', 'cut', 'bill']",3.8
"['tropical', 'storm', 'isaac', 'drenches', 'haiti', 'swipes', 'cuba']","['tropical', 'storm', 'isaac', 'threatens', 'dam']",1.4
"['foreign', 'propalestinian', 'activists', 'seek', 'enter', 'west', 'bank']","['num', 'propalestinians', 'seek', 'enter', 'israel', 'allenby']",2.2
"['world', 'stocks', 'rise', 'hopes', 'eu', 'us', 'stimulus']","['stocks', 'rise', 'hopes', 'fed', 'stimulus']",3.0
"['gore', 'vidal', 'dead', 'num', 'legendary', 'author', 'playwright', 'politician', 'dies']","['gore', 'vidal', 'celebrated', 'author', 'playwright', 'dies', 'num']",4.0
"['world', 'stocks', 'fall', 'greek', 'debt', 'deal', 'deadline']","['asia', 'stocks', 'fall', 'ahead', 'greek', 'debt', 'deal', 'deadline']",2.4
"['south', 'africa', 'police', 'shot', 'dead', 'num', 'miners']","['south', 'africa', 'police', 'say', 'killed', 'num', 'miners']",4.2
"['isaac', 'drenches', 'haiti', 'heads', 'toward', 'cuba', 'florida']","['isaac', 'nears', 'haiti', 'homeless', 'quake', 'population']",2.4
"['britain', 'reaches', 'syria', 'opposition']","['cares', 'syrian', 'people']",1.2
"['obama', 'relaxes', 'deportation', 'rules', 'young', 'immigrants']","['us', 'relaxes', 'deportation', 'rules', 'young', 'people', 'napolitano']",4.0
"['microsofts', 'surface', 'big', 'bet', 'future', 'analysts']","['microsofts', 'surface', 'tablet', 'promising', 'questions', 'remain']",3.8
"['whitey', 'bulgers', 'girlfriend', 'gets', 'num', 'years']","['mobster', 'whitey', 'bulgers', 'girlfriend', 'gets', 'num', 'years']",3.6
"['mauritanian', 'president', 'shot', 'army', 'unit']","['mauritanian', 'president', 'shot']",3.8
"['man', 'sets', 'fire', 'breivik', 'trial']","['man', 'sets', 'self', 'afire', 'outside', 'breivik', 'trial']",4.6
"['us', 'drone', 'strike', 'kills', 'num', 'northwest', 'pakistan']","['us', 'drone', 'pakistan', 'kills', 'num', 'suspected', 'militants']",3.8
"['num', 'us', 'marines', 'leave', 'okinawa']","['num', 'us', 'marines', 'move', 'okinawa', 'statement']",5.0
"['toys', 'r', 'us', 'waives', 'fee', 'layaway', 'program']","['walmart', 'lowers', 'fee', 'holiday', 'layaway', 'program']",1.8
"['iran', 'expands', 'nuclear', 'enrichment', 'activities', 'iaea', 'report']","['iran', 'steps', 'sensitive', 'nuclear', 'work', 'iaea']",3.0
"['donna', 'summer', 'queen', 'disco', 'dies', 'num']","['donna', 'summer', 'queen', 'disco']",3.0
"['iraqi', 'attacks', 'kill', 'general', 'four', 'police']","['attacks', 'iraq', 'kill', 'general', 'num', 'others']",4.0
"['least', 'num', 'dead', 'northwest', 'iran', 'quakes']","['num', 'dead', 'num', 'injured', 'northwest', 'iran', 'earthquakes']",2.6
"['brazils', 'popstar', 'priest', 'gets', 'mammoth', 'new', 'stage']","['brazils', 'popstar', 'priest', 'gets', 'mammoth', 'new', 'stage']",5.0
"['washington', 'num', 'charged', 'medicare', 'fraud', 'sweep']","['washington', 'court', 'upholds', 'voting', 'rights', 'act', 'alabama', 'case']",0.6000000000000001
"['putin', 'claims', 'victory', 'russias', 'presidential', 'election']","['putin', 'claims', 'victory', 'presidential', 'vote']",4.2
"['clinton', 'ready', 'fight', 'obama']","['clinton', 'tough', 'act', 'obama', 'follow']",1.0
"['romney', 'announces', 'paul', 'ryan', 'running', 'mate']","['romney', 'chooses', 'ryan', 'gop', 'running', 'mate']",4.4
"['european', 'markets', 'rise', 'greek', 'bailout', 'hopes']","['european', 'ministers', 'poised', 'approve', 'greek', 'rescue']",2.2
"['edwards', 'acquitted', 'num', 'count', 'mistrial', 'others']","['edwards', 'found', 'guilty', 'one', 'count', 'mistrial', 'others']",4.6
"['ukrainian', 'weightlifter', 'gets', 'fouryear', 'doping', 'ban']","['ukraines', 'korobka', 'gets', 'fouryear', 'doping', 'ban']",4.2
"['gunman', 'may', 'filmed', 'school', 'massacre']","['killer', 'may', 'filmed', 'france', 'school', 'shooting']",3.0
"['hong', 'kong', 'stocks', 'close', 'num']","['hong', 'kong', 'stocks', 'open', 'num', 'pct', 'higher']",1.6
"['suicide', 'bomber', 'attacks', 'algerian', 'security', 'base']","['suicide', 'bomber', 'targets', 'nigerian', 'church']",0.8
"['thailand', 'iranians', 'planned', 'attack', 'israelis']","['malaysia', 'extradite', 'iranian', 'attack', 'israelis']",1.0
"['israeli', 'military', 'court', 'rejects', 'appeal', 'palestinian', 'hunger', 'striker']","['israel', 'reaches', 'deal', 'palestinian', 'hunger', 'strikers']",1.2
"['avengers', 'sets', 'box', 'office', 'record']","['hunger', 'games', 'sets', 'box', 'office', 'records']",1.6
"['putin', 'wins', 'russian', 'presidential', 'election']","['putin', 'wins', 'russias', 'presidential', 'election']",4.2
"['putin', 'casts', 'ballot', 'russians', 'vote']","['putin', 'win', 'russias', 'presidential', 'election']",1.4
"['un', 'chief', 'finds', 'voice', 'remains', 'cautious', 'china']","['insight', 'un', 'chief', 'finds', 'voice', 'remains', 'cautious', 'china']",4.8
"['libyans', 'begin', 'handing', 'weapons']","['libyans', 'transfer', 'weapons', 'army']",3.2
"['british', 'archbishop', 'canterbury', 'changes', 'career', 'cambridge']","['archbishop', 'canterbury', 'step', 'amid', 'rifts']",2.4
"['punjab', 'mail', 'derails', 'near', 'rohtak', 'num', 'injured']","['punjab', 'mail', 'derails', 'near', 'rohtak', 'haryana', 'num', 'injured']",4.2
"['george', 'zimmerman', 'charged', 'killing', 'trayvon', 'martin']","['george', 'zimmerman', 'charged', 'trayvon', 'martin', 'case', 'official', 'says']",4.0
"['indian', 'maoist', 'rebels', 'offer', 'talks', 'free', 'italian', 'hostages']","['india', 'maoist', 'rebels', 'talks', 'freeing', 'italians']",3.8
"['two', 'reported', 'dead', 'shooting', 'empire', 'state', 'building', 'ny']","['city', 'room', 'empire', 'state', 'building', 'shooting']",2.8
"['five', 'dead', 'pakistan', 'suicide', 'blast']","['least', 'num', 'dead', 'pakistan', 'factory', 'blaze']",1.0
"['penn', 'state', 'football', 'players', 'react', 'sanctions']","['penn', 'state', 'football', 'slammed', 'ncaa', 'sanctions']",2.4
"['israel', 'must', 'release', 'try', 'palestinian', 'prolonged', 'hunger', 'strike']","['israeli', 'minister', 'wants', 'palestinian', 'leaders', 'ouster']",0.5
"['un', 'report', 'says', 'sides', 'syria', 'abuse', 'rights']","['nato', 'leader', 'plays', 'risk', 'turkeysyria', 'clash']",1.0
"['girl', 'accused', 'burning', 'koran', 'goes', 'hiding']","['girl', 'accused', 'burning', 'koran', 'bailed']",3.2
"['france', 'warns', 'syria', 'chemical', 'weapons', 'use']","['un', 'concerned', 'possible', 'syria', 'chemical', 'weapons']",2.2
"['lifethreatening', 'midwest', 'storms', 'feared']","['lifethreatening', 'storms', 'feared', 'midwest']",4.4
"['chicago', 'teacher', 'strike', 'nears', 'end', 'framework', 'agreement', 'place']","['general', 'strike', 'ends', 'histadrut', 'treasury', 'reach', 'agreement']",0.8
"['indonesian', 'president', 'visit', 'uk']","['indonesian', 'president', 'visit', 'australia']",1.4
"['storm', 'delays', 'start', 'republican', 'convention']","['storm', 'lashes', 'florida', 'delaying', 'republican', 'convention']",4.4
"['least', 'two', 'nato', 'killed', 'afghanistan', 'helicopter', 'crash', 'military']","['least', 'num', 'killed', 'afghan', 'bomb', 'attacks', 'officials']",0.8
"['president', 'mills', 'must', 'quit', 'lecturer']","['president', 'john', 'evans', 'attamills', 'must', 'resign', 'npp', 'germany']",2.6
"['miami', 'heat', 'wins', 'nba', 'finals']","['miami', 'heat', 'clinches', 'nba', 'championship']",5.0
"['japan', 'closes', 'last', 'nuclear', 'reactor']","['japan', 'switches', 'last', 'nuclear', 'power', 'plant', 'weekend']",4.2
"['ryanair', 'new', 'bid', 'aer', 'lingus']","['ryanair', 'chief', 'hails', 'report', 'findings']",1.2
"['russian', 'air', 'force', 'celebrates', 'numth', 'anniversary']","['russian', 'air', 'forces', 'numth', 'anniversary']",4.4
"['num', 'nato', 'troops', 'killed', 'afghanistan']","['nato', 'soldier', 'killed', 'afghanistan']",2.2
"['super', 'tuesday', 'mitt', 'romney']","['romney', 'leads', 'santorum', 'gop', 'super', 'tuesday', 'contests']",1.6
"['putin', 'sworn', 'russian', 'growth', 'falters']","['putin', 'sworn', 'russias', 'president', 'num', 'years']",2.4
"['arqule', 'daiichi', 'stop', 'lung', 'cancer', 'trial', 'shares', 'tank']","['arqule', 'stock', 'plunges', 'lung', 'cancer', 'study', 'shelved']",3.4
"['teenager', 'father', 'killed', 'crash']","['three', 'killed', 'horror', 'crash', 'named']",1.6
"['nummagnitude', 'quake', 'strikes', 'indonesia']","['nummagnitude', 'quake', 'hits', 'papua', 'indonesia', 'usgs']",4.2
"['num', 'americans', 'killed', 'afghan', 'unrest', 'enters', 'fifth', 'day']","['two', 'american', 'officers', 'murdered', 'afghan', 'unrest', 'continues']",4.2
"['officials', 'romney', 'get', 'secret', 'service', 'protection']","['obama', 'addresses', 'secret', 'service', 'scandal']",0.6000000000000001
"['japan', 'pm', 'calls', 'quicker', 'tsunami', 'waste', 'processing']","['japan', 'marks', 'one', 'year', 'since', 'quake', 'tsunami', 'disaster']",1.0
"['syrian', 'fighter', 'pilot', 'defects', 'jordan']","['syrian', 'pm', 'defects', 'jordan']",1.4
"['syrian', 'arab', 'republic', 'syrian', 'arab', 'republic', 'syrian', 'refugees', 'num', 'june', 'num']","['syrian', 'arab', 'republic', 'num', 'killed', 'syria', 'ahead', 'annan', 'return']",1.2
"['suicide', 'bomber', 'kills', 'num', 'afghanistan']","['suicide', 'bomber', 'kills', 'num', 'nigeria', 'church']",1.2
"['airlines', 'cancel', 'flytilla', 'activists', 'tickets', 'ta']","['uk', 'airline', 'cancels', 'flytilla', 'tickets', 'israel', 'objections']",3.2
"['spain', 'asks', 'bank', 'rescue']","['spaniard', 'trial', 'cuban', 'dissidents', 'death']",0.2
"['murky', 'waters', 'south', 'china', 'sea']","['peace', 'lies', 'south', 'china', 'sea']",1.4
"['sri', 'lanka', 'seek', 'oneday', 'revival', 'pakistan']","['senior', 'journalist', 'killed', 'pakistan']",0.6000000000000001
"['spacex', 'docks', 'international', 'space', 'station', 'next', 'public', 'travel']","['spacex', 'dragon', 'docks', 'international', 'space', 'station']",3.8
"['million', 'muppet', 'march', 'defend', 'obama', 'backing', 'pbs']","['million', 'muppet', 'march', 'planned', 'defend', 'us', 'backing', 'pbs']",4.0
"['syrian', 'opposition', 'reconciliation', 'talks']","['syrian', 'opposition', 'council', 'establish', 'envoy', 'france']",1.4
"['sensex', 'num', 'points', 'budget', 'blues']","['romney', 'wont', 'volunteer', 'budget', 'differences']",1.0
"['facebook', 'boosts', 'size', 'ipo', 'numpc', 'raise', 'numbn']","['facebook', 'boosts', 'size', 'ipo', 'num', 'percent']",3.6
"['irans', 'parliament', 'questions', 'dismissive', 'ahmadinejad']","['irans', 'parliament', 'questions', 'president', 'ahmadinejad']",4.0
"['yemen', 'suicide', 'attack', 'kills', 'num', 'soldiers', 'officials']","['afghan', 'suicide', 'car', 'bomb', 'kills', 'least', 'seven', 'officials']",1.6
"['presidential', 'vote', 'polarises', 'egyptians']","['gop', 'presidential', 'hopefuls', 'clash', 'southern', 'races']",0.8
"['three', 'us', 'soldiers', 'killed', 'afghanistan']","['nato', 'soldier', 'killed', 'afghanistan']",1.8
"['police', 'raise', 'death', 'toll', 'bus', 'accident', 'num']","['rodney', 'king', 'death', 'ruled', 'accidental']",0.4
"['four', 'foreign', 'soldiers', 'killed', 'afghan', 'east']","['num', 'british', 'soldiers', 'killed', 'afghan', 'insider', 'attack']",0.8
"['red', 'cross', 'worker', 'killed', 'pakistan']","['british', 'red', 'cross', 'doctor', 'kidnapped', 'pakistan', 'found', 'beheaded']",3.6
"['afghan', 'us', 'govts', 'sign', 'deal', 'controversial', 'night', 'raid']","['afghans', 'us', 'sign', 'deal', 'night', 'raids']",3.8
"['china', 'mine', 'accident', 'kills', 'num']","['china', 'truck', 'accident', 'kills', 'num']",1.6
"['australia', 'eclipse', 'england', 'windies']","['australian', 'pm', 'defiant', 'pressure', 'leadership']",0.4
"['protests', 'pussy', 'riot', 'verdict']","['pussy', 'riot', 'verdict', 'greeted', 'defiance']",3.4
"['secret', 'service', 'sees', 'biggest', 'scandal', 'prostitutes']","['secret', 'service', 'sex', 'scandal', 'regret']",2.2
"['kuwait', 'activists', 'storm', 'syrian', 'embassy', 'two', 'injured']","['activists', 'storm', 'syria', 'embassy', 'kuwait']",3.4
"['details', 'aung', 'san', 'suu', 'kyis', 'visit', 'ireland']","['rapturous', 'welcome', 'aung', 'san', 'suu', 'kyis', 'historic', 'trip']",3.4
"['key', 'says', 'marae', 'visit', 'lost', 'opportunity']","['key', 'wants', 'waitangi', 'marae', 'visit', 'stay']",2.2
"['norway', 'marks', 'anniversary', 'massacre']","['norway', 'marks', 'anniversary', 'breiviks', 'massacre']",3.8
"['woman', 'killed', 'falling', 'debris']","['ally', 'declines']",0.0
"['aust', 'shares', 'num', 'interest', 'rate', 'cut']","['rba', 'delivers', 'another', 'rate', 'cut']",1.0
"['germany', 'warns', 'greece', 'money', 'without', 'reforms']","['euro', 'zone', 'greece', 'rescue', 'without', 'reforms']",2.6
"['obama', 'meet', 'families', 'shooting', 'victims']","['obama', 'meet', 'batman', 'gun', 'victims']",3.2
"['obama', 'widens', 'lead', 'romney', 'despite', 'jobs', 'data', 'reutersipsos', 'poll']","['romney', 'takes', 'lead', 'obama', 'convention', 'bounce', 'reutersipsos', 'poll']",1.0
"['two', 'killed', 'num', 'injured', 'toronto', 'shooting']","['two', 'dead', 'num', 'injured', 'finland', 'shooting']",1.4
"['popes', 'butler', 'saw', 'aide', 'arrested', 'vatican', 'leaks']","['popes', 'butler', 'arrested', 'scandal', 'vatican', 'leaks']",3.4
"['antiputin', 'protesters', 'form', 'human', 'chain', 'moscow']","['antiputin', 'protesters', 'form', 'human', 'chain']",3.8
"['washingtons', 'acts', 'congress', 'sells', 'numm']","['george', 'washingtons', 'copy', 'us', 'constitution', 'sells', 'numm']",2.6
"['lakers', 'fire', 'coach', 'mike', 'brown', 'num', 'start']","['lakers', 'fire', 'mike', 'brown', 'num', 'start']",4.4
"['canadian', 'muslims', 'issue', 'fatwa', 'honor', 'killing']","['us', 'canadian', 'imams', 'issue', 'fatwa', 'honour', 'killings']",3.4
"['un', 'take', 'syria', 'resolution']","['un', 'assembly', 'vote', 'syria', 'resolution']",3.6
"['soldier', 'cant', 'recall', 'massacre']","['us', 'soldier', 'doesnt', 'recall', 'massacre']",4.4
"['libya', 'pm', 'names', 'new', 'cabinet', 'protests', 'original']","['libyan', 'assembly', 'rejects', 'new', 'cabinet', 'dismisses', 'pm']",1.2
"['num', 'foreign', 'soldiers', 'killed', 'afghan', 'east']","['num', 'french', 'soldiers', 'reported', 'killed', 'afghanistan']",3.8
"['syrian', 'forces', 'storm', 'central', 'town']","['syrian', 'forces', 'bombard', 'homs', 'russia', 'warns', 'civil', 'war']",2.5
"['pak', 'num', 'dead', 'antiislam', 'film', 'protests']","['num', 'injured', 'antiislam', 'film', 'protest', 'islamabad', 'pakistan']",2.2
"['cause', 'whitney', 'houstons', 'death', 'could', 'take', 'weeks']","['investigators', 'seek', 'answers', 'whitney', 'houstons', 'death']",1.8
"['n', 'korea', 'warns', 'retaliation', 'south', 'korea', 'drill']","['north', 'warns', 'retaliation', 'seouls', 'naval', 'drill', 'plan']",3.6
"['tale', 'two', 'passes', 'new', 'york', 'giants', 'super', 'bowl']","['lesser', 'two', 'evils', 'triumphs', 'super', 'bowl']",1.4
"['one', 'dead', 'new', 'israeli', 'strike', 'gaza']","['two', 'killed', 'new', 'israeli', 'strike', 'gaza', 'medics']",3.6
"['germany', 'likely', 'press', 'russia', 'syrian', 'crisis']","['russia', 'thinking', 'syria', 'brief', 'guide']",1.0
"['four', 'seriously', 'injured', 'mnum', 'motorway', 'crash']","['four', 'injured', 'motorway', 'crash']",3.6
"['un', 'aid', 'chief', 'amos', 'enters', 'baba', 'amr', 'red', 'crescent']","['syrias', 'besieged', 'baba', 'amr', 'deserted', 'red', 'cross', 'says']",2.0
"['dozens', 'killed', 'nigerian', 'riots']","['dozens', 'killed', 'kenyan', 'clashes']",1.0
"['profiles', 'egypts', 'main', 'presidential', 'candidates']","['second', 'day', 'egyptian', 'presidential', 'election']",1.2
"['actor', 'gazzara', 'dead', 'num']","['actor', 'ben', 'gazzara', 'dies', 'num']",4.4
"['british', 'gold', 'rush', 'silences', 'gripes', 'cost']","['num', 'british', 'soldiers', 'killed', 'afghan', 'insider', 'attack']",0.6000000000000001
"['avalanche', 'buries', 'least', 'num', 'pakistani', 'soldiers']","['avalanche', 'buries', 'num', 'pakistani', 'soldiers']",4.6
"['inflation', 'falls', 'nummonth', 'low', 'analysts', 'say']","['inflation', 'falls', 'nummonth', 'low']",4.6
"['komen', 'wont', 'cut', 'planned', 'parenthood', 'funding']","['susan', 'g', 'komen', 'uturn', 'planned', 'parenthood', 'funding', 'cut']",3.0
"['forex', 'amp', 'gold', 'num', 'august', 'num']","['forex', 'gold', 'num', 'july', 'num']",2.2
"['iran', 'says', 'un', 'nuclear', 'talks', 'continue']","['iran', 'says', 'nuclear', 'talks', 'un', 'constructive']",2.8
"['agribusiness', 'mad', 'cow', 'disease', 'found', 'california']","['usda', 'confirms', 'case', 'mad', 'cow', 'disease', 'california']",4.2
"['bp', 'sells', 'gulf', 'mexico', 'assets', 'num', 'bil']","['bp', 'sells', 'gulf', 'mexico', 'assets', 'plains', 'num', 'bn']",3.6
"['num', 'potential', 'jimmy', 'savile', 'victims', 'police']","['uk', 'num', 'potential', 'savile', 'abuse', 'victims', 'emerge']",3.6
"['armstrong', 'steps', 'livestrong']","['armstrong', 'standing', 'livestrong']",4.6
"['us', 'drone', 'strike', 'kills', 'num', 'militants', 'pakistan']","['us', 'drone', 'strikes', 'kill', 'num', 'suspected', 'militants', 'yemen']",1.8
"['syrian', 'govt', 'wont', 'stop', 'attacks']","['syrian', 'opposition', 'reports', 'massacre']",1.0
"['chinese', 'stocks', 'close', 'higher', 'midday', 'friday']","['chinese', 'stocks', 'higher', 'midday', 'friday']",4.6
"['myanmar', 'opposition', 'claims', 'suu', 'kyi', 'win']","['voters', 'myanmar', 'hopeful', 'suu', 'kyis', 'party', 'claims', 'win']",3.2
"['obamas', 'poll', 'rating', 'drops', 'boost', 'republican', 'rivals']","['obamas', 'big', 'hispanic', 'win', 'worries', 'republicans']",1.0
"['two', 'aust', 'soldiers', 'wounded', 'afghanistan']","['num', 'foreign', 'soldiers', 'killed', 'afghan', 'east']",1.2
"['new', 'syria', 'opposition', 'chief', 'wants', 'nostrings', 'aid']","['syria', 'opposition', 'unites', 'israel', 'fires', 'warning', 'shots']",1.0
"['south', 'africa', 'mine', 'clash', 'kills', 'least', 'num']","['south', 'africa', 'train', 'crash', 'kills', 'num']",0.8
"['syrian', 'forces', 'bombard', 'homs', 'russia', 'warns', 'civil', 'war']","['syrian', 'forces', 'bombard', 'homs', 'lavrov', 'arrives', 'talks']",2.6
"['egypt', 'presidential', 'election', 'results', 'delayed']","['egyptian', 'election', 'result', 'delayed']",4.2
"['deadline', 'passes', 'new', 'iran', 'sanctions']","['eu', 'moves', 'closer', 'new', 'iran', 'sanctions']",1.6
"['arrested', 'russian', 'killer', 'denies', 'ties', 'pussy', 'riot']","['dozens', 'arrested', 'russian', 'tv', 'tower', 'protest']",0.8
"['norway', 'memorial', 'honours', 'num', 'massacre', 'victims']","['norway', 'marks', 'anniversary', 'massacre']",2.8
"['us', 'afghanistan', 'general', 'linked', 'petraeus', 'scandal']","['senior', 'us', 'general', 'linked', 'petraeus', 'scandal']",3.8
"['chinese', 'stocks', 'fall', 'rrr', 'cut', 'may', 'num']","['chinese', 'stocks', 'gain', 'midday', 'monday']",2.0
"['nkorea', 'makes', 'significant', 'nuclear', 'reactor', 'progress', 'iaea']","['n', 'korea', 'vows', 'expand', 'nuclear', 'deterrent']",2.8
"['maldives', 'president', 'quits', 'police', 'mutiny', 'protests']","['maldives', 'president', 'quits', 'weeks', 'protest']",3.4
"['nato', 'strike', 'kills', 'civilians', 'afghanistan']","['two', 'nato', 'soldiers', 'killed', 'afghanistan']",0.8
"['alqaida', 'says', 'captures', 'num', 'yemeni', 'soldiers', 'abyans', 'battle']","['al', 'qaeda', 'clashes', 'blasts', 'kill', 'num', 'soldiers', 'yemen']",1.4
"['navy', 'jet', 'crashes', 'us', 'apartments', 'pilots', 'eject']","['us', 'navy', 'jet', 'crashes', 'virginia', 'apartment', 'buildings']",3.4
"['china', 'stocks', 'open', 'higher', 'wednesday']","['us', 'stocks', 'open', 'higher', 'despite', 'gdp', 'miss']",0.8
"['idf', 'deploy', 'iron', 'dome', 'central', 'israel']","['major', 'snowstorm', 'barrels', 'central', 'plains']",0.0
"['num', 'killed', 'us', 'drone', 'strike', 'pakistan']","['us', 'drone', 'strike', 'kills', 'num', 'pakistan']",3.0
"['us', 'teen', 'held', 'chicago', 'jihad', 'car', 'bomb', 'plot']","['chicago', 'teen', 'arrested', 'chicago', 'car', 'bomb', 'plot']",3.4
"['pc', 'david', 'rathband', 'twin', 'brothers', 'fears', 'bestest', 'mate']","['david', 'miliband', 'brother', 'return', 'old', 'labour']",0.2
"['syrian', 'forces', 'move', 'retake', 'aleppo']","['syrian', 'regime', 'bids', 'retake', 'city', 'aleppo']",4.4
"['nummember', 'parliamentary', 'trade', 'team', 'leaves', 'india']","['commerce', 'secretary', 'take', 'leave', 'absence']",0.0
"['wall', 'street', 'opens', 'lower']","['wall', 'street', 'ends', 'mixed']",2.0
"['europe', 'shares', 'bounce', 'china', 'stimulus', 'seen']","['oil', 'prices', 'rise', 'hopes', 'stimulus']",0.8
"['stock', 'index', 'futures', 'point', 'lower', 'start']","['stock', 'index', 'futures', 'signal', 'early', 'losses']",4.4
"['man', 'charged', 'mp', 'hurt', 'attack']","['man', 'charged', 'murder', 'flat']",1.4
"['nokia', 'apologises', 'faked', 'ad']","['us', 'waives', 'riders', 'pak', 'aid']",0.0
"['us', 'drone', 'strike', 'kills', 'num', 'militants', 'pakistan']","['drone', 'strike', 'kills', 'four', 'suspected', 'militants', 'pakistan']",3.0
"['syria', 'rebels', 'leave', 'besieged', 'homs']","['syrian', 'rebels', 'retreat', 'besieged', 'homs', 'district']",4.4
"['us', 'orders', 'nonessential', 'staff', 'leave', 'sudan', 'tunisia']","['us', 'orders', 'nonessential', 'staff', 'leave', 'tunisia', 'sudan']",4.0
"['egypts', 'mubarak', 'critical']","['egypts', 'mubarak', 'critical', 'condition']",4.6
"['assad', 'says', 'mercenaries', 'behind', 'syria', 'unrest']","['assad', 'accuses', 'us', 'fueling', 'syrian', 'uprising']",3.33333333333333
"['japan', 'pm', 'dissolves', 'lower', 'house', 'election']","['iran', 'world', 'powers', 'set', 'nuclear', 'talks']",0.0
"['two', 'killed', 'new', 'israeli', 'strike', 'gaza', 'medics']","['num', 'die', 'strikes', 'gaza', 'militants', 'barrage', 'israel']",2.0
"['navy', 'jet', 'crashes', 'virginia', 'buildings', 'injuring', 'six']","['navy', 'jet', 'crashes', 'virginia', 'apartmentsnum', 'hurt']",3.2
"['one', 'nato', 'soldier', 'killed', 'afghanistan']","['british', 'soldier', 'killed', 'southern', 'afghanistan']",3.2
"['spain', 'jobless', 'rate', 'hits', 'new', 'high']","['spains', 'jobless', 'claims', 'hit', 'new', 'high']",4.2
"['turkey', 'scrambles', 'jets', 'near', 'border']","['turkey', 'scrambles', 'jets', 'syrian', 'border']",3.6
"['two', 'die', 'syria', 'violence', 'un', 'monitors', 'land']","['two', 'year', 'doping', 'ban', 'contador']",0.0
"['civilian', 'defector', 'killed', 'syria', 'says', 'ngo']","['syria', 'gunmen', 'kill', 'three', 'syrian', 'officers', 'ngo']",1.0
"['taiwan', 'rattled', 'strong', 'earthquake']","['china', 'rocked', 'twin', 'earthquakes']",1.2
"['bank', 'englands', 'paul', 'tucker', 'tainted', 'libor', 'mess']","['bank', 'england', 'deputy', 'denies', 'ordering', 'raterigging']",2.8
"['red', 'cross', 'says', 'negotiating', 'halt', 'fighting', 'syria', 'take', 'aid']","['red', 'cross', 'negotiating', 'syria', 'ceasefire', 'bring', 'aid']",4.4
"['syrian', 'forces', 'shoot', 'civilians', 'bus']","['syrian', 'forces', 'rebels', 'clash', 'near', 'turkey']",0.8
"['german', 'parliament', 'overwhelmingly', 'backs', 'greek', 'rescue', 'deal']","['german', 'parliament', 'endorses', 'greek', 'bailout']",4.4
"['bombings', 'clashes', 'continue', 'syria']","['bombings', 'clashes', 'syria', 'opposition', 'seeks', 'arms']",3.4
"['burmas', 'reforms', 'bring', 'easing', 'us', 'sanctions']","['burma', 'activists', 'say', 'go', 'slow', 'easing', 'sanctions']",2.4
"['usain', 'bolt', 'wins', 'numm', 'steven', 'howard', 'reaction']","['facebook', 'mobile', 'gains', 'drive', 'revenue', 'growth', 'reaction']",0.2
"['dozens', 'dead', 'taliban', 'resort', 'attack']","['india', 'police', 'name', 'num', 'iranians', 'embassy', 'attack']",0.4
"['heavy', 'fighting', 'rocks', 'eastern', 'syria', 'ahead', 'poll']","['heavy', 'fighting', 'rocks', 'eastern', 'syria', 'residents']",3.8
"['china', 'yuan', 'weakens', 'num', 'usd', 'monday']","['china', 'yuan', 'retreats', 'num', 'usd', 'thursday']",2.8
"['num', 'dead', 'christian', 'school', 'shooting']","['num', 'wounded', 'ohio', 'school', 'shooting']",1.4
"['indonesia', 'antiterror', 'squad', 'kills', 'two', 'suspected', 'militants']","['indonesia', 'police', 'shoot', 'dead', 'suspected', 'militants', 'bali']",3.2
"['us', 'election', 'mitt', 'romney', 'concedes', 'defeat', 'barack', 'obama', 'wins', 'second', 'term']","['romney', 'concedes', 'election', 'obama', 'phone', 'call']",4.0
"['armenians', 'vote', 'parliamentary', 'elections']","['armenias', 'parliamentary', 'vote', 'test', 'president']",3.2
"['sachin', 'tendulkar', 'sworn', 'indian', 'senator']","['mp', 'sachin', 'tendulkar', 'says', 'govt', 'bungalow']",1.6
"['navy', 'jet', 'crashes', 'apartment', 'building']","['us', 'navy', 'jet', 'crashes', 'virginia', 'apartment', 'buildings']",3.6
"['romney', 'wins', 'big', 'puerto', 'rico', 'primary']","['romney', 'wins', 'illinois', 'primary']",1.5
"['yahoo', 'name', 'googles', 'mayer', 'ceo', 'report']","['yahoo', 'names', 'google', 'exec', 'mayer', 'ceo']",4.2
"['us', 'soldier', 'accused', 'afghan', 'massacre', 'hires', 'prominent', 'criminal', 'lawyer']","['us', 'soldier', 'accused', 'killing', 'afghan', 'civilians', 'identified']",2.0
"['nummagnitude', 'quake', 'hits', 'northern', 'italy', 'usgs']","['nummagnitude', 'quake', 'hits', 'sunda', 'strait', 'indonesia', 'usgs']",1.6
"['us', 'govt', 'officially', 'designates', 'haqqani', 'network', 'terrorists']","['us', 'designates', 'haqqani', 'network', 'terrorists']",4.4
"['motor', 'racing', 'button', 'fastest', 'years', 'first', 'fnum', 'practice']","['button', 'boasts', 'best', 'time', 'first', 'practice']",3.0
"['rangers', 'voted', 'division', 'three']","['rangers', 'voted', 'third', 'division']",4.8
"['newark', 'mayor', 'saves', 'neighbor', 'fire']","['newark', 'mayor', 'rescues', 'neighbor', 'burning', 'house']",4.2
"['fnum', 'protests', 'bahrain']","['day', 'rage', 'bahrain']",2.25
"['new', 'york', 'stock', 'exchange', 'reopen', 'wednesday']","['dealbook', 'stock', 'exchanges', 'prepare', 'open']",3.0
"['homs', 'mortar', 'fire', 'kills', 'num']","['homs', 'offensive', 'kills', 'num']",2.6
"['hundreds', 'honor', 'student', 'killed', 'ohio', 'shooting']","['funeral', 'set', 'ohio', 'shooting', 'victim']",2.0
"['bombs', 'southern', 'thailand', 'kill', 'num', 'wound', 'num']","['bombs', 'thailand', 'kill', 'num', 'wound', 'num']",3.0
"['us', 'lawmakers', 'take', 'next', 'step', 'new', 'iran', 'sanctions']","['somalia', 'lawmakers', 'vote', 'new', 'president']",0.2
"['barack', 'obama', 'admits', 'us', 'nuclear', 'weapons', 'need']","['french', 'gunman', 'wants', 'die', 'weapons', 'hands']",0.4
"['num', 'rockets', 'hit', 'eshkol', 'region', 'injuries']","['num', 'rockets', 'num', 'minutes', 'eshkol', 'regional', 'council']",1.8
"['betrayed', 'disabled', 'workers', 'protest', 'remploy', 'closures']","['may', 'day', 'marked', 'protests', 'austerity', 'cuts']",0.6000000000000001
"['dr', 'congo', 'rebels', 'kill', 'park', 'rangers']","['rebels', 'kill', 'two', 'park', 'rangers', 'eastern', 'congo']",4.0
"['nine', 'pakistani', 'troops', 'killed', 'militant', 'ambush']","['trade', 'pakistan', 'india', 'agree', 'take', 'step', 'ahead']",0.8
"['num', 'dead', 'egypt', 'soccer', 'violence']","['least', 'num', 'die', 'egyptian', 'soccer', 'pitch', 'invasion']",3.2
"['unrest', 'tense', 'nigeria', 'leaves', 'least', 'num', 'dead']","['southwest', 'china', 'quakes', 'kill', 'least', 'num']",0.2
"['hurricane', 'sandy', 'makes', 'landfall', 'southeastern', 'jamaica', 'nhc']","['hurricane', 'sandy', 'reaches', 'jamaica']",3.0
"['remarks', 'prime', 'minister', 'elkeib', 'meeting']","['remarks', 'foreign', 'minister', 'koichiro', 'gemba']",1.5
"['barrick', 'talks', 'china', 'firm', 'african', 'assets']","['obama', 'aide', 'holds', 'talks', 'china', 'syria', 'veto']",1.2
"['mall', 'attackers', 'used', 'less', 'strategy']","['kenya', 'attackers', 'used', 'less', 'strategy']",3.0
"['weak', 'earnings', 'drag', 'stocks', 'lower']","['weak', 'earnings', 'drag', 'stocks', 'lower', 'wall', 'street']",3.8
"['num', 'quake', 'strikes', 'solomon', 'islands']","['magnitude', 'num', 'quake', 'strikes', 'solomon', 'islands', 'usgs']",3.2
"['liquid', 'ammonia', 'leak', 'kills', 'num', 'shanghai']","['liquid', 'ammonia', 'leak', 'kills', 'least', 'num', 'shanghai']",4.6
"['friends', 'syria', 'recognizes', 'opposition', 'coalition', 'legitimate', 'representative', 'syrian', 'people']","['us', 'friends', 'syria', 'recognise', 'opposition', 'sole', 'representative']",4.0
"['weiner', 'stays', 'nyc', 'mayors', 'race', 'amid', 'new', 'sexting', 'scandal']","['weiner', 'shrugs', 'latest', 'online', 'sex', 'scandal']",3.0
"['death', 'toll', 'rises', 'russia', 'plane', 'crash']","['death', 'toll', 'rises', 'num', 'italy', 'coach', 'crash']",0.0
"['indian', 'media', 'commonwealth', 'summit']","['indian', 'pm', 'snubs', 'commonwealth', 'summit']",2.8
"['syria', 'military', 'police', 'chief', 'defects', 'opposition']","['syria', 'military', 'police', 'chief', 'defects', 'rebels']",5.0
"['boeing', 'num', 'dreamliner', 'catches', 'fire', 'stock', 'takes', 'beating']","['boeing', 'stock', 'tumbles', 'fire', 'num', 'dreamliner']",4.6
"['yvette', 'cooper', 'backs', 'gay', 'marriage', 'bill']","['white', 'house', 'backs', 'gay', 'marriage']",2.6
"['five', 'killed', 'belgian', 'coach', 'crash']","['teenagers', 'among', 'num', 'dead', 'belgian', 'bus', 'crash']",3.8
"['gunmen', 'abduct', 'seven', 'foreign', 'workers', 'nigeria']","['seven', 'foreign', 'workers', 'kidnapped', 'nigeria']",3.4
"['swiss', 'tourist', 'gangraped', 'india']","['swiss', 'tourist', 'gang', 'raped', 'india', 'say', 'police']",5.0
"['palestinians', 'clash', 'israeli', 'forces', 'west', 'bank', 'jerusalem']","['palestinians', 'clash', 'security', 'forces', 'w', 'bank']",4.2
"['israel', 'planes', 'strike', 'inside', 'syria']","['israel', 'launches', 'airstrike', 'syria']",4.6
"['iranians', 'vote', 'presidential', 'election']","['keita', 'wins', 'mali', 'presidential', 'election']",0.4
"['num', 'killed', 'new', 'darfur', 'tribal', 'clashes']","['num', 'dead', 'new', 'darfur', 'tribal', 'clash']",2.8
"['protest', 'us', 'drone', 'strikes', 'pak', 'postponed']","['num', 'killed', 'us', 'drone', 'strike', 'nw', 'pakistan']",1.4
"['num', 'killed', 'bus', 'accident', 'pakistan']","['num', 'killed', 'road', 'accident', 'nw', 'pakistan']",3.2
"['carney', 'sets', 'high', 'bar', 'change', 'boe']","['carney', 'sets', 'high', 'bar', 'changes', 'bank', 'england']",5.0
"['num', 'arrested', 'deadly', 'bangladesh', 'building', 'collapse']","['four', 'arrested', 'bangladesh', 'building', 'toll', 'rises', 'num']",2.4
"['suicide', 'bomber', 'kills', 'num', 'us', 'base', 'afghanistan']","['suicide', 'bombers', 'attack', 'us', 'base', 'afghanistan']",2.8
"['afghans', 'flock', 'colleges', 'even', 'taliban', 'loom']","['afghan', 'district', 'governor', 'defects', 'taliban']",0.6000000000000001
"['north', 'korea', 'postpones', 'family', 'reunions', 'south']","['north', 'korea', 'postpones', 'family', 'unions', 'south', 'korea']",5.0
"['apple', 'revenue', 'misses', 'iphone', 'disappoints']","['us', 'trade', 'agency', 'rules', 'samsung', 'bans', 'iphone', 'num', 'imports']",0.6000000000000001
"['gunmen', 'kill', 'num', 'foreign', 'tourists', 'northern', 'pakistan']","['gunmen', 'kill', 'num', 'foreign', 'climbers', 'pakistan']",3.4
"['david', 'beckham', 'announces', 'retirement', 'soccer']","['david', 'beckham', 'retires', 'football']",4.4
"['matt', 'smith', 'leave', 'doctor', 'num', 'years']","['matt', 'smith', 'quits', 'bbcs', 'doctor']",4.0
"['generations', 'divided', 'gay', 'marriage']","['gnum', 'summit', 'ends', 'divided', 'syria']",0.0
"['num', 'killed', 'iraq', 'car', 'bombings']","['num', 'killed', 'iraq', 'bomb', 'attack']",1.6
"['man', 'set', 'fire', 'national', 'mall', 'dies', 'injuries']","['man', 'set', 'ablaze', 'national', 'mall', 'dies']",5.0
"['taliban', 'attacks', 'kill', 'num', 'civilians', 'afghanistan']","['series', 'attacks', 'kill', 'num', 'police', 'afghanistan']",1.4
"['egypt', 'minister', 'survives', 'assassination', 'attempt']","['syrian', 'prime', 'minister', 'survives', 'assassination', 'attempt']",1.6
"['exfirst', 'lady', 'barbara', 'bush', 'leaves', 'texas', 'hospital']","['former', 'first', 'lady', 'barbara', 'bush', 'leaves', 'hospital']",4.6
"['schumacher', 'coma', 'ski', 'accident']","['michael', 'schumacher', 'still', 'coma', 'fighting', 'life', 'following', 'skiing', 'accident']",4.0
"['num', 'killed', 'chinese', 'police', 'station', 'attack']","['eleven', 'killed', 'china', 'police', 'station', 'attack']",5.0
"['bradley', 'cooper', 'jj', 'abrams', 'talks', 'filming', 'lance', 'armstrong', 'biopic']","['bradley', 'cooper', 'talks', 'play', 'lance', 'armstrong', 'biopic']",4.0
"['boeing', 'airliner', 'crashes', 'russia', 'num', 'killed']","['boeing', 'airliner', 'crashes', 'russian', 'city', 'kazan', 'num', 'killed']",3.8
"['eu', 'ministers', 'determined', 'resolve', 'horsemeat', 'scandal']","['eu', 'ministers', 'hold', 'crisis', 'talks', 'horse', 'meat', 'scandal']",4.4
"['thai', 'opposition', 'party', 'boycott', 'general', 'election']","['thai', 'opposition', 'announces', 'election', 'boycott']",4.8
"['bangladesh', 'building', 'collapse', 'death', 'toll', 'hits', 'num', 'army']","['bangladesh', 'building', 'collapse', 'death', 'toll', 'passes', 'num']",2.6
"['jagan', 'reddy', 'shifted', 'hospital', 'power', 'crisis', 'continues', 'seemandhra']","['telangana', 'jagan', 'spend', 'thursday', 'hospital', 'blackout', 'continues', 'seemandhra']",4.2
"['central', 'african', 'republic', 'president', 'overthrown', 'rebels']","['central', 'african', 'republic', 'president', 'pm', 'stepping']",2.6
"['brazil', 'tied', 'num', 'england', 'maracana', 'reopens']","['brazil', 'held', 'england', 'num', 'maracana', 'reopens']",5.0
"['california', 'wildfire', 'num', 'lines', 'firefighters', 'labor', 'limit', 'damage', 'video']","['california', 'wildfire', 'grows', 'officials', 'say', 'fire', 'crews', 'making', 'progress']",3.8
"['george', 'w', 'bush', 'warns', 'bitter', 'immigration', 'debate']","['george', 'w', 'bush', 'weighs', 'immigration', 'debate']",3.0
"['mandela', 'hospitalized', 'responding', 'treatment']","['mandela', 'hospitalised', 'stops', 'talking']",3.4
"['russia', 'condemns', 'north', 'korean', 'nuclear', 'test']","['south', 'korea', 'confirms', 'north', 'korea', 'conducted', 'controversial', 'third', 'nuclear', 'test']",1.2
"['hundreds', 'bangladesh', 'clothes', 'factory', 'workers', 'ill']","['hundreds', 'fall', 'sick', 'bangladesh', 'factory']",4.4
"['yemen', 'suicide', 'bombing', 'kills', 'soldiers']","['female', 'suicide', 'bomber', 'kills', 'num', 'russian', 'station']",2.0
"['num', 'trapped', 'russian', 'coal', 'mine', 'blast']","['ten', 'killed', 'russia', 'coal', 'mine', 'blast']",2.8
"['thai', 'protesters', 'break', 'army', 'headquarters']","['thai', 'protesters', 'storm', 'army', 'headquarters']",4.6
"['israel', 'conducts', 'airstrike', 'syria']","['israel', 'launches', 'new', 'airstrike', 'syria']",4.4
"['police', 'fire', 'tear', 'gas', 'disperse', 'protesters', 'tunis']","['police', 'fire', 'tear', 'gas', 'protesters', 'cairo']",2.2
"['egypts', 'main', 'opposition', 'rejects', 'presidents', 'call', 'dialogue']","['egypt', 'opposition', 'mulls', 'response', 'morsi', 'dialogue', 'call']",3.8
"['tokyo', 'host', 'num', 'olympic', 'games']","['wrestling', 'feature', 'num', 'tokyo', 'olympics']",1.4
"['housing', 'starts', 'num', 'may']","['may', 'housing', 'starts', 'num']",4.6
"['gtcubas', 'castro', 'assumes', 'celac', 'presidency']","['cubas', 'castro', 'take', 'celac', 'presidency']",5.0
"['num', 'magnitude', 'earthquake', 'hits', 'new', 'zealand']","['num', 'magnitude', 'earthquake', 'shakes', 'iran']",0.2
"['dozens', 'feared', 'trapped', 'india', 'building', 'collapse']","['rescuers', 'race', 'find', 'num', 'still', 'trapped', 'india', 'building', 'collapse']",3.0
"['daily', 'press', 'briefing', 'south', 'sudan']","['daily', 'press', 'briefing', 'syria']",1.2
"['islamists', 'attack', 'north', 'mali', 'city', 'suicide', 'bombings']","['islamists', 'attack', 'malian', 'troops', 'gao']",3.2
"['britain', 'set', 'deport', 'abu', 'qatada']","['britain', 'loses', 'bid', 'deport', 'radical', 'cleric', 'abu', 'qatada']",2.2
"['french', 'parliament', 'backs', 'reform', 'law', 'prostitution']","['russian', 'parliament', 'consider', 'ban', 'us', 'adoptions']",0.8
"['shots', 'explosions', 'heard', 'thais', 'continue', 'protest', 'bangkok']","['gunshots', 'explosions', 'rock', 'thai', 'protest', 'day', 'ahead', 'polls']",2.6
"['israeli', 'military', 'focuses', 'northern', 'border']","['egypts', 'military', 'takes', 'control', 'muslim', 'brotherhood', 'supporters']",1.6
"['north', 'korea', 'blocks', 'kaesong', 'access']","['north', 'korea', 'vows', 'restart', 'nuclear', 'facilities']",1.0
"['manning', 'sentenced', 'num', 'years', 'prison']","['ariel', 'castro', 'sentenced', 'num', 'years', 'prison']",0.4
"['us', 'senate', 'approves', 'fiscal', 'cliff', 'deal']","['official', 'deal', 'reached', 'fiscal', 'cliff']",3.4
"['zimmerman', 'stopped', 'speeding', 'texas', 'released', 'warning']","['zimmerman', 'pulled', 'texas', 'speeding', 'given', 'warning']",5.0
"['irans', 'rouhani', 'warns', 'talibanisation', 'syria']","['russia', 'china', 'concerned', 'israeli', 'airstrikes', 'syria']",1.4
"['syria', 'denies', 'reports', 'deadly', 'damascus', 'nerve', 'gas', 'attack']","['us', 'allies', 'get', 'help', 'repel', 'iranian', 'computer', 'attacks']",0.0
"['china', 'stocks', 'close', 'higher', 'economic', 'meeting']","['china', 'stocks', 'close', 'higher', 'wednesday']",3.4
"['russia', 'unveils', 'num', 'billion', 'oil', 'link', 'pacific']","['russia', 'unveils', 'numbn', 'oil', 'link', 'pacific']",3.4
"['police', 'kill', 'gunman', 'find', 'num', 'dead', 'colo', 'home']","['num', 'dead', 'police', 'standoff', 'gunman', 'barricaded', 'us', 'home']",2.0
"['dolce', 'gabbana', 'convicted', 'tax', 'evasion']","['dolce', 'gabbana', 'fined', 'italian', 'tax', 'case']",3.0
"['nummagnitude', 'quake', 'hits', 'pakistan', 'cenc']","['nummagnitude', 'earthquake', 'hits', 'sw', 'pakistan']",3.8
"['asteroid', 'zips', 'earth', 'satellites']","['asteroid', 'passes', 'earth', 'flyby']",4.4
"['fight', 'mali', 'town', 'reflects', 'islamist', 'tactics']","['eu', 'train', 'mali', 'army', 'fight', 'northern', 'islamist', 'militants']",2.0
"['two', 'santa', 'trackers', 'competing', 'christmas']","['spain', 'turning', 'back', 'clock', 'siestas']",0.0
"['ships', 'train', 'syrian', 'chemical', 'weapons', 'transport']","['syria', 'loads', 'chemical', 'weapons', 'bombs', 'awaiting', 'assad', 'order']",2.6
"['num', 'killed', 'num', 'wounded', 'attacks', 'iraq']","['num', 'killed', 'num', 'wounded', 'fresh', 'attacks', 'iraq']",2.2
"['us', 'trust', 'syria', 'hand', 'chemical', 'weapons']","['us', 'says', 'syria', 'may', 'used', 'sarin', 'gas', 'chemical', 'weapons']",1.0
"['mexican', 'singer', 'jenni', 'rivera', 'believed', 'killed', 'plane', 'crash']","['jenni', 'rivera', 'mexican', 'music', 'star', 'dies', 'plane', 'crash']",3.4
"['bangladesh', 'court', 'sentences', 'first', 'lawmaker', 'death', 'war', 'crimes']","['british', 'pm', 'pushes', 'sri', 'lanka', 'war', 'crimes']",1.8
"['mugabe', 'declared', 'winner', 'disputed', 'elections']","['zimbabwe', 'mugabe', 'declared', 'winner', 'disputed', 'vote']",4.0
"['death', 'toll', 'climbs', 'num', 'indonesia', 'boat', 'sinking']","['indonesia', 'death', 'toll', 'rises', 'num', 'indonesia', 'boat', 'capsize']",3.6
"['egyptian', 'court', 'bans', 'muslim', 'brotherhood']","['egypt', 'court', 'bans', 'muslim', 'brotherhood', 'activities']",3.8
"['rouhani', 'leads', 'iran', 'presidential', 'vote', 'preliminary', 'results']","['rouhani', 'leads', 'initial', 'iran', 'count']",4.2
"['police', 'attacked', 'belfast', 'flag', 'protests']","['politicians', 'flag', 'violence', 'talks']",0.6000000000000001
"['skorea', 'proposes', 'final', 'nkorea', 'talks', 'kaesong']","['north', 'korea', 'proposes', 'highlevel', 'talks', 'us']",1.0
"['india', 'gangrape', 'victim', 'struggling', 'odds']","['indian', 'rape', 'victim', 'dies', 'singapore', 'hospital']",1.8
"['gunmen', 'kill', 'num', 'foreign', 'tourists', 'num', 'pakistani']","['gunmen', 'kill', 'num', 'foreign', 'tourists', 'pakistan']",2.8
"['statement', 'spokesperson', 'high', 'representative', 'catherine', 'ashton', 'latest', 'spate', 'attacks', 'iraq']","['statement', 'spokesperson', 'eu', 'high', 'representative', 'catherine', 'ashton', 'resumption', 'executions', 'iraq']",3.2
"['egypt', 'increases', 'security', 'promorsi', 'protests']","['egypt', 'bracing', 'massive', 'protests']",3.0
"['yacimovich', 'urges', 'cabinet', 'approve', 'palestinian', 'prisoners', 'release']","['israel', 'agrees', 'free', 'num', 'palestinian', 'prisoners']",2.0
"['palestinians', 'build', 'another', 'west', 'bank', 'tent', 'protest']","['palestinians', 'first', 'ever', 'un', 'vote', 'symbolic', 'yet', 'historic']",0.4
"['bangladesh', 'building', 'collapse', 'death', 'toll', 'hits', 'num']","['bangladesh', 'buildingcollapse', 'death', 'toll', 'climbs', 'num']",3.6
"['israeli', 'envoys', 'summoned', 'settlement', 'plans']","['britain', 'summons', 'israeli', 'envoy', 'settlements']",2.5
"['num', 'dead', 'num', 'injured', 'nevada', 'middle', 'school', 'shooting']","['nevada', 'num', 'dead', 'num', 'hurt', 'middle', 'school', 'shooting']",5.0
"['hamas', 'mixed', 'sex', 'schools', 'ban', 'takes', 'effect']","['hamas', 'mixedsex', 'school', 'ban']",4.2
"['man', 'arrested', 'police', 'officer', 'shot', 'leeds']","['navy', 'panel', 'urges', 'ouster', 'officer', 'faked', 'death']",0.4
"['ukrainian', 'prime', 'minister', 'resigns', 'amid', 'protests']","['turkish', 'prime', 'minister', 'signals', 'return', 'hardline', 'protesters']",0.6000000000000001
"['obama', 'refocus', 'economy', 'state', 'union']","['factbox', 'look', 'obamas', 'state', 'union', 'speech']",2.2
"['google', 'launches', 'internetbeaming', 'balloons']","['google', 'playing', 'international', 'tax', 'game']",1.0
"['iraq', 'backs', 'egypt', 'crackdown', 'morsi', 'supporters']","['iraq', 'backs', 'egypt', 'crackdown', 'mohamed', 'morsi', 'supporters']",4.8
"['russia', 'gives', 'initial', 'ok', 'american', 'adoption', 'ban']","['russia', 'gives', 'initial', 'approval', 'adoption', 'ban']",3.8
"['five', 'convicted', 'kosovo', 'organ', 'trafficking', 'case']","['kosovo', 'num', 'get', 'jail', 'time', 'organ', 'trafficking', 'case']",2.8
"['hrithik', 'roshan', 'wife', 'sussanne', 'part', 'ways']","['hrithik', 'roshan', 'sussanne', 'divorce']",4.4
"['gunman', 'among', 'num', 'dead', 'florida', 'apartment', 'shooting']","['gunman', 'among', 'num', 'dead', 'fla', 'apartment', 'shootout']",5.0
"['obama', 'lauds', 'progress', 'gay', 'rights', 'inaugural', 'address']","['thousands', 'protest', 'gay', 'marriage', 'france']",1.0
"['wave', 'bombings', 'kills', 'num', 'iraq']","['car', 'bombs', 'kill', 'least', 'num', 'iraq']",2.2
"['shock', 'move', 'obama', 'puts', 'syria', 'strike', 'hold']","['obama', 'puts', 'syria', 'strike', 'hold']",4.6
"['israel', 'strikes', 'syria', 'tensions', 'rise', 'weapons']","['air', 'strikes', 'wound', 'civilians', 'syrias', 'deraa']",1.8
"['gunmen', 'kill', 'nine', 'people', 'northwest', 'pakistan']","['militants', 'kill', 'num', 'soldiers', 'northwest', 'pakistan']",2.6
"['san', 'francisco', 'plane', 'crash', 'glance']","['two', 'dead', 'num', 'hurt', 'san', 'francisco', 'air', 'crash']",1.2
"['num', 'arrested', 'deadly', 'bangladesh', 'building', 'collapse']","['workers', 'protest', 'bangladesh', 'building', 'collapse']",2.2
"['xmas', 'cruise', 'passengers', 'hit', 'norovirus']","['missing', 'cruise', 'passenger', 'nsw', 'ambo']",0.0
"['murder', 'claim', 'dianas', 'death', 'new', 'information', 'passed', 'police', 'relating', 'deaths', 'princess', 'diana', 'dodi', 'fayed', 'thought', 'include', 'allegation', 'murdered']","['diana', 'fayed', 'death', 'info', 'received', 'new', 'deaths', 'princess', 'diana', 'dodi', 'al', 'fayed', 'looked', 'police', 'received', 'information']",3.5
"['snowden', 'asks', 'stay', 'russia']","['snowden', 'releases', 'first', 'russia', 'video']",1.4
"['chinese', 'shares', 'close', 'lower', 'wednesday']","['chinese', 'shares', 'close', 'higher', 'friday']",2.2
"['stomach', 'bug', 'cause', 'ailing', 'nadal', 'miss', 'australian', 'open']","['rafa', 'nadal', 'miss', 'australian', 'open']",3.4
"['narendra', 'modi', 'pledges', 'tough', 'stand', 'pakistan']","['indias', 'modi', 'promises', 'tough', 'stance', 'pakistan']",4.8
"['egyptian', 'court', 'considers', 'mubaraks', 'release']","['egypt', 'court', 'orders', 'release', 'mubarak']",3.4
"['boy', 'scouts', 'delay', 'decision', 'admitting', 'gays']","['boy', 'scouts', 'america', 'delays', 'vote', 'lifting', 'ban', 'gays']",5.0
"['num', 'car', 'bombs', 'kill', 'num', 'southern', 'iraq']","['car', 'bombing', 'kills', 'num', 'northern', 'iraq']",1.4
"['van', 'der', 'sloot', 'marry', 'prison']","['joran', 'van', 'der', 'sloots', 'plans', 'get', 'married', 'peru', 'prison']",4.0
"['tokyo', 'stocks', 'close', 'numpc']","['tokyo', 'stocks', 'close', 'num']",3.0
"['china', 'stock', 'index', 'futures', 'close', 'higher', 'dec', 'num']","['china', 'stock', 'index', 'futures', 'close', 'lower', 'jan', 'num']",2.2
"['pictures', 'day', 'num', 'august', 'num']","['pictures', 'day', 'num', 'april', 'num']",2.8
"['palestinians', 'hit', 'israeli', 'fire', 'gaza']","['two', 'palestinians', 'killed', 'israeli', 'air', 'strike', 'gaza']",2.8
"['jesse', 'jackson', 'jr', 'wife', 'plead', 'guilty', 'fraud']","['jesse', 'jackson', 'jr', 'wife', 'plead', 'guilty', 'fraud']",4.6
"['usa', 'expels', 'venezuela', 'diplomats', 'row']","['us', 'expels', 'venezuelan', 'diplomats']",4.4
"['bbc', 'veteran', 'hall', 'admits', 'child', 'sex', 'abuse']","['stuart', 'hall', 'admits', 'sex', 'assaults', 'children']",3.4
"['num', 'killed', 'num', 'injured', 'south', 'china', 'road', 'accident']","['num', 'killed', 'num', 'injured', 'philippine', 'road', 'accident']",0.6000000000000001
"['ryanair', 'reports', 'record', 'profits', 'warns', 'growth', 'likely', 'slow', 'year']","['stansted', 'ryanair', 'reports', 'num', 'rise', 'annual', 'profits', 'warns', 'slower', 'growth', 'year']",3.4
"['stocks', 'watch', 'close', 'monday']","['stocks', 'watch', 'close', 'thursday']",3.0
"['numth', 'anniversary', 'jfks', 'death', 'remembered']","['numth', 'anniversary', 'jfk', 'death', 'dallas', 'holds', 'first', 'memorial']",4.0
"['nummagnitude', 'earthquake', 'hits', 'taiwan']","['nummagnitude', 'earthquake', 'hits', 'sw', 'pakistan']",1.2
"['books', 'help', 'kids', 'talk', 'boston', 'marathon', 'news']","['report', 'two', 'explosions', 'finish', 'line', 'boston', 'marathon']",0.8
"['tech', 'sector', 'heats', 'google', 'ibm', 'post', 'strong', 'earnings']","['google', 'shares', 'soar', 'past', 'num', 'strong', 'earnings']",2.6
"['profiles', 'kenyas', 'presidential', 'candidates']","['italian', 'journalist', 'picked', 'presidential', 'candidate']",1.0
"['israel', 'frees', 'palestinian', 'prisoners']","['govt', 'committee', 'approves', 'release', 'num', 'palestinian', 'prisoners']",3.4
"['philadelphia', 'building', 'collapses', 'num', 'people', 'may', 'trapped']","['philadelphia', 'building', 'collapses', 'reports', 'people', 'trapped']",4.0
"['obama', 'meets', 'mandela', 'family']","['obama', 'meets', 'zuma', 'pays', 'tribute', 'mandela']",3.0
"['us', 'senate', 'sets', 'gun', 'control', 'debate']","['us', 'senate', 'set', 'vote', 'gun', 'control', 'bill']",3.4
"['car', 'bombing', 'kills', 'num', 'damascus']","['car', 'bombings', 'kill', 'num', 'civilians', 'iraqi', 'capital']",1.4
"['friends', 'syria', 'doha', 'talks', 'arming', 'rebels']","['syria', 'talks', 'agree', 'military', 'aid', 'rebels']",2.6
"['syria', 'condemns', 'israeli', 'air', 'strikes']","['series', 'deadly', 'attacks', 'strikes', 'iraq']",2.0
"['egypts', 'leader', 'imposes', 'state', 'emergency', 'num', 'cities']","['egypt', 'president', 'declares', 'state', 'emergency', 'three', 'cities']",5.0
"['abvp', 'protesters', 'clash', 'police', 'jantar', 'mantar', 'throw', 'stones']","['protesters', 'clash', 'police', 'jantar', 'mantar', 'num', 'people', 'detained']",2.8
"['turkish', 'pm', 'urges', 'end', 'protests', 'istanbul']","['turkish', 'police', 'fire', 'teargas', 'protesters', 'istanbul']",2.8
"['two', 'men', 'charged', 'terrorism', 'offences']","['saudiborn', 'nigerian', 'charged', 'terrorism', 'new', 'york']",1.8
"['eu', 'receives', 'nobel', 'peace', 'prize']","['eu', 'receives', 'num', 'nobel', 'peace', 'prize']",3.6
"['start', 'san', 'fermin', 'bullrunning', 'festival', 'briefly', 'delayed', 'view', 'obstructed', 'basque', 'flag']","['san', 'fermin', 'bullrunning', 'festival', 'starts']",2.6
"['num', 'mostly', 'foreigners', 'killed', 'kabul', 'suicide', 'attack']","['briton', 'among', 'dead', 'kabul', 'suicide', 'attack']",2.8
"['former', 'lapd', 'officer', 'sought', 'irvine', 'slayings']","['former', 'cia', 'officer', 'sentenced', 'num', 'months', 'prison', 'info', 'leak']",0.0
"['tokyo', 'shares', 'close', 'numpc', 'lower']","['singapore', 'stocks', 'close', 'num', 'pct', 'lower']",0.8
"['pakistan', 'court', 'demands', 'blasphemy', 'rampage', 'answers']","['pakistanun', 'report', 'reveals', 'alarming', 'levels', 'drug', 'use']",0.6000000000000001
"['intels', 'mcafee', 'buys', 'cloudbased', 'networked', 'firewall', 'specialist', 'stonesoft', 'numm', 'cash']","['mcafee', 'acquire', 'firewall', 'stonesoft', 'num', 'million']",3.8
"['num', 'magnitude', 'quake', 'strikes', 'us']","['num', 'magnitude', 'earthquake', 'strikes', 'philippines']",1.0
"['bangladesh', 'opposition', 'leader', 'sentenced', 'death', 'war', 'crimes']","['bangladesh', 'fugitive', 'sentenced', 'death', 'war', 'crimes', 'tribunal']",3.6
"['alleged', 'cop', 'killer', 'died', 'shot', 'head']","['alleged', 'cop', 'killer', 'died', 'gunshot']",4.2
"['car', 'bomb', 'swedish', 'consulate', 'libyas', 'benghazi', 'casualties']","['car', 'bomb', 'hits', 'swedish', 'consulate', 'benghazi', 'none', 'hurt']",4.8
"['musharraf', 'arrested', 'lal', 'masjid', 'case']","['musharraf', 'arrested', 'pakistan']",3.0
"['iran', 'hopes', 'nuclear', 'talks', 'yield', 'roadmap']","['iran', 'nuclear', 'talks', 'geneva', 'spur', 'high', 'hopes']",4.4
"['num', 'militants', 'killed', 'afghan', 'raids', 'official']","['num', 'militants', 'killed', 'afghan', 'raids', 'ministry']",2.8
"['north', 'korea', 'reportedly', 'testfires', 'shortrange', 'missiles']","['north', 'korea', 'launches', 'shortrange', 'missiles']",4.0
"['thai', 'protesters', 'obstruct', 'vote', 'num', 'dead', 'violence']","['thai', 'protesters', 'block', 'polling', 'stations', 'bangkok']",2.8
"['venezuelas', 'hugo', 'chavez', 'dies', 'cancer']","['hugo', 'chavez', 'venezuelan', 'officials', 'unity']",1.8
"['north', 'koreas', 'third', 'test', 'brings', 'closer', 'nuclear', 'power', 'status']","['nato', 'says', 'north', 'korea', 'nuclear', 'test', 'grave', 'threat', 'world', 'peace']",2.2
"['north', 'korea', 'conducts', 'third', 'nuclear', 'test']","['north', 'korea', 'confirms', 'third', 'nuclear', 'test']",4.6
"['indian', 'stocks', 'open', 'flat']","['indian', 'stocks', 'open', 'lower']",3.6
"['macau', 'gambling', 'revenue', 'hits', 'record', 'num', 'bn', 'num']","['macau', 'gambling', 'revenue', 'hits', 'record', 'usnumb', 'num']",5.0
"['israelis', 'palestinians', 'resume', 'talks', 'us']","['israelis', 'palestinians', 'begin', 'talks']",3.8
"['nelson', 'mandela', 'memorial', 'service']","['nelson', 'mandela', 'dies', 'live', 'coverage']",2.4
"['nm', 'county', 'prepares', 'samesex', 'marriages', 'hearing']","['county', 'officials', 'pave', 'way', 'samesex', 'marriage']",3.8
"['four', 'us', 'air', 'force', 'helicopter', 'crew', 'members', 'killed', 'uk', 'crash']","['us', 'air', 'force', 'helicopter', 'crew', 'killed', 'british', 'crash']",4.0
"['tokyo', 'host', 'num', 'olympic', 'games']","['tokyo', 'wins', 'race', 'host', 'num', 'olympics']",4.2
"['malaysia', 'detains', 'australian', 'senator', 'airport']","['malaysia', 'detains', 'australian', 'lawmaker', 'airport']",4.0
"['south', 'korea', 'says', 'north', 'fired', 'missiles']","['north', 'korea', 'launches', 'shortrange', 'missiles']",2.2
"['britain', 'shuts', 'plants', 'horse', 'meat', 'scandal', 'reaches', 'france']","['eu', 'ministers', 'determined', 'resolve', 'horsemeat', 'scandal']",3.0
"['us', 'warns', 'syria', 'chemical', 'weapons']","['us', 'concerns', 'grow', 'syrias', 'chemical', 'weapons']",3.2
"['num', 'killed', 'bus', 'crash', 'italy']","['num', 'killed', 'bus', 'accident', 'pakistan']",1.2
"['china', 'yuan', 'strengthens', 'num', 'usd']","['chinese', 'yuan', 'weakens', 'num', 'usd']",3.0
"['us', 'recognizes', 'syrian', 'opposition']","['russia', 'invites', 'syrian', 'opposition', 'talks']",2.0
"['egypt', 'votes', 'new', 'constitution']","['egyptians', 'vote', 'new', 'constitution']",4.8
"['preston', 'england', 'legend', 'tom', 'finney', 'dies', 'num']","['former', 'england', 'great', 'tom', 'finney', 'dies', 'num']",4.4
"['car', 'bomb', 'kills', 'one', 'wounds', 'five', 'benghazi']","['car', 'bomb', 'hits', 'libyan', 'foreign', 'ministry', 'benghazi']",3.0
"['roadside', 'bombs', 'kill', 'num', 'afghanistan']","['roadside', 'bomb', 'kills', 'num', 'policemen', 'afghanistan']",3.4
"['sri', 'lankas', 'tamils', 'vote', 'greater', 'autonomy']","['syria', 'talks', 'cameron', 'putin']",0.4
"['frenchled', 'troops', 'close', 'timbuktu']","['frenchled', 'troops', 'control', 'access', 'timbuktu']",3.6
"['nato', 'airstrike', 'kills', 'two', 'afghan', 'kids']","['nato', 'solider', 'dies', 'afghanistan']",1.2
"['gunmen', 'kill', 'num', 'foreign', 'tourists', 'pakistan']","['gunmen', 'kill', 'num', 'foreign', 'climbers', 'pakistan']",4.0
"['n', 'korea', 'halt', 'work', 'joint', 'industrial', 'zone']","['north', 'korea', 'blocks', 'access', 'joint', 'industrial', 'zone']",4.0
"['delhi', 'gang', 'rape', 'suspect', 'beaten', 'poisoned']","['delhi', 'gangrape', 'verdict', 'deferred']",1.8
"['france', 'pledges', 'military', 'aid', 'mali']","['french', 'support', 'military', 'operation', 'mali']",1.4
"['egyptians', 'vote', 'divisive', 'constitution']","['egyptians', 'vote', 'constitution', 'change']",4.0
"['reid', 'cites', 'tremendous', 'progress', 'debt', 'ceiling', 'talks']","['senate', 'leaders', 'appear', 'close', 'us', 'debt', 'ceiling', 'deal']",2.8
"['num', 'magnitude', 'quake', 'jolts', 'sarangani']","['nummagnitude', 'earthquake', 'jolts', 'sw', 'china']",2.0
"['one', 'dead', 'num', 'hurt', 'la', 'car', 'chaos']","['num', 'dead', 'num', 'hurt', 'cotabato', 'blast']",1.2
"['chairman', 'easyjet', 'step']","['chairman', 'british', 'nofrills', 'airline', 'easyjet', 'step']",4.2
"['obama', 'renews', 'offer', 'cut', 'social', 'safety', 'net', 'big', 'budget', 'deal', 'aide']","['japan', 'urges', 'us', 'quickly', 'handle', 'budget', 'deadlock']",0.8
"['suicide', 'bomber', 'kills', 'num', 'afghan', 'province', 'council']","['suicide', 'bomber', 'kills', 'num', 'afghanistan']",2.4
"['committee', 'nears', 'final', 'big', 'immigration', 'decisions']","['senate', 'judiciary', 'committee', 'nearing', 'final', 'big', 'decisions', 'shaping', 'immigration', 'bill']",3.4
"['us', 'troops', 'killed', 'afghan', 'insider', 'attack']","['nato', 'troops', 'killed', 'afghan', 'insider', 'attack']",3.8
"['mother', 'arrested', 'suspicion', 'manslaughter', 'dog', 'kills', 'daughter']","['man', 'arrested', 'suspicion', 'murder', 'stabbing', 'suffolk']",1.8
"['five', 'dead', 'num', 'missing', 'canada', 'train', 'disaster']","['num', 'still', 'missing', 'canadian', 'train', 'wreck']",3.2
"['tunisian', 'opposition', 'politician', 'shot', 'dead']","['tunisia', 'opposition', 'leader', 'slain', 'protests', 'erupt']",3.0
"['un', 'presses', 'need', 'major', 'boost', 'syrian', 'aid']","['un', 'chief', 'presses', 'major', 'boost', 'syrian', 'aid']",4.8
"['stocks', 'soar', 'wall', 'st', 'lead']","['stocks', 'slump', 'wall', 'street']",1.6
"['george', 'zimmerman', 'found', 'guilty', 'trayvon', 'martin', 'murder']","['protests', 'appeals', 'calm', 'zimmerman', 'acquitted', 'trayvon', 'martin', 'murder']",2.6
"['whistleblower', 'edward', 'snowden', 'flies', 'moscow']","['nsa', 'whistleblower', 'edward', 'snowden', 'leaves', 'hong', 'kong', 'flight', 'moscow']",3.6
"['num', 'killed', 'num', 'wounded', 'bomb', 'attacks', 'northern', 'iraq']","['num', 'killed', 'num', 'wounded', 'clashes', 'northern', 'lebanon']",0.6000000000000001
"['insiders', 'reveal', 'num', 'election', 'secrets']","['eyes', 'capriles', 'venezuela', 'election', 'set']",1.2
"['royal', 'sorrow', 'nurses', 'death']","['radio', 'prankster', 'tears', 'nurses', 'death']",2.8
"['n', 'korea', 'says', 'may', 'delay', 'controversial', 'rocket', 'launch']","['n', 'korea', 'looks', 'set', 'delay', 'controversial', 'rocket', 'launch']",4.2
"['critical', 'gates', 'memoir', 'rocks', 'obama', 'administration']","['gates', 'blast', 'rocks', 'obama', 'administration']",4.0
"['jeff', 'bezos', 'bets', 'num', 'million', 'reviving', 'washington', 'post']","['jeff', 'bezos', 'pays', 'num', 'million', 'washington', 'post']",4.2
"['brooks', 'pleads', 'guilty', 'hacking', 'charges']","['brooks', 'pleads', 'guilty', 'phone', 'hacking', 'hearing']",3.8
"['purge', 'sends', 'chilling', 'message', 'north', 'koreas', 'elite']","['purge', 'kim', 'uncle', 'sends', 'chilling', 'message', 'north', 'koreas', 'elite']",4.0
"['south', 'africans', 'mark', 'ailing', 'mandelas', 'numth', 'birthday']","['south', 'africas', 'former', 'pm', 'nelson', 'mandela', 'back', 'hospital']",1.4
"['obama', 'declares', 'health', 'care', 'law', 'working']","['obama', 'pledges', 'make', 'new', 'health', 'care', 'law', 'work']",3.0
"['heavy', 'rain', 'raises', 'threat', 'christmas', 'day', 'flooding']","['fresh', 'rain', 'brings', 'flooding']",3.0
"['thousands', 'protest', 'gay', 'marriage']","['thousands', 'protest', 'gay', 'marriage', 'paris']",3.6
"['taiwan', 'gang', 'leader', 'nabbed', 'airport', 'num', 'years']","['zambia', 'arrests', 'exleader', 'banda', 'oil', 'deal']",0.4
"['iran', 'nuke', 'talks', 'begin', 'amid', 'hopes', 'progress']","['iran', 'nuclear', 'talks', 'start', 'geneva']",3.0
"['thai', 'political', 'protests', 'paralyse', 'ministries']","['thai', 'protesters', 'besiege', 'ministries']",4.2
"['amazons', 'bezos', 'buy', 'washington', 'post', 'num', 'million']","['amazons', 'bezos', 'buys', 'washington', 'post', 'numm']",4.6
"['obama', 'economic', 'tour', 'buffeted', 'low', 'expectations']","['obama', 'encourages', 'boy', 'scouts', 'end', 'ban', 'gays']",1.8
"['israel', 'vows', 'deny', 'hezbollah', 'air', 'strike']","['car', 'bomb', 'kills', 'four', 'hezbollah', 'beirut', 'bastion', 'minister']",0.6000000000000001
"['france', 'welcomes', 'usrussia', 'deal', 'syria']","['arab', 'league', 'welcomes', 'usrussian', 'deal', 'syria']",2.4
"['french', 'soldiers', 'central', 'african', 'republic']","['gun', 'battles', 'central', 'african', 'capital', 'create', 'fresh', 'panic']",2.0
"['un', 'resolution', 'orders', 'syria', 'chemical', 'arms', 'destroyed']","['germany', 'ready', 'help', 'syria', 'chemical', 'mission']",1.0
"['exclusiveupdate', 'numegypt', 'promursi', 'alliance', 'signals', 'flexibility', 'talks']","['exclusiveupdate', 'numegypt', 'promursi', 'alliance', 'signals', 'flexibility', 'talks']",4.6
"['david', 'beckham', 'retire', 'end', 'season']","['david', 'beckham', 'retires', 'football']",4.2
"['libya', 'abruptly', 'closes', 'borders', 'four', 'countries']","['libya', 'closes', 'borders', 'declares', 'martial', 'law', 'south']",3.4
"['nummagnitude', 'quake', 'hits', 'greece', 'usgs']","['nummagnitude', 'quake', 'jolts', 'japan']",1.0
"['search', 'man', 'swept', 'sea']","['lara', 'plans', 'visit', 'nepal']",0.2
"['militants', 'stage', 'pakistan', 'jailbreak']","['taliban', 'prison', 'break', 'num', 'militants', 'escape', 'attack', 'pakistan', 'jail']",3.0
"['meteorite', 'hits', 'central', 'russia', 'num', 'people', 'hurt']","['meteorite', 'hits', 'central', 'russia', 'num', 'hurt']",3.0
"['blizzard', 'brings', 'us', 'northeast', 'halt']","['blizzard', 'wallops', 'us', 'northeast', 'closes', 'roads']",4.2
"['nato', 'protesters', 'acquitted', 'terrorism', 'charges']","['nato', 'protesters', 'convicted', 'nonterrorism', 'charges']",1.6
"['credibility', 'line', 'syria']","['obama', 'congress', 'world', 'credibility', 'line']",1.4
"['taliban', 'agenda', 'us', 'pakistan']","['least', 'num', 'dead', 'big', 'quake', 'hits', 'pakistan']",0.0
"['egypt', 'interior', 'minister', 'survives', 'bomb']","['egypts', 'interior', 'minister', 'survives', 'bomb', 'attack']",5.0
"['chinas', 'yuan', 'weakens', 'num', 'usd', 'thursday']","['china', 'yuan', 'weakens', 'num', 'usd', 'tuesday']",2.0
"['obama', 'holds', 'talks', 'syria', 'action']","['cameron', 'loses', 'parliamentary', 'vote', 'syria', 'military', 'action']",1.4
"['egypt', 'freezes', 'muslim', 'brotherhood', 'assets']","['egypt', 'freezes', 'muslim', 'brotherhood', 'funds']",5.0
"['zen', 'report', 'aint', 'easy', 'high', 'maintenance']","['russian', 'meteorite', 'leaves', 'building', 'gaping', 'open']",0.0
"['tony', 'abbott', 'sworn', 'new', 'australian', 'pm']","['tony', 'abbott', 'sworn', 'australia', 'pm']",4.6
"['egypt', 'army', 'cracks', 'brotherhood']","['egypts', 'military', 'cracks', 'muslim', 'brotherhood']",4.0
"['venezuela', 'assembly', 'meets', 'amid', 'chavez', 'health', 'crisis']","['assembly', 'meets', 'amid', 'chavez', 'crisis']",3.4
"['syria', 'opposition', 'threatens', 'quit', 'talks']","['syria', 'opposition', 'agrees', 'talks']",2.0
"['suicide', 'bomber', 'kills', 'policeman', 'pakistan']","['suicide', 'bombers', 'kill', 'num', 'soldiers', 'pakistan']",2.6
"['antigovernment', 'protesters', 'storm', 'streets', 'kyiv']","['ukraine', 'protesters', 'topple', 'lenin', 'statue']",0.8
"['chicago', 'man', 'sentenced', 'terror', 'convictions']","['kabul', 'bank', 'heads', 'sentenced', 'corruption']",1.0
"['us', 'drone', 'strike', 'kills', 'three', 'northwest', 'pakistan']","['us', 'drone', 'strike', 'kills', 'seven', 'north', 'waziristan']",2.4
"['track', 'fault', 'disrupts', 'train', 'service', 'raffles', 'place', 'marina', 'bay']","['train', 'service', 'disrupted', 'raffles', 'place', 'marina', 'bay']",4.2
"['manning', 'sentenced', 'num', 'years', 'leaking', 'government', 'secrets']","['briton', 'jailed', 'num', 'years', 'selling', 'fake', 'bomb', 'detectors']",1.0
"['uk', 'police', 'say', 'terrorism', 'link', 'helicopter', 'crash']","['china', 'police', 'seek', 'eight', 'suspects', 'crash']",1.0
"['suicide', 'bomber', 'kills', 'num', 'russias', 'south']","['suicide', 'bomber', 'kills', 'num', 'russias', 'volgograd']",1.8
"['num', 'killed', 'num', 'wounded', 'violent', 'attacks', 'iraq']","['num', 'killed', 'num', 'wounded', 'fresh', 'attacks', 'iraq']",1.8
"['kerry', 'visit', 'jordan', 'israelpalestinian', 'peace', 'agenda']","['kerry', 'postpones', 'visit', 'israel', 'one', 'week']",2.5
"['eurozone', 'jobless', 'hits', 'fresh', 'record', 'high']","['eu', 'jobless', 'hits', 'fresh', 'record']",4.4
"['nelson', 'mandelas', 'real', 'hero', 'gandhi', 'nehru']","['nelson', 'mandelas', 'health', 'unstable']",1.4
"['facing', 'bailout', 'tax', 'cypriots', 'try', 'get', 'cash', 'banks']","['bailout', 'terms', 'prompt', 'run', 'cyprus', 'banks']",3.0
"['obama', 'signs', 'obamacare']","['americans', 'scramble', 'sign', 'obamacare', 'deadline']",1.2
"['lance', 'armstrong', 'confesses', 'oprah']","['lance', 'armstrong', 'confesses', 'doping', 'oprah', 'interview']",4.2
"['andy', 'murray', 'deserves', 'knighthood', 'david', 'cameron', 'says']","['david', 'cameron', 'andy', 'murray', 'deserves', 'knighthood']",5.0
"['hushen', 'num', 'index', 'closes', 'higher', 'oct', 'num']","['hushen', 'num', 'index', 'closes', 'lower', 'march', 'num']",2.0
"['us', 'state', 'department', 'faulted', 'benghazi']","['state', 'dept', 'security', 'chief', 'resigns', 'benghazi']",2.4
"['soccerfrance', 'host', 'australia', 'first', 'time', 'october']","['nra', 'official', 'face', 'questions', 'first', 'time', 'since', 'controversial', 'remarks']",0.0
"['honduran', 'ambassador', 'colombia', 'sacked', 'wild', 'party']","['honduras', 'ambassador', 'resigns', 'alleged', 'embassy', 'orgy']",3.6
"['syria', 'must', 'destroy', 'chemical', 'weapons']","['libya', 'destroys', 'last', 'chemical', 'weapons']",2.4
"['moderate', 'tremor', 'central', 'mediterranean']","['iran', 'moderate', 'candidate', 'wins', 'presidential', 'vote']",0.0
"['three', 'afghans', 'killed', 'suicide', 'attack']","['three', 'afghans', 'dead', 'new', 'blast', 'us', 'base', 'east', 'afghanistan']",3.6
"['suicide', 'bombs', 'hit', 'egypt', 'military', 'sinai', 'kill', 'num']","['suicide', 'bombs', 'hit', 'egypt', 'military', 'sinai', 'kill', 'num']",2.8
"['asian', 'markets', 'gain', 'upbeat', 'us', 'economic', 'data']","['asian', 'markets', 'lifted', 'positive', 'us', 'china', 'data']",3.4
"['suicide', 'bomber', 'kills', 'num', 'pakistan', 'political', 'rally']","['suicide', 'bomber', 'kills', 'guard', 'us', 'embassy', 'turkey']",1.6
"['four', 'morsi', 'supporters', 'killed', 'egypt', 'clashes']","['dozens', 'injured', 'morsi', 'supporters', 'clash', 'security', 'forces']",2.2
"['students', 'take', 'ride', 'airwaves']","['nummagnitude', 'quake', 'hits', 'taiwan']",0.0
"['pistorius', 'officer', 'dropped', 'case']","['pistorius', 'officer', 'attempted', 'murder', 'charges']",2.2
"['vinnie', 'jones', 'reveals', 'cancer', 'battle', 'new']","['vinnie', 'jones', 'reveals', 'skin', 'cancer']",4.0
"['pakistani', 'taliban', 'chief', 'hakimullah', 'mehsud', 'killed', 'drone', 'strike']","['pakistan', 'taliban', 'vows', 'revenge', 'repay', 'hakimullahs', 'killing', 'bloodshed']",2.6
"['dozens', 'killed', 'air', 'strike', 'bakery', 'central', 'syria']","['dozens', 'killed', 'syrian', 'air', 'strike', 'bakery']",5.0
"['gunmen', 'kill', 'one', 'soldier', 'injure', 'two', 'others', 'pakistan']","['gunmen', 'kill', 'num', 'polio', 'workers', 'pakistan']",2.0
"['police', 'confirm', 'suspect', 'captured']","['raid', 'boston', 'marathon', 'bombing', 'suspect', 'captured', 'film']",2.2
"['destruction', 'syrias', 'chemical', 'weapons', 'begins']","['destruction', 'syrias', 'chemical', 'weapons', 'could', 'prove', 'difficult']",2.8
"['flooding', 'canada', 'forces', 'evacuation', 'another', 'city']","['california', 'wildfire', 'forces', 'evacuation', 'homes', 'university']",0.8
"['un', 'says', 'us', 'drones', 'violate', 'pakistans', 'sovereignty']","['un', 'us', 'drone', 'strikes', 'violate', 'pakistans', 'sovereignty']",4.4
"['obama', 'praises', 'mandela', 'inspiration']","['obama', 'hails', 'mandelas', 'inspiration', 'effect']",4.8
"['obama', 'coming', 'listen', 'israel', 'palestinians']","['kerry', 'welcomes', 'arab', 'plan', 'israelipalestinian', 'talks']",0.8
"['emails', 'oil', 'firm', 'asked', 'trader', 'meeting', 'minister']","['oil', 'firm', 'asked', 'rogue', 'trader', 'meeting', 'minister']",4.2
"['death', 'toll', 'nigeria', 'police', 'attack', 'rises', 'num']","['death', 'toll', 'kenya', 'bus', 'attack', 'rises', 'six']",1.4
"['syria', 'declare', 'chemical', 'weapons', 'sign', 'convention']","['russia', 'syria', 'work', 'concrete', 'chemical', 'weapons', 'plan']",2.6
"['australia', 'scrap', 'soaring', 'national', 'debt', 'ceiling']","['australian', 'pm', 'insists', 'argument', 'indonesia']",0.0
"['asian', 'markets', 'hit', 'numwk', 'high', 'hopes', 'us', 'debt', 'deal']","['asian', 'stocks', 'hit', 'threeweek', 'highs', 'hopes', 'us', 'debt', 'deal']",4.8
"['italian', 'prime', 'minister', 'mario', 'monti', 'resigns']","['palestinian', 'prime', 'minister', 'fayyad', 'resigns']",1.4
"['south', 'africa', 'admits', 'mistake', 'schizophrenic', 'mandela', 'signer']","['south', 'africa', 'admits', 'possible', 'mistake', 'deaf', 'signer', 'mandela', 'memorial']",3.2
"['iran', 'says', 'serious', 'issues', 'remain', 'nuclear', 'talks']","['iran', 'vows', 'preserve', 'peaceful', 'nuclear', 'program']",1.6
"['crowds', 'gather', 'bethlehem', 'christmas']","['oh', 'little', 'town', 'bethlehem', 'real']",2.0
"['seven', 'peacekeepers', 'killed', 'sudans', 'darfur']","['peacekeeper', 'killed', 'abyei', 'clash']",1.6
"['nato', 'patriot', 'missile', 'battery', 'operational', 'syrian', 'border']","['obama', 'patriot', 'missile', 'batteries', 'troops', 'stay', 'jordan', 'near', 'syrian', 'border']",3.2
"['us', 'stocks', 'tumble', 'third', 'day', 'shutdown']","['stocks', 'fall', 'third', 'day', 'government', 'shutdown']",4.6
"['guinea', 'votes', 'longdelayed', 'legislative', 'poll']","['equatoguineans', 'vote', 'legislative', 'polls']",3.4
"['nato', 'num', 'troops', 'killed', 'afghanistan', 'attack']","['nato', 'troops', 'killed', 'afghan', 'insider', 'attack']",3.0
"['israeli', 'soldier', 'hits', 'palestinian', 'child', 'hebron']","['israeli', 'soldiers', 'kill', 'palestinian', 'woman', 'west', 'bank']",1.2
"['un', 'voices', 'alarm', 'israeli', 'strikes', 'syria']","['israeli', 'official', 'confirms', 'second', 'air', 'strike', 'syria']",2.2
"['egypt', 'army', 'launches', 'new', 'air', 'raids', 'sinai', 'militants']","['egypt', 'launches', 'new', 'assault', 'sinai', 'militants']",3.4
"['french', 'forces', 'attack', 'alqaedas', 'mali', 'allies']","['battle', 'retake', 'north', 'mali', 'hundreds', 'french', 'troops', 'drive', 'back', 'alqaidalinked', 'rebels']",2.6
"['egyptian', 'police', 'fire', 'tear', 'gas', 'brotherhood', 'protesters']","['india', 'tear', 'gas', 'fired', 'gang', 'rape', 'protesters']",1.2
"['syria', 'regime', 'agrees', 'attend', 'peace', 'conference']","['syria', 'opposition', 'agree', 'principle', 'attend', 'peace', 'conference']",3.0
"['dozens', 'injured', 'boeing', 'num', 'jet', 'crash', 'lands', 'san', 'francisco', 'airport']","['asiana', 'air', 'boeing', 'num', 'crash', 'lands', 'san', 'francisco', 'airport']",3.8
"['num', 'children', 'die', 'fire', 'myanmar', 'mosque', 'fire']","['myanmar', 'police', 'say', 'num', 'children', 'die', 'electrical', 'fire', 'mosque']",4.6
"['us', 'senate', 'vote', 'fiscal', 'cliff', 'deal', 'deadline', 'nears']","['fiscal', 'cliff', 'house', 'delays', 'vote', 'fiscal', 'cliff', 'deal', 'live']",2.8
"['man', 'knife', 'arrested', 'entrance', 'buckingham', 'palace']","['man', 'charged', 'buckingham', 'palace', 'arrest']",2.2
"['num', 'people', 'buried', 'colorado', 'avalanche']","['num', 'snowboarders', 'killed', 'colorado', 'avalanche']",2.8
"['ban', 'kimoon', 'review', 'syria', 'chemical', 'arms', 'accord']","['ban', 'review', 'syria', 'chemical', 'arms', 'accord']",3.6
"['iraqi', 'president', 'hospital', 'due', 'health', 'problem']","['iraqi', 'president', 'hospital', 'suffering', 'stroke']",3.6
"['malaysias', 'longruling', 'coalition', 'hangs', 'power']","['malaysias', 'ruling', 'coalition', 'wins', 'majority']",3.8
"['explosions', 'near', 'iranian', 'embassy', 'beirut']","['two', 'blasts', 'near', 'iranian', 'embassy', 'beirut']",4.2
"['num', 'hurt', 'new', 'orleans', 'shooting']","['police', 'num', 'hurt', 'nola', 'mothers', 'day', 'shooting']",4.2
"['hagel', 'laments', 'political', 'changes', 'us', 'defence', 'budget']","['hagel', 'defends', 'proposed', 'cuts', 'defense', 'spending']",2.4
"['us', 'bans', 'carryon', 'liquids', 'gels', 'flights', 'russia']","['us', 'bans', 'carryon', 'liquids', 'direct', 'flights', 'russia']",4.4
"['egypts', 'brotherhood', 'stands', 'ground', 'killings']","['egypt', 'muslim', 'brotherhood', 'stands', 'behind', 'morsi']",2.4
"['nato', 'troops', 'kill', 'two', 'afghan', 'children']","['nato', 'strike', 'kills', 'num', 'afghan', 'children']",3.0
"['iranian', 'president', 'calls', 'new', 'nuclear', 'talks']","['iranian', 'minister', 'blames', 'west', 'failed', 'nuke', 'talks']",2.0
"['floods', 'kill', 'two', 'forces', 'num', 'calgary', 'homes']","['flooding', 'forces', 'num', 'canada', 'homes']",3.4
"['num', 'nato', 'troops', 'killed', 'afghanistan']","['eight', 'nato', 'troops', 'killed', 'afghanistan']",2.6
"['typhoon', 'fitow', 'makes', 'landfall', 'east', 'china']","['typhoon', 'fitow', 'slams', 'southeastern', 'china']",3.8
"['mandela', 'spend', 'christmas', 'hospital']","['mandela', 'movie', 'open', 'month', 'south', 'africa']",0.2
"['exit', 'polls', 'suggest', 'putin', 'ally', 'wins', 'moscow', 'vote']","['exit', 'polls', 'shows', 'putin', 'ally', 'wins', 'moscow', 'vote', 'navalny', 'cries', 'foul']",3.4
"['judge', 'enters', 'guilty', 'plea', 'james', 'holmes']","['guilty', 'plea', 'james', 'holmes', 'insanity', 'option', 'still', 'table']",4.0
"['least', 'num', 'killed', 'spain', 'train', 'crash']","['least', 'num', 'killed', 'triple', 'car', 'bombings', 'iraqs', 'diyala']",1.0
"['chris', 'froome', 'rides', 'tour', 'de', 'france', 'endgame']","['chris', 'brown', 'concerts', 'cancelled', 'new']",0.0
"['apple', 'app', 'directs', 'drivers', 'alaska', 'airport', 'runway']","['apple', 'app', 'sends', 'drivers', 'airport']",3.6
"['suspected', 'us', 'drone', 'kills', 'num', 'militants', 'pakistan']","['us', 'drone', 'kills', 'num', 'militants', 'pakistan']",3.4
"['francis', 'begins', 'papacy', 'prayer']","['pope', 'francis', 'slips', 'vatican', 'prayers']",3.6
"['us', 'senate', 'meet', 'path', 'fiscal', 'impasse', 'still', 'elusive']","['us', 'senate', 'rare', 'sunday', 'session', 'days', 'amid', 'fiscal', 'impasse']",3.6
"['egypts', 'brotherhood', 'beleaguered', 'leader']","['egypts', 'muslim', 'brotherhood', 'set', 'mass', 'march']",1.8
"['chinas', 'new', 'stealth', 'frigate', 'commissioned']","['belarus', 'latvia', 'set', 'border', 'commission']",0.2
"['iraq', 'violence', 'kills', 'num']","['iraq', 'violence', 'kills', 'seven']",2.2
"['protests', 'continue', 'tense', 'ukraine', 'capital']","['protests', 'continue', 'brazil']",1.6
"['britons', 'released', 'kidnapping', 'egypts', 'sinai', 'sources']","['bedouin', 'release', 'two', 'britons', 'seized', 'egypts', 'sinai']",3.2
"['syria', 'welcomes', 'irans', 'nuclear', 'deal']","['iran', 'six', 'world', 'powers', 'clinch', 'breakthrough', 'nuclear', 'deal']",3.0
"['israel', 'faces', 'european', 'backlash', 'settlement', 'plan']","['israel', 'called', 'account', 'latest', 'settlement', 'plans', 'european', 'countries']",3.6
"['obama', 'jokes', 'reporters', 'dinner']","['obama', 'pokes', 'fun', 'critics', 'press', 'dinner']",2.2
"['allen', 'responds', 'farrows', 'abuse', 'claims', 'letter']","['allen', 'defends', 'self', 'farrows', 'abuse', 'claims']",4.2
"['num', 'inmates', 'escape', 'libyas', 'alkweifiya', 'prison']","['num', 'prisoners', 'escape', 'libyan', 'jail']",4.4
"['nuclear', 'option']","['photos', 'show', 'n', 'korea', 'nuclear', 'readiness']",1.2
"['forex', 'amp', 'gold', 'num', 'march', 'num']","['forex', 'gold', 'num', 'march', 'num']",2.6
"['islamists', 'kill', 'num', 'suicide', 'attacks', 'niger']","['car', 'bombs', 'kill', 'num', 'turkish', 'town', 'near', 'syrian', 'border']",1.0
"['us', 'determined', 'syria', 'used', 'chemical', 'weapons']","['un', 'votes', 'eliminate', 'syrias', 'chemical', 'weapons']",2.8
"['snowdens', 'father', 'arrives', 'moscow']","['edward', 'snowdens', 'father', 'moscow']",4.2
"['pakistani', 'taliban', 'names', 'new', 'leader', 'drone', 'strike']","['pakistani', 'taleban', 'chief', 'killed', 'us', 'drone', 'strike']",2.2
"['twin', 'bombings', 'pakistan', 'kill', 'least', 'num']","['militants', 'battle', 'pakistani', 'police']",1.2
"['muslim', 'brotherhood', 'supporter', 'dies', 'cairo', 'clash']","['muslim', 'brotherhood', 'supporters', 'die', 'egypt', 'clashes']",3.6
"['facebook', 'earnings', 'jump', 'num', 'mobile', 'ads', 'accelerate']","['facebook', 'profits', 'jump', 'user', 'base', 'expands']",3.4
"['syria', 'envoy', 'calls', 'national', 'unity', 'government']","['syria', 'envoy', 'calls', 'political', 'change', 'end', 'conflict']",2.2
"['thirtyseven', 'dead', 'italy', 'tour', 'bus', 'plunge']","['thirty', 'dead', 'italian', 'bus', 'plunge']",3.2
"['rogers', 'videotron', 'extend', 'reach', 'networksharing', 'deal']","['rogers', 'videotron', 'reach', 'networksharing', 'spectrum', 'deal']",4.2
"['china', 'stocks', 'end', 'lower', 'thursday']","['china', 'stocks', 'close', 'lower', 'thursday']",5.0
"['topless', 'women', 'protest', 'berlusconi', 'votes', 'election']","['bulgaria', 'president', 'backs', 'protesters', 'opposes', 'snap', 'elections']",0.6000000000000001
"['indonesia', 'schoolchildren', 'among', 'num', 'killed', 'indonesia', 'volcano', 'eruption']","['indonesia', 'six', 'dead', 'indonesian', 'volcanic', 'eruption']",2.8
"['deal', 'reached', 'new', 'italian', 'government']","['italy', 'swear', 'new', 'coalition', 'government']",3.4
"['obama', 'mourns', 'death', 'icon', 'nelson', 'mandela']","['south', 'africans', 'mourn', 'celebrate', 'mandela']",1.8
"['goa', 'first', 'step', 'modis', 'march', 'delhi']","['first', 'time', 'history', 'technion', 'teach', 'engineering', 'russia']",0.0
"['singapore', 'stocks', 'close', 'num', 'higher']","['indian', 'stocks', 'open', 'higher']",1.8
"['maldives', 'holds', 'fresh', 'election', 'president']","['maldives', 'holds', 'fresh', 'presidential', 'election']",4.6
"['egypt', 'announces', 'arrest', 'num', 'muslim', 'brotherhood', 'supporters']","['egypt', 'orders', 'arrest', 'brotherhood', 'chief', 'badie']",1.8
"['new', 'world', 'trade', 'center', 'declared', 'tallest', 'building', 'us']","['one', 'world', 'trade', 'center', 'named', 'tallest', 'us', 'building']",4.2
"['papers', 'say', 'mar', 'num', 'num']","['papers', 'say', 'june', 'num', 'num']",1.8
"['israel', 'greenlights', 'num', 'settler', 'homes']","['israel', 'unveils', 'num', 'settler', 'homes']",3.2
"['piers', 'morgan', 'questioned', 'police']","['piers', 'morgan', 'interviewed', 'police', 'hacking', 'case']",3.6
"['mumbai', 'photojournalist', 'gangrape', 'case', 'cracked', 'five', 'accused', 'arrested']","['mumbai', 'journalist', 'gangrape', 'case', 'five', 'accused', 'arrested']",4.8
"['israeli', 'arrested', 'yemen', 'mossad', 'spy']","['israeli', 'forces', 'detain', 'num', 'hebron', 'arrest', 'raid']",1.6
"['pakistani', 'girls', 'learn', 'hard', 'lesson']","['pakistani', 'girl', 'shot', 'taliban', 'appears', 'video']",1.8
"['egypts', 'interim', 'president', 'appoints', 'num', 'advisors']","['egypts', 'interim', 'president', 'swears', 'new', 'cabinet']",2.8
"['china', 'launches', 'first', 'airtoair', 'missile', 'chopper']","['china', 'court', 'sentences', 'bo', 'xilai', 'life', 'imprisonment', 'corruption']",0.6000000000000001
"['uk', 'confirms', 'fears', 'syrias', 'chemical', 'weapons']","['end', 'near', 'syrias', 'chemical', 'weapons']",1.4
"['egypt', 'crackdown', 'draws', 'condemnation']","['egypt', 'egypt', 'crackdown', 'sparks', 'global', 'outrage']",4.6
"['egypt', 'swears', 'new', 'interim', 'leader']","['egypt', 'army', 'cracks', 'brotherhood']",0.6000000000000001
"['car', 'bombing', 'kills', 'num', 'pakistan']","['suicide', 'bomber', 'kills', 'num', 'pakistan']",2.6
"['senior', 'pakistani', 'taliban', 'commander', 'captured', 'afghanistan']","['pakistan', 'shiites', 'demand', 'protection', 'militants']",0.6000000000000001
"['driver', 'spanish', 'train', 'crash', 'faces', 'questions', 'judge']","['train', 'driver', 'spain', 'crash', 'questioned', 'judge']",5.0
"['stocks', 'close', 'num', 'higher']","['singapore', 'stocks', 'close', 'num', 'pct', 'lower']",1.6
"['us', 'releases', 'initial', 'report', 'fracking', 'impacts', 'water']","['men', 'china', 'detained', 'taking', 'girls', 'hotel']",0.0
"['russia', 'alone', 'blaming', 'syrian', 'rebels', 'chemical', 'attack', 'us']","['russia', 'asks', 'un', 'consider', 'inquiry', 'syria', 'chemical', 'arms', 'use']",2.6
"['philippines', 'rebels', 'reach', 'wealthsharing', 'deal']","['philippines', 'rebels', 'reach', 'wealth', 'deal']",5.0
"['death', 'toll', 'west', 'chinas', 'violence', 'rises', 'num']","['urgent', 'death', 'toll', 'ne', 'china', 'fire', 'rises', 'num']",1.2
"['imran', 'contest', 'four', 'na', 'seats']","['imran', 'khan', 'contest', 'elections', 'four', 'na', 'seats']",4.75
"['trailblazing', 'israeli', 'electric', 'car', 'company', 'better', 'place', 'fold']","['trailblazing', 'israeli', 'electric', 'car', 'company', 'fold']",4.4
"['houston', 'texans', 'head', 'coach', 'gary', 'kubiak', 'hospitalized', 'collapsing', 'game']","['texans', 'coach', 'gary', 'kubiak', 'stable', 'condition', 'collapse']",2.8
"['propak', 'taliban', 'warlord', 'killed', 'us', 'drone', 'strike']","['taliban', 'commander', 'killed', 'us', 'drone', 'strike']",4.4
"['car', 'bomb', 'kills', 'num', 'northwest', 'syria']","['car', 'bomb', 'northern', 'syria', 'kills', 'num']",4.6
"['south', 'korean', 'soldiers', 'kill', 'man', 'trying', 'cross', 'border', 'north']","['north', 'korea', 'shuts', 'last', 'remaining', 'hotline', 'south']",1.0
"['num', 'dead', 'spanish', 'train', 'crash']","['num', 'dead', 'spanish', 'highspeed', 'train', 'crash']",3.4
"['five', 'foreigners', 'sentenced', 'death', 'drug', 'smuggling', 'egypt']","['egypt', 'sentences', 'pakistani', 'amid', 'num', 'death', 'drug', 'smuggling']",4.2
"['french', 'train', 'derails', 'south', 'paris']","['french', 'train', 'passengers', 'tell', 'crash', 'ordeal']",1.2
"['former', 'spokesman', 'us', 'president', 'ronald', 'reagan', 'dies']","['former', 'reagan', 'spokesman', 'larry', 'speakes', 'dies', 'num']",4.2
"['egypt', 'votes', 'new', 'constitution']","['egyptians', 'vote', 'divisive', 'constitution']",3.8
"['obama', 'meets', 'mandela', 'family', 'icon', 'remains', 'hospital']","['obamas', 'meet', 'mandela', 'family', 'wont', 'visit', 'hospital']",2.8
"['weak', 'earnings', 'drag', 'us', 'stocks', 'lower', 'early', 'trade']","['weak', 'earnings', 'drag', 'stocks', 'lower', 'wall', 'street']",3.8
"['three', 'feared', 'dead', 'helicopter', 'crashes', 'pub']","['three', 'feared', 'dead', 'helicopter', 'pub', 'crash']",5.0
"['nigeria', 'lawmaker', 'charged', 'alleged', 'bribery']","['nigerian', 'mp', 'charged', 'accepting', 'numm', 'bribe']",3.4
"['rupee', 'num', 'paise', 'vs', 'dollar', 'early', 'trade']","['rupee', 'num', 'paise', 'dollar', 'early', 'trade']",1.8
"['israels', 'peres', 'urges', 'return', 'peace', 'talks']","['israels', 'peres', 'calls', 'return', 'peace', 'talks']",5.0
"['obama', 'set', 'speak', 'syria', 'white', 'house', 'num', 'pm', 'edt']","['obama', 'deliver', 'statement', 'syria', 'white', 'house', 'num', 'pm']",5.0
"['indian', 'stocks', 'open', 'lower']","['indian', 'stocks', 'close', 'lower']",1.8
"['us', 'readies', 'possible', 'solo', 'action', 'syria']","['us', 'makes', 'case', 'action', 'syria']",3.4
"['brief', 'clashes', 'police', 'belfast']","['mourners', 'clash', 'police', 'tunisia']",1.2
"['china', 'quake', 'death', 'toll', 'rises']","['china', 'flu', 'death', 'toll', 'rises', 'six']",1.4
"['four', 'arrested', 'bangladesh', 'building', 'toll', 'rises', 'num']","['owner', 'arrested', 'bangladesh', 'building', 'toll', 'reaches', 'num']",2.6
"['ri', 'condemns', 'use', 'chemical', 'weapons', 'syria']","['questions', 'arise', 'chemical', 'weapons', 'claims', 'syria']",2.6
"['strong', 'new', 'quake', 'hits', 'shattered', 'pak', 'region']","['powerful', 'new', 'earthquake', 'hits', 'shattered', 'pakistan', 'region']",4.8
"['indian', 'troops', 'kill', 'pakistani', 'soldier', 'along', 'kashmir', 'line', 'control']","['indian', 'troops', 'raid', 'pakistani', 'military', 'post']",1.2
"['pope', 'benedict', 'xvi', 'says', 'goodbye', 'cardinals']","['pope', 'benedict', 'xvi', 'departs', 'vatican', 'last', 'time']",3.6
"['chinas', 'new', 'carrier', 'extends', 'military', 'modernization', 'drive']","['chinese', 'vice', 'premier', 'meets', 'australian', 'governorgeneral']",1.2
"['brazilian', 'leader', 'holds', 'crisis', 'talks', 'street', 'protests']","['brazil', 'leader', 'promises', 'reform', 'vote']",1.6
"['tropical', 'storm', 'andrea', 'zipping', 'east', 'coast']","['tropical', 'storm', 'andrea', 'slide', 'east', 'coast']",4.0
"['four', 'dead', 'indonesia', 'train', 'accident']","['five', 'dead', 'indonesia', 'train', 'collides', 'fuel', 'truck']",3.4
"['israel', 'advances', 'plan', 'build', 'num', 'settlement', 'homes']","['israel', 'unveils', 'plans', 'new', 'settler', 'homes']",3.8
"['miss', 'new', 'york', 'wins', 'miss', 'america', 'crown']","['miss', 'new', 'york', 'crowned', 'miss', 'america']",5.0
"['austrian', 'found', 'hoarding', 'num', 'stolen', 'skulls', 'home', 'museum']","['austrian', 'man', 'charged', 'num', 'human', 'skulls', 'found', 'home']",4.4
"['us', 'set', 'obama', 'inauguration']","['us', 'house', 'backs', 'new', 'sanctions', 'iran', 'inauguration']",0.4
"['suspected', 'saudi', 'militant', 'dies', 'lebanese', 'custody']","['suspected', 'us', 'drone', 'kills', 'num', 'militants', 'yemen']",0.4
"['man', 'sets', 'fire', 'national', 'mall']","['man', 'sets', 'fire', 'washingtons', 'national', 'mall']",4.8
"['num', 'killed', 'attacks', 'iraq']","['num', 'killed', 'attacks', 'across', 'iraq']",2.0
"['thousands', 'protest', 'gay', 'marriage']","['thousands', 'protest', 'gay', 'marriage', 'france']",3.2
"['india', 'ink', 'image', 'day', 'january', 'num']","['india', 'ink', 'image', 'day', 'march', 'num']",1.0
"['us', 'capitol', 'hill', 'lockdown', 'shots', 'fired']","['watch', 'live', 'us', 'capitol', 'lockdown', 'reports', 'shots', 'fired']",4.8
"['chinas', 'numst', 'pilot', 'free', 'trade', 'zone', 'opens']","['shanghai', 'free', 'trade', 'zone', 'begins', 'operation']",3.8
"['num', 'killed', 'num', 'injured', 'bomb', 'blast', 'nw', 'pakistan']","['num', 'killed', 'num', 'injured', 'blast', 'nw', 'pakista']",2.6
"['select', 'images', 'bangladesh', 'building', 'collapse']","['least', 'num', 'killed', 'bangladesh', 'building', 'collapse']",1.4
"['chinese', 'court', 'upholds', 'death', 'penalties', 'mekong', 'murderers']","['court', 'upholds', 'death', 'sentences', 'mekong', 'murderers']",4.4
"['egypt', 'protesters', 'dispersed']","['abduction', 'teacher', 'sentenced']",0.0
"['gas', 'cylinder', 'blast', 'pakistan', 'school', 'bus', 'kills', 'num']","['deadly', 'gas', 'cylinder', 'blast', 'hits', 'pakistan', 'school', 'bus']",3.8
"['north', 'korean', 'cargo', 'reveals', 'missile', 'repair', 'trade', 'cuba']","['n', 'korean', 'ship', 'carrying', 'cuba', 'missiles', 'seized']",2.8
"['israeli', 'forces', 'detain', 'num', 'palestinians', 'west', 'bank']","['israeli', 'forces', 'arrest', 'five', 'palestinians', 'across', 'west', 'bank']",4.8
"['protests', 'sweep', 'brazil', 'despite', 'concession']","['protests', 'planned', 'across', 'brazil', 'despite', 'concessions']",4.0
"['angela', 'merkel', 'wins', 'third', 'term', 'german', 'elections']","['merkel', 'wins', 'big', 'germany', 'election']",3.8
"['south', 'korean', 'workers', 'start', 'leaving', 'joint', 'factory', 'zone']","['south', 'korean', 'workers', 'set', 'leave', 'joint', 'factory', 'zone']",3.8
"['senate', 'vote', 'moving', 'ahead', 'hagel', 'nod']","['benedict', 'comes', 'home', 'new', 'house', 'new', 'pope']",0.0
"['num', 'killed', 'scores', 'injured', 'suicide', 'bombing', 'russian', 'train', 'station']","['suicide', 'bomber', 'kills', 'num', 'russian', 'train', 'station']",3.2
"['cambodian', 'opposition', 'leader', 'sam', 'rainsy', 'returns', 'stir', 'election']","['cambodia', 'opposition', 'head', 'turns', 'parliament', 'poll', 'bid']",3.0
"['west', 'hails', 'syria', 'opposition', 'vote', 'join', 'peace', 'talks']","['syrian', 'opposition', 'name', 'delegation', 'talks']",2.6
"['obama', 'travels', 'tornadoravaged', 'oklahoma']","['obama', 'visits', 'tornado', 'hit', 'oklahoma']",4.6
"['deal', 'fiscal', 'cliff', 'obama', 'goes', 'holiday']","['john', 'boehner', 'humble', 'origin', 'fiscal', 'cliff', 'may', 'undoing']",1.0
"['syria', 'car', 'bomb', 'kills', 'least', 'num', 'rebelheld', 'town']","['sinai', 'car', 'bomb', 'kills', 'least', 'num', 'egyptian', 'soldiers']",1.8
"['kerry', 'numb', 'palestinian', 'economic', 'plan', 'could', 'work']","['kerry', 'deal', 'yet', 'nuclear', 'talks', 'iran']",0.0
"['bangladesh', 'building', 'collapse', 'death', 'toll', 'hits', 'num']","['indian', 'building', 'collapse', 'death', 'toll', 'rises', 'num']",0.8
"['dozens', 'dead', 'central', 'african', 'republic', 'fighting']","['num', 'dead', 'central', 'african', 'republic', 'clashes']",3.4
"['libya', 'threatens', 'army', 'action', 'oil', 'protesters']","['bomb', 'threat', 'forces', 'evacuation', 'princeton']",0.8
"['num', 'turkish', 'unions', 'call', 'strike', 'monday', 'protest', 'police', 'violence']","['turkey', 'unrest', 'unions', 'call', 'strike', 'police', 'crackdown']",3.4
"['ticker', 'fitch', 'upgrades', 'greek', 'credit', 'rating']","['moodys', 'upgrades', 'greek', 'credit', 'rating']",3.4
"['gunmen', 'ambush', 'police', 'boat', 'nigeria', 'oil', 'region']","['sudanese', 'police', 'block', 'protest', 'human', 'rights', 'commission']",0.0
"['russians', 'leaving', 'syria', 'cross', 'lebanon']","['russia', 'delivers', 'humanitarian', 'aid', 'syrian', 'refugees', 'lebanon']",2.2
"['two', 'us', 'soldiers', 'killed', 'insider', 'attack', 'afghanistan']","['num', 'soldiers', 'killed', 'bomb', 'attack', 'nw', 'pakistan']",0.8
"['south', 'african', 'icon', 'nelson', 'mandela', 'hospitalized']","['south', 'africas', 'nelson', 'mandela', 'hospitalized']",5.0
"['pope', 'francis', 'condemns', 'global', 'indifference', 'suffering']","['pope', 'francis', 'commemorates', 'dead', 'migrants', 'lampedusa']",1.4
"['top', 'judge', 'mansour', 'sworn', 'egypt', 'interim', 'president']","['justice', 'adly', 'mansour', 'sworn', 'egypt', 'interim', 'president']",4.4
"['blast', 'kills', 'num', 'young', 'girls', 'eastern', 'afghanistan']","['blast', 'kills', 'nine', 'southern', 'afghanistan', 'officials']",2.8
"['kenyan', 'police', 'arrest', 'key', 'alshabaab', 'recruiter', 'financier']","['kenya', 'pair', 'arrested', 'antiterror', 'police']",3.2
"['obama', 'announce', 'gun', 'control', 'plans', 'wednesday']","['obama', 'set', 'gun', 'control', 'plans']",3.6
"['bombs', 'kill', 'two', 'people', 'wound', 'dozens', 'boston', 'marathon']","['two', 'bombs', 'found', 'boston', 'marathon', 'attack']",2.2
"['syrias', 'chemical', 'weapons', 'could', 'end', 'sea']","['us', 'destroy', 'syria', 'chemical', 'weapon', 'stockpile', 'sea']",2.4
"['president', 'early', 'conclusion', 'eco', 'partnership', 'sri', 'lanka']","['pakistan', 'pm', 'deeper', 'economic', 'ties', 'sri', 'lanka']",2.6
"['three', 'freed', 'centre', 'abuse', 'probe']","['three', 'storey', 'building', 'collapses', 'ebute', 'meta']",0.0
"['bomb', 'explodes', 'greek', 'shopping', 'mall', 'two', 'people', 'injured']","['bomb', 'explodes', 'athens', 'shopping', 'mall', 'num', 'wounded']",4.4
"['six', 'australians', 'killed', 'laos', 'plane', 'crash']","['dozens', 'killed', 'laos', 'plane', 'crash']",3.0
"['three', 'dead', 'including', 'gunman', 'maryland', 'mall', 'shooting']","['num', 'dead', 'maryland', 'mall', 'shooting']",4.2
"['un', 'confirms', 'sarin', 'used', 'syria', 'attack']","['war', 'crime', 'un', 'finds', 'sarin', 'used', 'syria', 'chemical', 'weapons', 'attack']",3.4
"['num', 'killed', 'monster', 'truck', 'crash']","['num', 'killed', 'mexico', 'monster', 'truck', 'crash']",3.2
"['merkel', 'vies', 'numrd', 'term', 'office', 'germany', 'elections']","['merkel', 'wins', 'big', 'germany', 'election']",3.25
"['exvirginia', 'governor', 'bob', 'mcdonnell', 'charged', 'corruption']","['virginias', 'exgov', 'bob', 'mcdonnell', 'wife', 'charged', 'corruption']",3.8
"['sprinters', 'tyson', 'gay', 'asafa', 'powell', 'test', 'positive', 'banned', 'substance']","['us', 'sprinter', 'tyson', 'gay', 'tests', 'positive', 'banned', 'substance']",3.4
"['nummagnitude', 'quake', 'hits', 'honshu', 'japan', 'cenc']","['magnitudenum', 'quake', 'jolts', 'santa', 'cruz', 'islands', 'cenc']",1.8
"['pakistan', 'release', 'senior', 'afghan', 'taliban', 'prisoner']","['pakistan', 'release', 'senior', 'taliban', 'commander', 'saturday']",3.8
"['egypt', 'court', 'orders', 'release', 'mubarak']","['egypt', 'court', 'orders', 'mubarak', 'freed']",5.0
"['american', 'investigators', 'waiting', 'question', 'arrested', 'boston', 'bomber']","['police', 'converge', 'street', 'search', 'boston', 'bomb', 'suspect']",1.8
"['num', 'dead', 'five', 'injured', 'sw', 'china', 'road', 'accident']","['num', 'dead', 'num', 'injured', 'e', 'china', 'road', 'accident']",1.75
"['bollywood', 'cuts', 'costs', 'third', 'rupee', 'collapse', 'bites']","['bollywood', 'cuts', 'costs', 'rupee', 'crisis', 'bites']",4.2
"['women', 'face', 'higher', 'car', 'insurance', 'premiums']","['women', 'drivers', 'face', 'insurance', 'premium', 'rise']",5.0
"['tornadoes', 'rip', 'midwest', 'killing', 'num', 'devastating', 'neighborhoods']","['tornadoes', 'damaging', 'storms', 'hit', 'us', 'midwest', 'killing', 'num']",3.2
"['china', 'gives', 'us', 'regulators', 'access', 'audit', 'records']","['china', 'opposes', 'us', 'arms', 'sales', 'taiwan']",0.8
"['singapore', 'stocks', 'end', 'num', 'percent']","['singapore', 'stocks', 'end', 'num', 'pct']",2.0
"['iran', 'atomic', 'agency', 'first', 'talks', 'since', 'rowhani', 'election']","['iaea', 'iran', 'hold', 'first', 'nuclear', 'talks', 'since', 'rohani', 'election']",4.8
"['chinas', 'new', 'pm', 'rejects', 'us', 'hacking', 'claims']","['china', 'premier', 'li', 'rejects', 'groundless', 'us', 'hacking', 'accusations']",5.0
"['dzhokhar', 'tsarnaev', 'pleads', 'guilty', 'boston', 'bombing', 'charges']","['dzhokhar', 'tsarnaev', 'charged', 'boston', 'marathon', 'bombing']",2.6
"['pictures', 'day', 'num', 'august', 'num']","['picture', 'day']",2.8
"['chinese', 'generals', 'son', 'gets', 'num', 'years', 'jail', 'rape']","['son', 'chinese', 'army', 'singers', 'gets', 'num', 'years', 'jail', 'gang', 'rape']",3.4
"['pg', 'police', 'seeking', 'driver', 'crash', 'killed', 'child']","['police', 'seek', 'gunmen', 'new', 'orleans', 'mothers', 'day', 'parade', 'shooting']",0.0
"['egypt', 'hold', 'presidential', 'elections', 'parliamentary', 'polls']","['egypts', 'interim', 'president', 'swears', 'new', 'cabinet']",1.4
"['pentagon', 'adjusts', 'plans', 'intense', 'attacks', 'syria']","['pope', 'thanks', 'public', 'joining', 'syria', 'vigil']",1.0
"['east', 'timor', 'bans', 'martial', 'arts', 'clubs', 'amid', 'killings']","['east', 'timor', 'bans', 'martial', 'arts', 'schools', 'amid', 'killings']",5.0
"['afghan', 'legislators', 'approve', 'new', 'election', 'law']","['afghan', 'president', 'approves', 'new', 'electon', 'law']",2.6
"['pakistan', 'army', 'adamant', 'fighting', 'taliban']","['pak', 'army', 'adamant', 'fighting', 'taleban']",4.8
"['egyptian', 'army', 'pushes', 'attack', 'kidnappers']","['egypts', 'morsi', 'rules', 'talks', 'hostage', 'video', 'appears']",1.4
"['south', 'africans', 'mourn', 'mandela', 'buried']","['south', 'africa', 'holds', 'state', 'funeral', 'mandela']",2.8
"['witnesses', 'hear', 'loud', 'booms', 'boston', 'marathon']","['report', 'two', 'explosions', 'finish', 'line', 'boston', 'marathon']",3.0
"['cryptic', 'crossword', 'saturday', 'numth', 'april']","['quiz', 'crossword', 'saturday', 'numth', 'april']",2.8
"['costa', 'concordia', 'captain', 'tried', 'manslaughter']","['costa', 'concordia', 'survivors', 'detail', 'experience', 'one', 'year', 'later']",1.2
"['israeli', 'minister', 'slams', 'kerrys', 'boycott', 'warning']","['israeli', 'minister', 'slams', 'kerrys', 'boycott', 'warning']",4.6
"['angelina', 'jolies', 'aunt', 'dies', 'breast', 'cancer']","['angelina', 'jolie', 'complex', 'truth', 'breast', 'cancer']",2.8
"['myanmars', 'suu', 'kyi', 'urges', 'party', 'unity', 'amid', 'squabbles']","['suu', 'kyi', 'urges', 'party', 'unity', 'amid', 'squabbles']",5.0
"['num', 'things', 'know', 'wednesday']","['num', 'things', 'know', 'today']",3.0
"['white', 'house', 'defense', 'contractors', 'discuss', 'harm', 'automatic', 'spending', 'cuts']","['white', 'house', 'defense', 'firms', 'discuss', 'automatic', 'spending', 'cuts']",4.4
"['venezuelas', 'hugo', 'chavez', 'dies', 'cancer']","['venezuelan', 'president', 'hugo', 'chavez', 'dies', 'cancer', 'num']",3.8
"['former', 'zambian', 'president', 'arrested']","['zambias', 'expresident', 'rupiah', 'banda', 'arrested']",4.0
"['us', 'senate', 'confirms', 'yellen', 'feds', 'next', 'chair']","['us', 'senate', 'confirms', 'janet', 'yellen', 'new', 'central', 'bank', 'chief']",4.2
"['num', 'palestinian', 'prisoners', 'released', 'israeli', 'prison']","['palestinian', 'prisoner', 'dies', 'cancer', 'unrest', 'israel', 'jails']",1.0
"['asian', 'shares', 'rally', 'string', 'upbeat', 'data']","['asian', 'markets', 'strong', 'us', 'jobs', 'data']",4.0
"['num', 'killed', 'num', 'wounded', 'bomb', 'attacks', 'northern', 'iraq']","['num', 'killed', 'num', 'wounded', 'fresh', 'attacks', 'iraq']",2.8
"['officer', 'injured', 'india', 'antirape', 'protests', 'dies']","['indian', 'policeman', 'injured', 'gangrape', 'protest', 'dies']",4.2
"['cyprus', 'bailout', 'remarks', 'alarm', 'markets']","['cyprus', 'bailout', 'nothing', 'usual', 'euro', 'nonsense']",2.6
"['faction', 'names', 'bianca', 'ojukwu', 'apga', 'national', 'leader']","['bianca', 'ojukwu', 'becomes', 'apga', 'national', 'leader']",4.2
"['us', 'cannot', 'conclusively', 'determine', 'chemical', 'weapons', 'use', 'syria']","['us', 'sees', 'conclusive', 'evidence', 'chemical', 'arms', 'use', 'syria']",4.8
"['twelve', 'killed', 'gunmen', 'raid', 'village']","['five', 'killed', 'blasts', 'india']",0.2
"['egypt', 'shuts', 'muslim', 'brotherhood', 'newspaper']","['egypt', 'muslim', 'brotherhood', 'deputy', 'head', 'arrested']",1.4
"['strong', 'earthquake', 'western', 'china', 'kills', 'num', 'people']","['strong', 'earthquake', 'western', 'china', 'kills', 'least', 'num']",3.0
"['snowden', 'thanks', 'russia', 'asylum']","['snowden', 'thanks', 'russia', 'granting', 'asylum']",5.0
"['senate', 'confirms', 'yellen', 'fed', 'head']","['us', 'senate', 'confirms', 'yellen', 'feds', 'next', 'chair']",4.2
"['french', 'forces', 'take', 'key', 'mali', 'town']","['french', 'forces', 'seize', 'key', 'town']",3.8
"['boston', 'bombing', 'suspect', 'buried', 'virginia']","['boston', 'bomb', 'suspect', 'buried', 'virginia', 'cemetery']",5.0
"['large', 'extremely', 'dangerous', 'tornado', 'heads', 'towards', 'oklahoma', 'city']","['mom', 'baby', 'among', 'five', 'killed', 'tornadoes', 'rake', 'oklahoma', 'city', 'area']",1.6
"['hostage', 'drama', 'drags', 'alabama', 'school', 'bus', 'shooting']","['nevada', 'num', 'dead', 'num', 'hurt', 'middle', 'school', 'shooting']",0.8
"['palestinian', 'president', 'assigns', 'academic', 'form', 'west', 'bank', 'govt']","['palestinian', 'president', 'wants', 'israelis', 'talk', 'peace']",1.8
"['pakistans', 'malala', 'leaves', 'hospital', 'await', 'surgery']","['malala', 'leaves', 'british', 'hospital']",3.6
"['two', 'found', 'dead', 'swimming', 'pool', 'essex', 'hotel']","['man', 'woman', 'found', 'dead', 'essex', 'hotel', 'swimming', 'pool']",4.0
"['pakistan', 'condemns', 'us', 'drone', 'strike', 'shawal', 'area']","['pakistan', 'condemns', 'us', 'drone', 'strike', 'miranshah']",3.2
"['residents', 'return', 'texas', 'blast', 'site']","['residents', 'return', 'fallujah']",0.0
"['south', 'africa', 'prays', 'nelson', 'mandela']","['south', 'africa', 'unites', 'prayer', 'song', 'nelson', 'mandela']",4.2
"['irans', 'ahmadinejad', 'may', 'face', 'charges', 'election', 'appearance', 'aide']","['ahmadinejad', 'may', 'face', 'charges', 'election', 'appearance']",4.2
"['miliband', 'pledges', 'strengthen', 'minimum', 'wage']","['portugalchina', 'strengthen', 'scientific', 'research', 'ties']",0.0
"['singapore', 'stocks', 'close', 'num', 'pct', 'lower']","['singapore', 'stocks', 'close', 'num', 'pct', 'higher']",2.6
"['sniper', 'waiting', 'result', 'appeal']","['new', 'glories', 'china', 'striving', 'renewal']",0.0
"['apple', 'shares', 'hit', 'hard', 'iphone', 'disappointment']","['apple', 'stock', 'plunges', 'num', 'earnings', 'disappointment']",3.2
"['eu', 'renews', 'sanctions', 'zimbabwe']","['eu', 'lifts', 'diamond', 'sanctions', 'zimbabwe']",3.0
"['occupied', 'palestinian', 'territory', 'palestinians', 'rebuff', 'us', 'peace', 'talks', 'blueprint']","['occupied', 'palestinian', 'territory', 'palestinians', 'face', 'route', 'nowhere']",1.4
"['owners', 'others', 'charged', 'bangladesh', 'factory', 'fire']","['num', 'survivors', 'found', 'bangladesh', 'factory']",1.8
"['egypt', 'set', 'lure', 'gulf', 'investors']","['egypt', 'seeks', 'lure', 'investors']",3.4
"['usrussia', 'reach', 'agreement', 'syria']","['usrussia', 'reach', 'agreement', 'syria', 'weapons']",3.4
"['palestinians', 'jordan', 'coordinate', 'stances', 'peace', 'talks']","['hamas', 'senior', 'denies', 'gaza', 'pa', 'coordinated', 'peace', 'talks']",1.8
"['voting', 'canceled', 'three', 'provinces', 'tense', 'thai', 'election']","['cambodian', 'opposition', 'rejects', 'hun', 'sen', 'election', 'win']",0.0
"['obama', 'cancels', 'moscow', 'meeting', 'putin']","['obama', 'canceled', 'meeting', 'putin']",4.0
"['klci', 'futures', 'traded', 'mixed', 'midday']","['kl', 'shares', 'mixed', 'midday']",3.6
"['suspected', 'us', 'drone', 'strike', 'kills', 'num', 'pakistan']","['us', 'drone', 'strike', 'kills', 'least', 'ten', 'pakistan']",2.8
"['egypt', 'court', 'orders', 'mubarak', 'release']","['egypt', 'court', 'turns', 'mubaraks', 'release', 'request']",2.0
"['hollande', 'threatens', 'legal', 'action', 'affair', 'allegations']","['françois', 'hollande', 'threatens', 'legal', 'action', 'affair', 'claims']",4.0
"['iranian', 'exiles', 'report', 'deaths', 'iraq', 'camp']","['least', 'num', 'iranian', 'exiles', 'killed', 'iraqs', 'camp', 'ashraf']",3.0
"['blade', 'runner', 'pistorius', 'dispute', 'murder', 'charge']","['pistorius', 'cop', 'seven', 'attempted', 'murder', 'charges']",2.0
"['israeli', 'forces', 'detain', 'num', 'hebron', 'arrest', 'raid']","['israeli', 'credibility', 'line', 'iran', 'nuclear', 'challenge']",2.25
"['egyptians', 'vote', 'islamistbacked', 'constitution']","['judge', 'polls', 'directs', 'voters', 'egypt', 'constitution', 'vote']",1.4
"['mexico', 'swears', 'president', 'amid', 'violent', 'protests']","['former', 'new', 'mexico', 'gov', 'richardson', 'pressing', 'north', 'korean', 'test', 'ban']",0.0
"['helicopter', 'crashes', 'near', 'rail', 'station', 'london']","['helicopter', 'crashes', 'london']",4.0
"['indonesian', 'capital', 'prays', 'metro', 'ease', 'traffic', 'chaos']","['jakarta', 'prays', 'metro', 'ease', 'traffic', 'chaos']",3.8
"['japanese', 'planes', 'flew', 'chinas', 'new', 'defense', 'zone']","['japan', 'korean', 'military', 'planes', 'defy', 'chinas', 'new', 'defence', 'zone']",4.0
"['typhoon', 'survivors', 'raid', 'philippine', 'stores']","['typhoon', 'bopha', 'kills', 'num', 'philippines']",1.2
"['car', 'bomb', 'wounds', 'num', 'hezbollah', 'stronghold', 'lebanon']","['car', 'bomb', 'rocks', 'hezbollah', 'stronghold', 'lebanon']",3.2
"['rf', 'fm', 'urges', 'syrian', 'opposition', 'assist', 'immediate', 'release', 'foreigners', 'captured', 'syria']","['korea', 'opposition', 'candidate', 'closes', 'poll', 'gap']",0.6000000000000001
"['five', 'dead', 'num', 'missing', 'canada', 'train', 'disaster']","['num', 'dead', 'num', 'missing', 'sw', 'china', 'landslide']",0.6000000000000001
"['us', 'senate', 'confirms', 'janet', 'yellen', 'us', 'federal', 'reserve', 'chief']","['senate', 'confirms', 'janet', 'yellen', 'next', 'federal', 'reserve', 'chair']",4.6
"['khan', 'said', 'named', 'new', 'pakistani', 'taliban', 'leader', 'hakimullah', 'mehsud', 'killed', 'drone', 'strike']","['pakistani', 'taliban', 'chief', 'hakimullah', 'mehsud', 'killed', 'drone', 'strike']",3.4
"['least', 'num', 'killed', 'bomb', 'blasts', 'iraq']","['least', 'num', 'killed', 'baquba', 'blasts']",2.2
"['russia', 'destroys', 'num', 'chemical', 'weapons', 'stockpile']","['britain', 'sees', 'evidence', 'assad', 'could', 'use', 'chemical', 'weapons']",1.0
"['iran', 'earthquake', 'death', 'toll', 'rises']","['algeria', 'hostage', 'death', 'toll', 'rises']",0.6000000000000001
"['suarez', 'set', 'cup', 'comeback']","['french', 'set', 'mali', 'ground', 'combat']",0.8
"['maldives', 'team', 'india', 'observe', 'election']","['testimony', 'trial', 'former', 'fm', 'liberman', 'begins']",0.6000000000000001
"['death', 'toll', 'rises', 'num', 'storm', 'xaver', 'batters', 'northern', 'europe']","['storm', 'death', 'toll', 'rises', 'wind', 'rain', 'batters', 'north', 'europe']",3.2
"['pakistan', 'releases', 'top', 'afghan', 'taliban', 'prisoner']","['pakistan', 'releases', 'seven', 'afghan', 'taliban', 'fighters']",3.6
"['mixed', 'reactions', 'nz', 'samesex', 'marriage']","['new', 'zealand', 'legalizes', 'samesex', 'marriage']",2.2
"['tv', 'weatherman', 'fred', 'talbot', 'arrested', 'sex', 'claims']","['weatherman', 'fred', 'talbot', 'held', 'sex', 'abuse']",3.8
"['us', 'drone', 'strike', 'kills', 'num', 'pakistan']","['pakistan', 'drone', 'strike', 'kills', 'six']",3.0
"['building', 'collapses', 'india', 'num', 'feared', 'trapped']","['india', 'building', 'collapse', 'kills', 'num', 'dozens', 'trapped']",3.0
"['somalias', 'shebab', 'claims', 'responsibility', 'nairobi', 'mall', 'attack']","['syrian', 'rebels', 'claim', 'responsibility', 'killings', 'lebanon']",1.2
"['syrian', 'troops', 'push', 'strategic', 'rebelheld', 'town']","['syrian', 'army', 'pushes', 'assault', 'rebelheld', 'town']",4.0
"['israel', 'agrees', 'release', 'palestinian', 'prisoners']","['israel', 'releases', 'num', 'palestinian', 'prisoners']",2.8
"['dozens', 'die', 'clashes', 'erupt', 'morsi', 'rally', 'cairo']","['num', 'dead', 'clashes', 'morsi', 'rallies', 'egypt']",3.6
"['thai', 'opposition', 'protesters', 'begin', 'bangkok', 'shutdown']","['thai', 'protesters', 'launch', 'bangkok', 'shutdown']",4.8
"['spanish', 'train', 'crash', 'driver', 'questioned']","['spanish', 'train', 'driver', 'garzon', 'questioned', 'judge']",3.8
"['france', 'hails', 'breakthrough', 'usrussia', 'deal', 'syria', 'weapons']","['france', 'welcomes', 'usrussia', 'deal', 'syria']",4.0
"['isaf', 'soldier', 'killed', 'afghan', 'insider', 'attack']","['british', 'soldier', 'shot', 'dead', 'afghan', 'insider', 'attack']",4.0
"['num', 'crushed', 'death', 'ivory', 'coast', 'stampede']","['num', 'dead', 'ivory', 'coast', 'stampede']",3.4
"['glasgow', 'helicopter', 'crash', 'search', 'ends']","['glasgow', 'helicopter', 'crash', 'least', 'six', 'dead']",2.8
"['three', 'dead', 'us', 'marathon', 'bomb']","['taliban', 'denies', 'involvement', 'boston', 'marathon', 'bombing']",1.2
"['swiss', 'tourist', 'gangraped', 'india']","['swiss', 'tourist', 'gangraped', 'india']",5.0
"['india', 'braces', 'massive', 'cyclone']","['india', 'issues', 'red', 'alert', 'cyclone', 'phailin']",2.8
"['discipline', 'student', 'gunman', 'thought', 'sparked', 'colorado', 'shooting']","['discipline', 'student', 'thought', 'key', 'motive']",3.4
"['many', 'killed', 'japan', 'road', 'tunnel', 'collapse']","['many', 'killed', 'syrian', 'air', 'strike']",1.2
"['plan', 'shut', 'petrol', 'pumps', 'night', 'moily']","['india', 'govt', 'rejects', 'proposal', 'shut', 'petrol', 'pumps', 'night']",3.8
"['clinton', 'testify', 'month', 'benghazi', 'attack']","['clinton', 'returns', 'work', 'plans', 'testify', 'benghazi', 'attack']",3.8
"['tens', 'thousands', 'ukrainians', 'protest', 'kyiv']","['tens', 'thousands', 'line', 'cast', 'votes', 'bhutan']",0.6000000000000001
"['karzai', 'visit', 'pakistan', 'taliban', 'peace', 'talks']","['afghan', 'president', 'extends', 'visit', 'pakistan', 'taliban', 'talks']",3.6
"['thieves', 'snatch', 'english', 'channel', 'swimmers', 'custommade', 'wheelchair']","['thieves', 'steal', 'channel', 'swimmers', 'wheelchair']",4.0
"['three', 'die', 'car', 'crash', 'tiananmen']","['three', 'killed', 'crash', 'tiananmen', 'square']",4.6
"['singapore', 'shares', 'open', 'lower', 'friday']","['singapore', 'shares', 'open', 'higher', 'thursday']",2.2
"['obama', 'pledges', 'reignite', 'economy']","['obama', 'press', 'congress', 'act', 'economy']",2.6
"['two', 'earthquakes', 'hit', 'northwest', 'china', 'num', 'dead']","['twin', 'quakes', 'kill', 'num', 'china']",2.4
"['whitey', 'bulger', 'given', 'two', 'consecutive', 'life', 'terms']","['whitey', 'bulger', 'gets', 'life', 'racketeering', 'killings']",3.2
"['kenyan', 'forces', 'caused', 'mall', 'collapse']","['official', 'says', 'kenyan', 'forces', 'caused', 'mall', 'collapse']",5.0
"['pak', 'missions', 'uae', 'gear', 'elections']","['islamist', 'parties', 'egypt', 'unite', 'elections']",1.4
"['bangladesh', 'building', 'disaster', 'death', 'toll', 'passes', 'num']","['bangladesh', 'building', 'collapse', 'death', 'toll', 'climbs', 'num']",3.0
"['algeria', 'hostage', 'crisis', 'ends', 'death', 'toll', 'unclear']","['algeria', 'hostage', 'crisis', 'ends', 'bloodbath']",3.8
"['egypt', 'ministry', 'urges', 'end', 'promorsi', 'protests']","['egypt', 'child', 'killed', 'cairo', 'clashes', 'promorsi', 'protest']",2.8
"['south', 'africas', 'mandela', 'taken', 'hospital']","['south', 'africa', 'mandela', 'remains', 'hospital']",3.2
"['china', 'yuan', 'strengthens', 'num', 'usd']","['china', 'yuan', 'strengthens', 'new', 'high', 'usd']",3.0
"['police', 'question', 'man', 'deadly', 'la', 'boardwalk', 'crash']","['police', 'arrest', 'suspect', 'deadly', 'la', 'driving', 'attack']",2.2
"['turkish', 'riot', 'police', 'tear', 'gas', 'taksim', 'square', 'protest']","['turkish', 'riot', 'police', 'enter', 'taksim', 'square']",3.0
"['chicago', 'shooting', 'shows', 'gap', 'steppedup', 'policing']","['chicago', 'shooting', 'shows', 'gap', 'steppedup', 'policing']",5.0
"['feds', 'move', 'require', 'cartocar', 'safety', 'communication']","['guatemala', 'overturns', 'former', 'dictators', 'genocide', 'conviction']",0.0
"['north', 'korea', 'shuns', 'offer', 'talks']","['north', 'korea', 'shoots', 'num', 'rockets']",1.2
"['prince', 'charles', 'compares', 'putin', 'hitler']","['prince', 'charles', 'compares', 'vladimir', 'putin', 'adolf', 'hitler']",5.0
"['iran', 'warns', 'military', 'intervention', 'iraq']","['explosion', 'near', 'damascus', 'military', 'airport']",0.0
"['israel', 'pm', 'accuses', 'iran', 'president', 'hypocrisy']","['greek', 'pm', 'accuses', 'coalition', 'hypocrisy']",1.2
"['police', 'clash', 'youth', 'cairo', 'antimorsi', 'protest']","['egypt', 'police', 'clash', 'promorsi', 'protesters']",2.8
"['top', 'diplomats', 'meet', 'munich', 'critical', 'time']","['top', 'diplomats', 'discuss', 'irans', 'nuclear', 'program']",2.4
"['snowden', 'given', 'refugee', 'document', 'ecuador']","['snowden', 'poised', 'fly', 'moscow']",1.2
"['na', 'presidentäôs', 'message', 'world', 'press', 'freedom', 'day']","['pakistan', 'marks', 'world', 'press', 'freedom', 'day']",2.2
"['eu', 'foreign', 'ministers', 'discuss', 'syria', 'arms', 'embargo']","['eu', 'foreign', 'ministers', 'seek', 'solution', 'syria', 'arms']",3.6
"['death', 'toll', 'philippine', 'earthquake', 'rises', 'num']","['death', 'toll', 'philippines', 'quake', 'rises', 'num']",3.6
"['stocks', 'watch', 'close', 'monday']","['stocks', 'watch', 'monday']",4.0
"['army', 'jets', 'kill', 'num', 'militants', 'nw', 'pakistan', 'air', 'raids']","['us', 'drone', 'kills', 'num', 'militants', 'pakistan']",3.2
"['egyptian', 'police', 'fire', 'tear', 'gas', 'protesters', 'cairo']","['police', 'fire', 'tear', 'gas', 'protesters', 'cairo']",4.0
"['philippines', 'holds', 'second', 'senator', 'corruption']","['philippines', 'recovering', 'powerful', 'typhoon']",1.4
"['german', 'envoy', 'optimistic', 'irangnum', 'talks']","['iran', 'cautiously', 'optimistic', 'future', 'nuclear', 'talks']",1.4
"['renowned', 'spanish', 'flamenco', 'guitarist', 'paco', 'de', 'lucia', 'dies']","['spanish', 'flamenco', 'guitarist', 'paco', 'de', 'lucia', 'dies', 'num']",4.6
"['chinese', 'icebreaker', 'changes', 'course', 'towards', 'suspicious', 'objects']","['chinese', 'search', 'plane', 'finds', 'suspicious', 'objects']",2.0
"['snowden', 'hits', 'hurdles', 'search', 'asylum']","['snowdens', 'hits', 'hurdles', 'search', 'asylum']",5.0
"['death', 'toll', 'building', 'collapse', 'south', 'india', 'mounts', 'num']","['num', 'killed', 'building', 'collapse', 'southern', 'india']",2.8
"['pakistan', 'imposes', 'temporary', 'ban', 'num', 'tv', 'channels']","['pakistan', 'dismisses', 'case', 'fbi', 'agent']",1.4
"['palestinian', 'prisoners', 'arrive', 'muqata', 'ramallah']","['pakistani', 'prisoner', 'assaulted', 'jammu', 'jail']",1.0
"['num', 'dead', 'five', 'injured', 'sw', 'china', 'road', 'accident']","['num', 'hurt', 'gaza', 'city', 'car', 'accident']",1.0
"['thai', 'junta', 'amasses', 'security', 'force', 'smother', 'bangkok', 'protests']","['thai', 'junta', 'security', 'forces', 'stay', 'barracks', 'protests', 'dwindle']",1.8
"['aso', 'refuses', 'resign', 'nazi', 'comments']","['spanish', 'pm', 'refuses', 'resign', 'corruption', 'scandal']",0.2
"['explosions', 'kill', 'num', 'outside', 'two', 'mosques', 'lebanons', 'tripoli']","['num', 'explosions', 'rock', 'city', 'northern', 'lebanon']",2.0
"['pakistan', 'fighter', 'jets', 'bomb', 'taliban', 'hideouts']","['pakistan', 'wants', 'arms', 'supply', 'syrian', 'sides', 'stopped']",1.6
"['gunmen', 'kill', 'eight', 'second', 'kenya', 'attack']","['gunmen', 'kill', 'num', 'second', 'kenya', 'attack']",3.0
"['us', 'resumes', 'search', 'missing', 'british', 'sailors', 'public']","['us', 'coast', 'guard', 'suspends', 'search', 'missing', 'british', 'sailors']",2.4
"['iraqi', 'bomb', 'attacks', 'kill', 'least', 'num']","['iraqi', 'car', 'bomb', 'near', 'church', 'kills', 'least', 'num']",3.0
"['egypt', 'forces', 'set', 'block', 'access', 'morsi', 'protest', 'camps']","['egyptian', 'forces', 'move', 'clear', 'promorsi', 'protest', 'camps']",2.4
"['nobel', 'author', 'doris', 'lessing', 'dies', 'num']","['nobel', 'laureate', 'doris', 'lessing', 'dies', 'num']",5.0
"['japans', 'opposition', 'party', 'chief', 'criticizes', 'abes', 'economic', 'policies']","['zimbabweäôs', 'opposition', 'mdc', 'party', 'challenges', 'robert', 'mugabeäôs', 'election', 'win']",0.0
"['num', 'suspects', 'taken', 'custody', 'boston', 'bombing', 'case']","['boston', 'police', 'say', 'num', 'taken', 'custody', 'marathon', 'bombing']",4.8
"['ukraines', 'opposition', 'chief', 'wants', 'protests']","['ukraine', 'protesters', 'topple', 'lenin', 'statue']",2.4
"['queen', 'pays', 'tribute', 'nelson', 'mandela']","['south', 'africas', 'rugby', 'fraternity', 'mourns', 'mandela']",1.0
"['declines', 'us', 'stock', 'market', 'moderate']","['tech', 'selloff', 'sends', 'asian', 'stock', 'markets', 'lower']",0.4
"['latest', 'antimuslim', 'violence', 'burma', 'kills', 'num', 'injures', 'num']","['world', 'briefing', 'asia', 'myanmar', 'deadly', 'antimuslim', 'violence', 'flares']",2.6
"['suspected', 'us', 'drone', 'strike', 'kills', 'num', 'pakistan']","['us', 'drone', 'strike', 'kills', 'num', 'pakistan']",3.8
"['notes', 'mustreads', 'friday', 'may', 'num', 'num']","['notes', 'mustreads', 'tuesday', 'october', 'num', 'num']",2.0
"['num', 'killed', 'mine', 'accident', 'southwestern', 'china']","['num', 'killed', 'dozens', 'injured', 'blast', 'southwest', 'pakistan']",0.6000000000000001
"['nypd', 'twitter', 'outreach', 'backfires', 'badly']","['nypds', 'twitter', 'campaign', 'backfires']",4.8
"['turkish', 'search', 'ends', 'last', 'missing', 'miners', 'found']","['turkish', 'search', 'ends', 'last', 'missing', 'miners', 'found']",5.0
"['iran', 'predicts', 'failure', 'israelipalestinian', 'peace', 'talks']","['tentative', 'deal', 'reached', 'resume', 'israelipalestinian', 'talks', 'us']",1.4
"['olivia', 'colman', 'wins', 'second', 'bafta', 'award']","['baftas', 'num', 'olivia', 'colman', 'picks', 'two', 'awards']",4.4
"['titanic', 'violin', 'nabs', 'record', 'num', 'million']","['titanic', 'violin', 'sells', 'num', 'million']",3.8
"['ankeet', 'chavan', 'granted', 'conditional', 'bail', 'marriage']","['ankeet', 'chavan', 'granted', 'bail', 'get', 'married']",5.0
"['jals', 'first', 'order', 'airbus', 'blow', 'boeing']","['japan', 'airlines', 'orders', 'num', 'airbus', 'anums', 'valued', 'num', 'bn']",3.0
"['sienna', 'miller', 'testifies', 'uk', 'phone', 'hacking', 'trial']","['sienna', 'miller', 'attacks', 'press', 'äėtitillatingäô', 'reports', 'hacking', 'trial']",3.0
"['israelis', 'attack', 'num', 'palestinians', 'jerusalem', 'area']","['settlers', 'beat', 'palestinian', 'jerusalem']",2.6
"['eu', 'extends', 'sanctions', 'russia']","['nigeria', 'drops', 'arms', 'trafficking', 'charges', 'russian', 'sailors']",0.4
"['cuba', 'sees', 'major', 'role', 'foreign', 'investment']","['house', 'set', 'vote', 'plan', 'reopen', 'government']",0.0
"['äėgleeäô', 'star', 'cory', 'monteith', 'found', 'dead', 'hotel', 'room']","['cory', 'monteith', 'found', 'dead', 'canadian', 'äėgleeäô', 'star', 'num']",3.4
"['lebanons', 'pm', 'forms', 'unity', 'cabinet', 'lebanons', 'prime', 'minister', 'formed', 'cabinet', 'num', 'months', 'taking', 'office', 'taking', 'wide', 'range', 'political', 'groups', 'bridging', 'serious', 'divisions']","['beirut', 'lebanons', 'prime', 'minister', 'formed', 'cabinet', 'num', 'months', 'taking', 'office', 'yesterday', 'including', 'wide', 'range', 'political', 'groups', 'bridging', 'serious', 'divisions', 'among', 'mostly']",4.6
"['iranian', 'president', 'makes', 'debut', 'world', 'stage']","['iran', 'presidential', 'candidate', 'says', 'western', 'sanctions', 'broken']",0.6000000000000001
"['cameron', 'concerns', 'halal', 'meat']","['veterans', 'health', 'probe', 'confirms', 'coverup', 'care', 'delays']",0.0
"['worlds', 'oldest', 'man', 'dies', 'num']","['worlds', 'oldest', 'ever', 'man', 'dies', 'aged', 'num']",4.6
"['gm', 'slow', 'recalls', 'congress', 'record', 'shows']","['mobile', 'world', 'congress', 'future', 'smartphone']",0.0
"['death', 'toll', 'lebanon', 'bombings', 'rises', 'num']","['num', 'suspect', 'arrested', 'lebanon', 'car', 'bombings', 'kill', 'num']",2.8
"['greek', 'farright', 'leader', 'imprisoned', 'pending', 'trial']","['greek', 'farright', 'leader', 'imprisoned', 'pending', 'trial']",5.0
"['bangladesh', 'factory', 'owners', 'arrested', 'death', 'toll', 'nears', 'num']","['bangladesh', 'factory', 'owners', 'arrested']",3.2
"['num', 'egyptian', 'soldiers', 'killed', 'sinai', 'ambush']","['num', 'egyptian', 'soldiers', 'killed', 'sinai', 'car', 'bombing']",3.2
"['beijings', 'aircraft', 'carrier', 'returns', 'south', 'china', 'sea']","['china', 'sends', 'carrier', 'south', 'china', 'sea']",2.4
"['egypt', 'courts', 'hear', 'cases', 'mubarak', 'islamists']","['egypt', 'court', 'temporarily', 'releases', 'mubarak', 'illicit', 'gains']",1.8
"['moscows', 'crimea', 'success', 'could', 'lead', 'redrawing', 'ukraines', 'eastern', 'border']","['merkel', 'russian', 'actions', 'could', 'lead', 'catastrophe']",2.6
"['nelson', 'mandela', 'dies', 'aged', 'num']","['nelson', 'mandela', 'dies', 'age', 'num']",5.0
"['belgian', 'king', 'albert', 'ii', 'step', 'favor', 'son']","['belgium', 'king', 'albert', 'ii', 'abdicate']",4.2
"['nazi', 'gestapo', 'chief', 'buried', 'jewish', 'cemetery']","['nazi', 'chief', 'buried', 'jewish', 'cemetary']",4.8
"['swiss', 'vote', 'highest', 'minimum', 'wage']","['swiss', 'cast', 'ballots', 'worlds', 'highest', 'minimum', 'wage']",4.6
"['kevin', 'rudd', 'sworn', 'australian', 'prime', 'minister']","['rudd', 'sworn', 'australias', 'new', 'prime', 'minister']",5.0
"['donetsk', 'region', 'protesters', 'detain', 'trucks', 'carrying', 'government', 'rocket', 'ammo']","['come', 'get', 'says', 'thai', 'protest', 'leader', 'antigovernment', 'riots', 'grow']",0.8
"['easy', 'rider', 'star', 'karen', 'black', 'dies', 'aged', 'num']","['easy', 'rider', 'actress', 'karen', 'black', 'dies', 'cancer']",4.2
"['coronation', 'streets', 'bill', 'roache', 'arrested']","['coronation', 'street', 'stars', 'hail', 'amazing', 'new', 'set']",1.2
"['red', 'sox', 'beat', 'tigers', 'reach', 'world', 'series']","['red', 'sox', 'beat', 'tigers', 'num', 'advance', 'world', 'series']",4.4
"['least', 'num', 'dead', 'china', 'earthquake']","['least', 'num', 'dead', 'china', 'earthquakes']",2.8
"['news', 'business']","['new', 'ipad', 'coming']",0.2
"['glasgow', 'helicopter', 'death', 'toll', 'rises', 'nine']","['earthquake', 'death', 'toll', 'rises', 'num']",0.6000000000000001
"['david', 'beckham', 'retire', 'end', 'season']","['david', 'beckham', 'retires', 'football']",4.4
"['afghanistan', 'suicide', 'bomber', 'kills', 'eight', 'military', 'bus', 'blast']","['roadside', 'bomb', 'kills', 'eight', 'afghan', 'soldiers']",3.8
"['n', 'koreas', 'kim', 'hails', 'execution', 'powerful', 'uncle']","['north', 'koreas', 'kim', 'seen', 'behind', 'sacking', 'powerful', 'uncle']",4.6
"['eu', 'myanmar', 'work', 'toward', 'investment', 'protection', 'agreement']","['china', 'longer', 'top', 'investment', 'destination', 'poll']",1.4
"['tehelka', 'editor', 'embroiled', 'sex', 'assault', 'scam']","['tehelka', 'editor', 'steps', 'allegations', 'sexual', 'misconduct']",4.2
"['iron', 'lady', 'margaret', 'thatcher', 'dies', 'num']","['former', 'british', 'pm', 'margaret', 'thatcher', 'dies', 'num']",4.6
"['four', 'morsi', 'supporters', 'killed', 'egypt', 'clashes']","['thousands', 'morsi', 'supporters', 'gather', 'egypt']",2.2
"['un', 'condemns', 'ethnic', 'killings', 'south', 'sudan', 'oil', 'town']","['un', 'condemns', 'ethnic', 'killings', 'south', 'sudan']",4.6
"['feds', 'drop', 'morningafter', 'pill', 'appeal']","['us', 'allow', 'morningafter', 'pill', 'girls', 'age']",2.6
"['police', 'fire', 'tear', 'gas', 'protesters', 'bangkok']","['police', 'fire', 'tear', 'gas', 'protesters']",3.0
"['shooting', 'protests', 'mar', 'thai', 'voting']","['thai', 'protesters', 'disrupt', 'advance', 'voting']",3.6
"['china', 'stock', 'index', 'futures', 'close', 'lower', 'april', 'num']","['china', 'stock', 'index', 'futures', 'close', 'higher', 'dec', 'num']",2.2
"['seven', 'filipinos', 'slain', 'yemen', 'attack']","['syrian', 'soldiers', 'killed', 'bomb', 'attack']",0.8
"['israel', 'ends', 'airstrike', 'case', 'palestinians', 'critical']","['israeli', 'gunboats', 'fire', 'palestinian', 'fishermen']",1.4
"['protesters', 'topple', 'lenin', 'statue', 'kiev']","['ukraine', 'protesters', 'topple', 'lenin', 'statue', 'kiev']",4.4
"['iran', 'thwarts', 'nuclear', 'sabotage', 'attempts']","['iran', 'says', 'detects', 'sabotage', 'nuclear', 'facility']",3.6
"['china', 'yuan', 'strengthens', 'num', 'usd', 'tuesday']","['china', 'yuan', 'strengthens', 'num', 'usd', 'monday']",3.2
"['protesters', 'gather', 'brazil', 'despite', 'concessions']","['protests', 'continue', 'ukraine', 'despite', 'concessions']",1.2
"['queen', 'visits', 'london', 'soldier', 'attack', 'scene']","['queen', 'elizabeth', 'ii', 'visits', 'barracks', 'uk', 'soldier', 'slain', 'last', 'week']",4.2
"['india', 'china', 'troops', 'retreat', 'de', 'facto', 'border', 'faceoff', 'deal']","['india', 'says', 'china', 'agrees', 'retreat', 'de', 'facto', 'border', 'faceoff', 'deal']",4.2
"['relief', 'boston', 'second', 'suspect', 'captured']","['police', 'confirm', 'suspect', 'captured']",2.4
"['syrian', 'army', 'retakes', 'crusader', 'castle', 'rebels']","['syrian', 'army', 'retakes', 'historic', 'crusader', 'castle']",4.6
"['saudi', 'give', 'lebanese', 'army', 'num', 'billion']","['saudi', 'arabia', 'grant', 'lebanese', 'army', 'num', 'billion']",5.0
"['red', 'cross', 'workers', 'released', 'ukraine']","['red', 'cross', 'members', 'kidnapped', 'syria']",0.8
"['syria', 'envoy', 'says', 'peace', 'talks', 'without', 'opposition']","['syria', 'cameron', 'obama', 'move', 'west', 'closer', 'intervention']",0.6000000000000001
"['queen', 'name', 'biggest', 'ever', 'carrier']","['queen', 'names', 'giant', 'aircraft', 'carrier']",4.2
"['bangla', 'militants', 'escape', 'prison', 'van', 'bomb', 'ambush']","['bangladesh', 'prison', 'van', 'ambushed']",3.4
"['wreckage', 'air', 'algerie', 'plane', 'carrying', 'num', 'people', 'found', 'mali']","['wreckage', 'airalgerie', 'flight', 'ahnum', 'found', 'mali']",3.4
"['influential', 'palestinians', 'seek', 'one', 'democratic', 'state']","['arab', 'league', 'backs', 'palestinian', 'stance', 'peace', 'talks']",0.6000000000000001
"['dozens', 'killed', 'russian', 'plane', 'crash']","['ten', 'killed', 'alaska', 'plane', 'crash']",1.4
"['us', 'retailers', 'agree', 'bangladesh', 'plant', 'safety', 'pact']","['num', 'retailers', 'agree', 'new', 'bangladesh', 'factory', 'safety', 'pact']",4.0
"['us', 'government', 'shutdown', 'begins', 'live', 'updates']","['government', 'shutdown', 'begins', 'health', 'care', 'feud']",3.2
"['suicide', 'bomber', 'kills', 'num', 'afghanistan']","['suicide', 'blast', 'kills', 'num', 'afghan', 'capital']",3.0
"['china', 'launches', 'probe', 'rover', 'moon']","['china', 'launches', 'first', 'moon', 'rover', 'mission']",4.0
"['eyes', 'khurshidäôs', 'trip']","['eu', 'finance', 'ministersäô', 'talks', 'b']",1.8
"['australia', 'cuts', 'rates', 'record', 'low']","['australia', 'cuts', 'interest', 'rate', 'record', 'low', 'num']",3.8
"['chinese', 'news', 'agency', 'slams', 'delays', 'search', 'jet']","['ten', 'chinese', 'vessels', 'standby', 'jet', 'search']",3.2
"['classic', 'crossword', 'saturday', 'numst', 'june']","['classic', 'crossword', 'saturday', 'numth', 'april']",1.6
"['n', 'korea', 'testfires', 'num', 'shortrange', 'missiles']","['n', 'korea', 'fires', 'shortrange', 'missiles']",3.4
"['palestinian', 'diplomat', 'dies', 'prague', 'blast']","['palestinian', 'diplomat', 'killed', 'explosion', 'prague']",5.0
"['novice', 'steered', 'south', 'korea', 'ferry']","['south', 'korea', 'ferry', 'captain', 'arrested']",2.4
"['chinese', 'president', 'meets', 'indian', 'vice', 'president']","['chinese', 'president', 'meets', 'us', 'state', 'secretary']",1.6
"['teenage', 'girl', 'killed', 'east', 'london', 'shereka', 'marsh', 'shot', 'neck', 'police', 'say']","['hackney', 'shooting', 'teenager', 'shereka', 'marsh', 'bled', 'death', 'shot', 'neck']",4.6
"['death', 'toll', 'nairobi', 'attack', 'rises', 'num']","['death', 'toll', 'egypt', 'violence', 'rises', 'num']",1.6
"['chinas', 'peace', 'ark', 'departs', 'philippines', 'thursday']","['china', 'sends', 'aid', 'team', 'philippines']",4.0
"['iran', 'dissidents', 'killed', 'iraq']","['france', 'loses', 'influence', 'europe']",0.0
"['james', 'gandolfini', 'dies', 'aged', 'num']","['nelson', 'mandela', 'dies', 'aged', 'num']",0.4
"['nearly', 'nine', 'million', 'people', 'severe', 'debt']","['britains', 'debt', 'timebomb', 'nine', 'million', 'serious', 'debt']",4.2
"['updated', 'two', 'explosions', 'near', 'finish', 'line', 'boston', 'marathon']","['report', 'two', 'explosions', 'finish', 'line', 'boston', 'marathon']",5.0
"['twelve', 'killed', 'bomb', 'blast', 'pakistani', 'train']","['five', 'killed', 'bomb', 'blast', 'east', 'india']",1.0
"['new', 'cold', 'war']","['new', 'cold', 'war']",4.8
"['cubas', 'ladies', 'pick', 'eu', 'prize', 'num', 'years', 'late']","['cubas', 'ladies', 'pick', 'eu', 'prize', 'num', 'years', 'later']",5.0
"['fourteen', 'killed', 'brazil', 'bus', 'accident']","['two', 'killed', 'arizona', 'skydiving', 'accident']",0.6000000000000001
"['us', 'assad', 'used', 'chemical', 'weapons', 'syria', 'rebels']","['assad', 'agrees', 'hand', 'chemical', 'weapons']",1.8
"['death', 'toll', 'bangladesh', 'collapse', 'num']","['least', 'num', 'killed', 'bangladesh', 'building', 'collapse']",3.4
"['israeli', 'teens', 'missing', 'west', 'bank']","['israel', 'finds', 'bodies', 'three', 'missing', 'teens', 'west', 'bank']",2.8
"['president', 'mourns', 'death', 'mandela']","['world', 'mourns', 'passing', 'mandela']",3.4
"['two', 'blasts', 'near', 'iranian', 'embassy', 'beirut', 'num', 'killed']","['blast', 'near', 'iran', 'embassy', 'beirut']",3.2
"['singapore', 'shares', 'open', 'num', 'higher', 'monday']","['singapore', 'shares', 'open', 'lower', 'monday']",2.2
"['suicide', 'bomber', 'kills', 'num', 'iraqi', 'army', 'recruits']","['suicide', 'bomber', 'kills', 'num', 'iraqi', 'army', 'recruits', 'baghdad']",2.4
"['deaf', 'customers', 'sue', 'starbucks', 'say', 'theyre', 'mocked']","['deaf', 'ny', 'starbucks', 'patrons', 'sue', 'say', 'theyre', 'mocked']",4.6
"['thousands', 'evacuated', 'moscow', 'metro', 'fire']","['thousands', 'evacuated', 'fire', 'breaks', 'moscow', 'metro']",4.8
"['num', 'killed', 'rains', 'flash', 'floods', 'pakistan']","['three', 'killed', 'brazil', 'stadium', 'collapse']",0.4
"['num', 'killed', 'shiite', 'alhouthi', 'fighters', 'northern', 'yemen']","['least', 'num', 'killed', 'sectarian', 'conflict', 'north', 'yemen']",3.0
"['iran', 'excluded', 'syria', 'peace', 'talks', 'un']","['many', 'killed', 'syrian', 'air', 'strike']",0.4
"['kerry', 'call', 'congress', 'end', 'shutdown']","['brazils', 'congress', 'approves', 'internet', 'legislation']",0.4
"['canada', 'train', 'plot', 'suspects', 'reject', 'charges']","['canadians', 'released', 'egypt', 'yet', 'heading', 'home']",1.0
"['east', 'ukraine', 'separatists', 'ask', 'join', 'russia']","['crimean', 'parliament', 'votes', 'join', 'russia']",2.8
"['rudd', 'sworn', 'new', 'australian', 'pm']","['muslims', 'hiding', 'sectarian']",0.0
"['moon', 'rocks', 'indicate', 'earths', 'orb', 'born', 'collision']","['indian', 'minister', 'killed', 'headon', 'collision']",0.0
"['blackberry', 'loses', 'usnumm', 'qnum']","['blackberry', 'loses', 'numm', 'numnd', 'quarter']",5.0
"['egypt', 'strongly', 'opposes', 'military', 'action', 'syria']","['reactions', 'prospect', 'military', 'action', 'syria']",1.6
"['prorussia', 'rebels', 'downed', 'malaysian', 'plane', 'ukraine']","['russia', 'preparing', 'counterproposals', 'ukraine']",1.8
"['argument', 'jakarta', 'boats', 'abbott']","['agreement', 'iran', 'nuclear', 'talks']",0.4
"['us', 'believes', 'syria', 'probably', 'used', 'chemical', 'weapons']","['us', 'believes', 'syrian', 'government', 'used', 'chemical', 'weapons']",4.6
"['egypts', 'opposition', 'criticizes', 'presidents', 'speech']","['pakistans', 'opposition', 'party', 'boycotts', 'presidential', 'elections']",0.0
"['syrian', 'war', 'seen', 'dragging', 'years']","['syria', 'regime', 'releases', 'hundreds', 'prisoners']",1.0
"['russia', 'says', 'ballistic', 'missiles', 'fired', 'mediterranean']","['israel', 'says', 'carried', 'joint', 'missile', 'test', 'us', 'mediterranean']",1.0
"['volcano', 'erupts', 'indonesia', 'num', 'evacuated', 'airports', 'closed']","['volcanic', 'eruption', 'closes', 'num', 'airports']",3.0
"['num', 'killed', 'num', 'wounded', 'violent', 'attacks', 'iraq']","['num', 'killed', 'num', 'wounded', 'attacks', 'iraq']",1.4
"['ukraines', 'yanukovych', 'says', 'plan', 'resign']","['ukraine', 'opposition', 'demands', 'yanukovich', 'resign']",1.4
"['flash', 'floods', 'kill', 'num', 'eastern', 'afghanistan']","['bomb', 'wounds', 'num', 'eastern', 'afghanistan']",0.8
"['investigators', 'probe', 'motives', 'lax', 'airport', 'shooter']","['investigators', 'probe', 'motives', 'los', 'angeles', 'airport', 'shooter']",5.0
"['outrage', 'reports', 'emerge', 'numyearold', 'indian', 'girl', 'raped', 'school']","['outrage', 'indian', 'girl', 'num', 'raped', 'school']",5.0
"['janet', 'yellen', 'become', 'first', 'woman', 'lead', 'federal', 'reserve']","['us', 'senate', 'confirms', 'janet', 'yellen', 'us', 'federal', 'reserve', 'chief']",4.6
"['world', 'powers', 'iran', 'rouhani', 'revive', 'nuclear', 'talks']","['world', 'powers', 'seek', 'rare', 'progress', 'iran', 'nuclear', 'talks']",3.8
"['muslim', 'brotherhood', 'banned', 'egypt']","['military', 'holds', 'upper', 'hand', 'egypt']",1.2
"['deaths', 'expected', 'canada', 'oil', 'train', 'explosion']","['five', 'dead', 'canada', 'train', 'crash']",2.8
"['philippines', 'defers', 'comment', 'taiwan', 'fisher', 'attack']","['bin', 'ladens', 'continuing', 'sway', 'shown', 'kenya', 'mall', 'attack']",0.4
"['crowds', 'dignitaries', 'gather', 'mandela', 'memorial', 'service']","['obama', 'takes', 'selfie', 'mandelas', 'funeral', 'service']",1.6
"['obama', 'urges', 'restraint', 'israelis', 'palestinians']","['obama', 'meets', 'israeli', 'palestinian', 'negotiators']",1.8
"['russia', 'releases', 'greenpeace', 'doctor']","['russian', 'court', 'releases', 'greenpeace', 'ship', 'doctor', 'bail']",4.2
"['russian', 'aircraft', 'wreckage', 'found', 'year']","['russia', 'evacuates', 'embassy', 'libya', 'attack']",0.2
"['num', 'killed', 'us', 'drone', 'attack', 'yemen', 'wedding', 'party']","['us', 'drone', 'mistakenly', 'kills', 'num', 'yemen', 'wedding', 'convoy']",4.0
"['china', 'manufacturing', 'index', 'nummonth', 'low', 'hsbc']","['china', 'manufacturing', 'expands', 'september']",1.0
"['france', 'ban', 'child', 'beauty', 'pageants']","['facebook', 'test', 'mobile', 'payments', 'service']",0.4
"['today', 'history', 'dec', 'num']","['today', 'history', 'april', 'num']",1.8
"['ships', 'train', 'syrian', 'chemical', 'weapons', 'transport']","['un', 'adopts', 'syrian', 'chemical', 'weapons', 'resolution']",1.8
"['death', 'toll', 'rises', 'num', 'indias', 'mumbai', 'building', 'collapse']","['death', 'toll', 'rises', 'num', 'indonesia', 'mine', 'collapse']",0.6000000000000001
"['extremists', 'claim', 'responsibility', 'niger', 'attacks']","['greek', 'militant', 'group', 'claims', 'responsibility', 'golden', 'dawn', 'killings']",1.4
"['prorussians', 'forces', 'enter', 'ukrainian', 'naval', 'base', 'crimea']","['crimean', 'forces', 'storm', 'ukrainian', 'navy', 'headquarters']",3.8
"['body', 'missing', 'south', 'korean', 'shipping', 'tycoon', 'found', 'field']","['sewol', 'ferry', 'disaster', 'body', 'south', 'korean', 'shipping', 'tycoon', 'found']",4.2
"['update', 'nelson', 'mandelas', 'condition']","['nelson', 'mandelas', 'condition', 'improves']",2.2
"['ukraine', 'nine', 'people', 'die', 'kyiv', 'clashes']","['ukraine', 'pressured', 'kiev', 'clashes']",2.0
"['us', 'flying', 'surveillance', 'missions', 'help', 'find', 'kidnapped', 'nigerian', 'girls']","['us', 'surveillance', 'aircraft', 'join', 'hunt', 'kidnapped', 'nigerian', 'girls']",4.2
"['prince', 'george', 'christened', 'st', 'jamess', 'palace']","['prince', 'george', 'christened', 'london']",3.8
"['monty', 'python', 'reunite', 'new', 'show']","['monty', 'python', 'reunite', 'stage']",4.0
"['italian', 'foreign', 'minister', 'confers', 'ghana', 'vp']","['belgian', 'prime', 'minister', 'sends', 'condolences', 'victims']",0.2
"['gunman', 'held', 'suburban', 'atlanta', 'firefighters', 'hostage', 'dead', 'police', 'say']","['lede', 'video', 'gunman', 'takes', 'firefighters', 'hostage', 'georgia']",1.4
"['bradley', 'manningwikileaks', 'case', 'turns', 'sentencing']","['manning', 'wikileaks', 'case', 'turns', 'sentencing', 'phase']",5.0
"['egypt', 'poll', 'num', 'per', 'cent', 'vote', 'yes', 'new', 'constitution']","['egypt', 'holding', 'key', 'vote', 'constitution']",2.4
"['iran', 'six', 'global', 'powers', 'sign', 'landmark', 'nuclear', 'deal']","['iran', 'world', 'powers', 'agree', 'nuclear', 'deal']",4.6
"['israeli', 'forces', 'arrest', 'num', 'palestinians', 'overnight', 'west', 'bank', 'raids']","['israel', 'classifies', 'jerusalem', 'natives', 'noncitizens']",1.0
"['hague', 'concerns', 'conduct', 'zimbabwe', 'election']","['zimbabwe', 'grave', 'concerns', 'election']",2.8
"['hong', 'kong', 'stocks', 'end', 'higher']","['indian', 'stocks', 'open', 'higher']",0.6000000000000001
"['dignitaries', 'pay', 'tribute', 'paul', 'desmarais']","['stars', 'pay', 'tribute', 'james', 'garner']",0.4
"['southwest', 'grounds', 'flights', 'due', 'computer', 'glitch']","['southwest', 'flights', 'delayed', 'canceled', 'computer', 'glitch']",4.2
"['vatican', 'embassy', 'syria', 'hit', 'mortar', 'fire']","['vatican', 'embassy', 'syria', 'hit', 'mortar', 'injuries']",3.6
"['north', 'korea', 'blocks', 'access', 'joint', 'industrial', 'zone']","['north', 'korea', 'blocks', 'access', 'key', 'industrial', 'zone']",4.2
"['islamic', 'militants', 'kill', 'num', 'foreign', 'tourists', 'num', 'pakistani']","['gunmen', 'kill', 'num', 'foreign', 'tourists', 'pakistan']",2.8
"['western', 'forces', 'attack', 'islamic', 'militant', 'base', 'somalia']","['western', 'powers', 'scramble', 'befriend', 'modi']",1.0
"['hong', 'kong', 'set', 'huge', 'democracy', 'rally', 'handover', 'anniversary']","['hong', 'kong', 'set', 'huge', 'democracy', 'rally']",3.8
"['suicide', 'bomber', 'kills', 'num', 'iraq']","['suicide', 'bomber', 'attacks', 'primary', 'school', 'iraq', 'kills', 'num']",3.0
"['five', 'children', 'buried', 'alive', 'bohol', 'landslide']","['nine', 'children', 'die', 'attack', 'afghanistan', 'attack']",0.4
"['num', 'killed', 'hot', 'lava', 'indonesia', 'volcano', 'erupts']","['five', 'dead', 'indonesian', 'eruption']",3.0
"['least', 'num', 'killed', 'india', 'building', 'collapse']","['least', 'num', 'killed', 'bomb', 'blasts', 'iraq']",0.6000000000000001
"['egypts', 'presidential', 'election', 'begins']","['egypt', 'issues', 'longwaited', 'presidential', 'election', 'law']",2.8
"['son', 'us', 'evangelist', 'kills', 'son', 'popular', 'us', 'evangelist', 'rick', 'warren', 'killed']","['son', 'popular', 'us', 'evangelist', 'warren', 'kills']",4.4
"['italian', 'parliament', 'backs', 'new', 'pm']","['train', 'derailment', 'kills', 'num', 'new', 'york']",0.0
"['russian', 'lawmakers', 'pass', 'new', 'bill', 'restricting', 'internet']","['russia', 'says', 'ballistic', 'objects', 'fired', 'mediterranean']",0.4
"['super', 'typhoon', 'haiyan', 'strongest', 'season', 'slams', 'philippines']","['super', 'typhoon', 'haiyan', 'closes', 'philippines']",3.4
"['nato', 'condemns', 'ukraine', 'crackdown']","['thai', 'bonds', 'best', 'region']",0.0
"['china', 'investigate', 'eu', 'wine', 'exports']","['christie', 'investigation', 'heats']",1.2
"['conan', 'obrien', 'white', 'house', 'correspondents', 'dinner']","['obama', 'obrien', 'cast', 'versions', 'dc', 'white', 'house', 'correspondents', 'dinner']",3.6
"['boston', 'bomb', 'suspect', 'charged', 'religious', 'motive', 'seen']","['boston', 'bombing', 'suspect', 'charged', 'hospital', 'bed']",3.0
"['asian', 'markets', 'mixed', 'china', 'trade', 'data']","['asian', 'markets', 'slump', 'central', 'bank', 'stimulus', 'fears']",1.4
"['worlds', 'oldest', 'person', 'dies', 'japan', 'num']","['jiroemon', 'kimura', 'worlds', 'oldest', 'person', 'dies', 'aged', 'num']",4.8
"['foreign', 'exchange', 'rates', 'india']","['foreign', 'exchange', 'rates', 'singapore']",1.4
"['colorado', 'wildfire', 'destroys', 'num', 'homes', 'winds', 'worsen']","['colorado', 'wildfire', 'may', 'biggest', 'property', 'destroyer', 'state', 'history']",3.6
"['earthquake', 'num', 'magnitude', 'strikes', 'indonesia', 'island']","['earthquake', 'num', 'magnitude', 'strikes', 'thailand']",2.0
"['us', 'afghan', 'govt', 'hold', 'peace', 'talks', 'taliban']","['pakistan', 'holds', 'direct', 'talks', 'taliban']",2.0
"['news', 'terrorism', 'israelipalestinian', 'conflict', 'january', 'num', 'äď', 'num', 'num']","['news', 'terrorism', 'israelipalestinian', 'conflict', 'july', 'num', 'äď', 'august', 'num', 'num']",3.0
"['either', 'late', 'early', 'intervene', 'syria']","['un', 'chief', 'inspectors', 'need', 'num', 'days', 'conclude', 'probe', 'syria']",1.6
"['irans', 'nuclear', 'negotiating', 'team', 'leaves', 'kazakhstan']","['irans', 'nuclear', 'quest', 'cost', 'tehran', 'num', 'billion']",1.0
"['us', 'factory', 'orders', 'num', 'pct', 'january']","['german', 'factory', 'orders', 'rebound', 'january']",0.8
"['gunmen', 'surround', 'libyas', 'foreign', 'ministry', 'push', 'demands']","['gunmen', 'surround', 'libyan', 'foreign', 'ministry', 'push', 'demands']",5.0
"['typhoon', 'death', 'toll', 'rises', 'num']","['egyptian', 'death', 'toll', 'rises', 'num']",0.6000000000000001
"['ugandas', 'president', 'signs', 'antigay', 'bill']","['ugandas', 'president', 'signs', 'harsh', 'antigay', 'law']",4.2
"['russian', 'parliament', 'allows', 'putin', 'use', 'military', 'ukraine']","['russia', 'intention', 'incorporate', 'southeastern', 'ukraine', 'fm']",1.8
"['bradley', 'manning', 'acquitted', 'aiding', 'enemy']","['wikileaks', 'soldier', 'bradley', 'manning', 'acquitted', 'aiding', 'enemy']",4.4
"['gnum', 'intensify', 'russia', 'sanctions']","['ukraine', 'fears', 'russian', 'invasion']",0.6000000000000001
"['rock', 'bands', 'plane', 'makes', 'emergency', 'landing', 'ill']","['rock', 'bands', 'plane', 'makes', 'emergency', 'landing', 'ill']",5.0
"['russian', 'prime', 'minister', 'second', 'day', 'crimea', 'visit']","['russia', 'warns', 'setting', 'preconditions', 'syria']",0.8
"['judge', 'oks', 'forcefeeding', 'california', 'inmates']","['us', 'judge', 'approves', 'forcefeeding', 'californian', 'inmates', 'hunger', 'strik']",4.6
"['gang', 'violence', 'kills', 'num', 'venezuelan', 'prison']","['sixteen', 'killed', 'venezuela', 'prison']",4.0
"['us', 'military', 'deaths', 'afghanistan', 'num']","['us', 'military', 'deaths', 'afghanistan']",3.4
"['israel', 'palestinians', 'seek', 'another', 'meeting', 'monday', 'us', 'official']","['palestinians', 'dont', 'want', 'kerry', 'mission', 'fail']",1.4
"['tropical', 'storm', 'karen', 'targets', 'us', 'gulf', 'coast']","['tropical', 'storm', 'karen', 'poised', 'make', 'landfall']",3.8
"['seamus', 'heaney', 'irish', 'poet', 'soil', 'strife', 'dies', 'num']","['seamus', 'heaney', 'irish', 'poet', 'nobel', 'winner', 'dies', 'num']",4.8
"['bangladesh', 'islamists', 'rally', 'atheist', 'bloggers']","['bangladeshi', 'islamists', 'rally', 'demand', 'action', 'atheist', 'bloggers']",4.6
"['crash', 'malaysia', 'airlines', 'flight', 'mhnum', 'eastern', 'ukraine']","['malaysia', 'airlines', 'plane', 'crashes', 'ukrainerussia', 'border']",4.0
"['suicide', 'bomber', 'kills', 'num', 'restaurant', 'central', 'somalia']","['suicide', 'bomber', 'kills', 'least', 'num', 'kabul']",1.8
"['anthony', 'weiner', 'slips', 'fourth', 'place', 'new', 'poll']","['weiner', 'falls', 'fourth', 'new', 'nyc', 'mayoral', 'poll']",5.0
"['india', 'accuses', 'china', 'crossing', 'de', 'facto', 'border']","['senate', 'house', 'collision', 'course', 'border', 'money']",0.6000000000000001
"['pregnant', 'sudan', 'woman', 'married', 'christian', 'man', 'sentenced', 'death', 'apostasy']","['sudan', 'frees', 'christian', 'woman', 'sentenced', 'death', 'apostasy']",2.8
"['us', 'top', 'diplomat', 'kerrys', 'wife', 'rushed', 'hospital']","['us', 'secretary', 'state', 'john', 'kerryäôs', 'wife', 'rushed', 'hospital']",5.0
"['kerry', 'pursuing', 'quiet', 'strategy', 'mideast', 'peace', 'process']","['kerry', 'meets', 'israeli', 'leaders', 'push', 'mideast', 'peace']",3.8
"['north', 'korea', 'says', 'restart', 'nuclear', 'reactor']","['north', 'korea', 'offers', 'talks', 'complex', 'may', 'reopen']",3.6
"['egyptian', 'court', 'considers', 'mubarakäôs', 'release']","['egypt', 'court', 'orders', 'mubarak', 'release']",4.0
"['suicide', 'bomber', 'kills', 'eight', 'wounds', 'num', 'afghan', 'capital', 'police']","['suicide', 'bomb', 'kills', 'num', 'syrian', 'capitals', 'old', 'city']",0.8
"['boston', 'bombing', 'suspect', 'charged', 'hospital', 'bed']","['one', 'week', 'later', 'boston', 'honors', 'bombing', 'victims', 'suspect', 'unable', 'speak']",1.2
"['rain', 'hampers', 'indian', 'flood', 'rescue']","['us', 'tourist', 'gangraped', 'northern', 'india', 'police']",0.4
"['look', 'major', 'terror', 'attacks', 'east', 'africa']","['un', 'security', 'council', 'slams', 'deadly', 'terrorist', 'attack', 'kenyan', 'capital']",1.6
"['russia', 'responds', 'ukraine', 'ceasefire']","['cyprus', 'probes', 'ukraine', 'assets']",0.8
"['kim', 'jongun', 'executed', 'worse', 'dog', 'uncle']","['nkorea', 'executes', 'kim', 'jong', 'un', 'uncle']",3.5
"['colourful', 'support', 'world', 'cup', 'brazil']","['merkel', 'attend', 'world', 'cup', 'final']",1.2
"['mandela', 'remains', 'hospital']","['mandela', 'remains', 'intensive', 'care']",3.6
"['south', 'korea', 'ferry', 'crew', 'members', 'stand', 'trial']","['sewol', 'ferry', 'crew', 'faces', 'trial']",4.4
"['egypt', 'votes', 'new', 'constitution']","['egyptians', 'voting', 'new', 'constitution']",5.0
"['us', 'drone', 'strike', 'kills', 'six', 'pakistan', 'officials']","['us', 'drone', 'kills', 'num', 'militants', 'pakistan']",2.8
"['vietnam', 'detects', 'signals', 'missing', 'plane']","['china', 'expands', 'search', 'area', 'missing', 'plane']",2.0
"['cricketengland', 'v', 'australia', 'fourth', 'test', 'scoreboard']","['cricketengland', 'num', 'v', 'australia', 'fourth', 'test', 'tea']",4.0
"['birthday', 'dprk', 'celebrated', 'peru']","['curiosity', 'rover', 'celebrates', 'num', 'year', 'mars']",0.4
"['powerful', 'num', 'quake', 'strikes', 'solomons']","['powerful', 'num', 'quake', 'strikes', 'california', 'coast']",2.2
"['india', 'ink', 'image', 'day', 'may', 'num']","['india', 'ink', 'image', 'day', 'january', 'num']",1.8
"['australia', 'leader', 'ousted', 'snap', 'leadership', 'vote']","['australian', 'pm', 'gillard', 'ousted', 'leadership', 'vote']",4.0
"['obama', 'condemns', 'egypt', 'violence', 'cancels', 'military', 'exercises']","['pakistan', 'condemns', 'violence', 'egypt']",0.8
"['argentina', 'declares', 'mourning', 'flood', 'victims']","['parents', 'demands', 'common', 'forms', 'nursery', 'admissions']",0.0
"['princes', 'christening', 'blend', 'old', 'new']","['prince', 'georges', 'christening', 'baptism', 'plan', 'royal', 'babys', 'godparents', 'details']",2.2
"['papers', 'say', 'may', 'num', 'num']","['papers', 'say', 'nov', 'num', 'num']",2.33
"['google', 'releases', 'nexus', 'num', 'phone', 'kit', 'kat']","['google', 'redesigns', 'search', 'results', 'pcs']",1.0
"['bombing', 'aimed', 'hezbollah', 'hits', 'southern', 'beirut']","['explosion', 'hits', 'hezbollah', 'area', 'south', 'beirut']",4.2
"['us', 'allies', 'add', 'sanctions', 'russia', 'ukraine']","['eu', 'slaps', 'new', 'sanctions', 'russia', 'ukraine']",3.0
"['factories', 'ran', 'korean', 'cooperation', 'go', 'silent']","['north', 'south', 'korea', 'break', 'silence', 'talks']",1.0
"['chinese', 'premier', 'meets', 'indian', 'vice', 'president']","['hezbollah', 'urges', 'elect', 'new', 'lebanese', 'president']",0.0
"['algerian', 'president', 'france', 'medical', 'tests']","['algerian', 'president', 'france', 'medical', 'tests', 'minor', 'stroke']",3.6
"['islamists', 'still', 'holding', 'num', 'hostages', 'kenya', 'mall', 'standoff', 'continues']","['death', 'toll', 'rises', 'kenya', 'mall', 'siege', 'continues']",3.2
"['manchester', 'city', 'wins', 'second', 'premier', 'league', 'title', 'three', 'years']","['manchester', 'city', 'win', 'english', 'premier', 'league', 'title']",3.8
"['bodies', 'mhnum', 'crash', 'victims', 'flown', 'netherlands']","['mhnum', 'dead', 'flown', 'back', 'netherlands']",4.8
"['egypt', 'policeman', 'killed', 'sinai', 'attack']","['egyptian', 'soldiers', 'killed', 'sinai', 'attack']",3.4
"['extension', 'likely', 'iran', 'nuclear', 'talks']","['oil', 'slips', 'num', 'ahead', 'iran', 'nuclear', 'talks']",1.4
"['fire', 'kills', 'num', 'russian', 'psychiatric', 'institution']","['num', 'feared', 'dead', 'russian', 'psychiatric', 'hospital', 'fire']",3.6
"['russia', 'warns', 'may', 'sign', 'landmark', 'un', 'arms', 'treaty']","['un', 'closes', 'landmark', 'arms', 'treaty']",1.6
"['didier', 'reynders', 'syria']","['obamas', 'day', 'prime', 'time', 'syria']",1.6
"['north', 'korea', 'experts', 'call', 'dialogue', 'äď', 'say', 'china', 'must', 'play', 'part']","['north', 'korea', 'cuts', 'last', 'ties', 'south', 'barring', 'joint', 'industrial', 'park']",0.8
"['china', 'stocks', 'open', 'higher', 'monday']","['china', 'stocks', 'close', 'lower', 'thursday']",1.0
"['sony', 'xperia', 'znum', 'nokiaäôs', 'x', 'series', 'unveiled']","['court', 'orders', 'political', 'ban', 'italyäôs', 'berlusconi']",0.0
"['new', 'coronavirus', 'probably', 'passed', 'person', 'person']","['new', 'virus', 'probably', 'pass', 'person', 'person']",3.8
"['mandela', 'back', 'hospital', 'äėserious', 'stableäô', 'condition']","['nelson', 'mandela', 'returns', 'hospital', 'äėserious', 'stableäô', 'condition']",5.0
"['east', 'harlem', 'explosion', 'death', 'toll', 'rises']","['mexico', 'storm', 'death', 'toll', 'continues', 'rise']",0.0
"['ukrainian', 'prime', 'minister', 'resigns', 'amid', 'protests']","['british', 'prime', 'minister', 'condemns', 'murder', 'teens']",0.0
"['royal', 'hoax', 'dj', 'takes', 'action', 'station']","['taliban', 'bombs', 'us', 'base', 'afghanistan']",0.0
"['arsenal', 'v', 'stoke', 'city', 'äď', 'live']","['tottenham', 'v', 'manchester', 'city', 'äď', 'live']",2.2
"['business', 'news', 'markets', 'happened', 'april', 'num', 'num']","['business', 'news', 'markets', 'happened', 'june', 'num', 'num']",2.4
"['iran', 'world', 'powers', 'begin', 'new', 'round', 'nuclear', 'talks']","['iran', 'world', 'powers', 'pledge', 'new', 'nuclear', 'talks']",4.2
"['tropical', 'storm', 'karen', 'targets', 'us', 'gulf', 'coast']","['tropical', 'storm', 'karen', 'weakens', 'nears', 'us', 'gulf', 'coast']",2.6
"['workers', 'killed', 'india', 'building', 'collapse']","['num', 'killed', 'bangladesh', 'building', 'collapse']",3.0
"['north', 'korea', 'fires', 'three', 'shortrange', 'missiles']","['n', 'korea', 'fires', 'shortrange', 'missiles']",3.8
"['car', 'bomb', 'kills', 'num', 'northwest', 'pakistan']","['bomb', 'kills', 'three', 'northwest', 'pakistan']",2.6
"['malaysia', 'airlines', 'loses', 'contact', 'plane', 'carrying', 'num', 'beijing']","['malaysia', 'airlines', 'plane', 'vanishes', 'flight', 'beijing']",4.0
"['microsoft', 'says', 'cut', 'num', 'jobs']","['microsoft', 'cut', 'num', 'jobs', 'overhaul']",5.0
"['malaysians', 'vote', 'polls', 'stability', 'change']","['malaysia', 'elections', 'malaysians', 'vote', 'power', 'stake', 'first', 'time']",3.4
"['fire', 'destroys', 'ancient', 'tibetan', 'town', 'china']","['fire', 'destroys', 'tibetan', 'town', 'china']",4.4
"['yahoo', 'agrees', 'buy', 'tumblr', 'num', 'billion', 'cash']","['yahoo', 'buy', 'tumblr', 'num', 'billion']",5.0
"['india', 'starts', 'voting', 'worlds', 'largest', 'election']","['india', 'voters', 'kick', 'worldäôs', 'biggest', 'election']",5.0
"['car', 'bomb', 'northern', 'syria', 'kills', 'least', 'num']","['syrian', 'airstrikes', 'kill', 'least', 'num', 'aleppo']",2.0
"['philippine', 'quake', 'death', 'toll', 'climbs', 'num']","['death', 'toll', 'philippines', 'quake', 'jumps', 'num']",2.8
"['search', 'ends', 'missing', 'asylumseekers']","['search', 'narrowed', 'missing', 'man']",1.4
"['ukrainian', 'president', 'orders', 'numday', 'ceasefire', 'east']","['ugandas', 'president', 'museveni', 'agrees', 'sign', 'antigays', 'bill']",0.2
"['icc', 'champions', 'trophy', 'india', 'vs', 'south', 'africa']","['champions', 'trophy', 'india', 'v', 'south', 'africalive']",4.33
"['supreme', 'court', 'takes', 'affirmative', 'action', 'michigan', 'ban', 'case']","['supreme', 'court', 'hear', 'michigan', 'affirmative', 'action', 'case']",4.4
"['headlines', 'major', 'iranian', 'newspapers', 'sept', 'num']","['headlines', 'major', 'iranian', 'newspapers', 'nov', 'num']",3.0
"['cyclone', 'leaves', 'trail', 'destruction', 'india']","['cyclone', 'phailin', 'evacuation', 'kept', 'indian', 'villagers', 'alive']",2.4
"['taliban', 'kill', 'num', 'police', 'west', 'afghanistan']","['us', 'drone', 'kills', 'two', 'eastern', 'afghanistan']",0.6000000000000001
"['thousands', 'rally', 'support', 'embattled', 'tunisia', 'government']","['thousands', 'gather', 'support', 'islamist', 'government', 'tunisia']",4.6
"['south', 'africas', 'mandela', 'taken', 'hospital']","['nelson', 'mandela', 'taken', 'hospital']",4.8
"['updated', 'two', 'explosions', 'near', 'finish', 'line', 'boston', 'marathon']","['two', 'explosions', 'boston', 'marathon', 'finish', 'line']",5.0
"['least', 'two', 'killed', 'southern', 'egypt', 'clash']","['least', 'num', 'killed', 'north', 'caucasus', 'train', 'station', 'blast']",0.4
"['winter', 'storm', 'ion', 'statebystate']","['winter', 'storm', 'janus', 'statebystate']",3.0
"['corpses', 'num', 'men', 'found', 'south', 'baghdad']","['iraqi', 'officials', 'num', 'bodies', 'found', 'south', 'baghdad']",3.6
"['bomb', 'attacks', 'kill', 'num', 'baghdads', 'christian', 'areas']","['bombs', 'kill', 'num', 'baghdad', 'christian', 'area']",3.0
"['china', 'sets', 'bo', 'xilai', 'trial', 'date']","['china', 'bo', 'xilai', 'trial', 'fourth', 'day']",3.2
"['muslims', 'prepare', 'start', 'ramadan']","['muslims', 'pray', 'end', 'divisions']",0.8
"['japan', 'scrambles', 'jets', 'russian', 'military', 'planes']","['separatists', 'ukraine', 'military', 'plane', 'several', 'dead']",0.8
"['thousands', 'britons', 'claim', 'dole', 'germany']","['thousands', 'whiteclad', 'amsterdammers', 'march', 'mhnum']",1.0
"['suspected', 'us', 'drone', 'strike', 'kills', 'num', 'pakistan']","['suspected', 'us', 'drone', 'targets', 'islamic', 'seminary', 'pakistan']",2.2
"['obama', 'sign', 'obamacare']","['obama', 'visits', 'tornado', 'hit', 'oklahoma']",0.4
"['general', 'electric', 'posts', 'num', 'profit', 'drop', 'third', 'quarter']","['ge', 'posts', 'num', 'profit', 'drop', 'third', 'quarter']",5.0
"['china', 'yuan', 'weakens', 'num', 'usd']","['china', 'yuan', 'strengthens', 'new', 'high', 'usd']",2.0
"['russia', 'finds', 'dead', 'lawyer', 'magnitsky', 'guilty', 'posthumous', 'trial']","['russia', 'convicts', 'dead', 'lawyer', 'magnitsky', 'posthumous', 'trial']",5.0
"['trayvon', 'could']","['trayvon', 'martin', 'could']",2.8
"['china', 'sends', 'largest', 'fleet', 'yet', 'disputed', 'islands']","['china', 'ships', 'enter', 'waters', 'disputed', 'islands']",3.4
"['kerrys', 'plan', 'restarting', 'talks', 'calls', 'release', 'num', 'palestinian', 'inmates']","['kerry', 'plan', 'include', 'prisoner', 'release', 'settlement', 'freeze']",3.4
"['police', 'explosion', 'belfast', 'cathedral', 'quarter']","['explosion', 'kabul', 'suicide', 'attack', 'diplomatic', 'area']",2.0
"['syrians', 'protest', 'erdogan', 'paris', 'venezuelans', 'stress', 'support', 'syria']","['turkeys', 'erdogan', 'iran', 'mend', 'ties', 'split', 'syria']",1.4
"['prime', 'minister', 'seek', 'nuclear', 'deal', 'investments', 'japan', 'visit']","['manmohan', 'hopes', 'clinch', 'nuclear', 'deal', 'japan']",3.0
"['us', 'postpones', 'missile', 'test', 'n', 'korea', 'tensions']","['embassies', 'staying', 'put', 'n', 'korea', 'despite', 'tension']",1.2
"['obama', 'meet', 'privately', 'family', 'nelson', 'mandela']","['obama', 'meet', 'mandela', 'family']",4.6
"['least', 'six', 'dead', 'us', 'shooting', 'rampage']","['least', 'num', 'dead', 'somalia', 'attacks']",0.4
"['gunmen', 'kill', 'num', 'philippine', 'political', 'violence']","['five', 'killed', 'philippines', 'volcano', 'eruption']",0.6000000000000001
"['israel', 'downs', 'drone', 'lebanon']","['israel', 'shoots', 'drone', 'lebanon']",5.0
"['israel', 'approves', 'release', 'first', 'group', 'palestinian', 'prisoners', 'ahead', 'peace', 'talks']","['syrian', 'opposition', 'confirms', 'participation', 'peace', 'talks']",1.0
"['deadly', 'clashes', 'egypt', 'marks', 'anniversary']","['violent', 'clashes', 'mark', 'anniversary', 'egypt', 'uprising']",4.6
"['nato', 'num', 'americans', 'killed', 'southern', 'afghanistan']","['roadside', 'bomb', 'kills', 'num', 'policemen', 'southern', 'afghanistan']",1.6
"['conmen', 'dressed', 'women', 'steal', 'cash']","['cctv', 'york', 'conmen', 'dress', 'women', 'trick', 'pensioners']",3.8
"['cleveland', 'kidnapper', 'ariel', 'castro', 'found', 'hanged', 'prison', 'cell']","['cleveland', 'kidnapper', 'ariel', 'castro', 'found', 'hanging', 'cell']",5.0
"['google', 'unveils', 'prototype', 'selfdriving', 'car']","['google', 'unveils', 'concept', 'selfdriving', 'car']",5.0
"['bangladesh', 'garment', 'factory', 'fire', 'kills', 'num']","['bangladesh', 'garment', 'factory', 'collapse', 'kills', 'num']",2.0
"['us', 'seeks', 'reassure', 'wary', 'gulf', 'allies', 'iran', 'deal']","['hagel', 'seeks', 'reassure', 'jittery', 'gulf', 'allies', 'iran', 'deal']",4.0
"['ukraine', 'hosts', 'äėunity', 'talksäô']","['pope', 'hits', 'äėwar', 'sell', 'armsäô', 'syria']",0.0
"['pakistans', 'musharraf', 'arrest', 'bhutto', 'assassination']","['pakistans', 'musharraf', 'arrives', 'court', 'first', 'time']",2.4
"['trial', 'date', 'set', 'egypts', 'muslim', 'brotherhood', 'chief']","['syrias', 'muslim', 'brotherhood', 'faces', 'uphill', 'battle']",2.2
"['red', 'pandaäôs', 'shortlived', 'zoo', 'escape']","['indiaäôs', 'march', 'mars']",0.0
"['israeli', 'doctors', 'could', 'tried', 'abroad', 'forcefeeding', 'palestinian', 'prisoners']","['israels', 'west', 'bank', 'control', 'costing', 'palestinian', 'economy', 'billions']",0.2
"['washington', 'pot', 'shops', 'prepare', 'historic', 'sales']","['washington', 'pot', 'shops', 'prepare', 'historic', 'sales']",5.0
"['rio', 'airport', 'workers', 'strike', 'eve', 'fifa', 'world', 'cup']","['rio', 'de', 'janeiro', 'airport', 'workers', 'strike', 'eve', 'world', 'cup']",5.0
"['son', 'top', 'muslim', 'brotherhood', 'leader', 'killed']","['egypt', 'arrests', 'muslim', 'brotherhood', 'leader', 'badie']",1.4
"['iran', 'six', 'global', 'powers', 'sign', 'landmark', 'nuclear', 'deal']","['iran', 'six', 'world', 'powers', 'clinch', 'breakthrough', 'nuclear', 'deal']",5.0
"['hotair', 'balloon', 'catches', 'fire', 'virginia']","['hot', 'air', 'balloon', 'catches', 'fire', 'crashes']",2.8
"['quotes', 'leaders', 'family', 'mandela', 'memorial']","['world', 'unites', 'mandela', 'memorial']",2.4
"['mumbai', 'indians', 'puts', 'tt', 'place']","['indonesians', 'vote', 'president', 'tight', 'race']",0.0
"['kl', 'shares', 'remain', 'higher', 'midafternoon']","['kl', 'shares', 'continue', 'uptrend', 'midafternoon']",4.4
"['papers', 'say', 'nov', 'num', 'num']","['papers', 'say', 'oct', 'num', 'num']",2.8
"['amazon', 'launches', 'new', 'device', 'streaming', 'video']","['amazon', 'unveils', 'new', 'fire', 'tv', 'streaming', 'video', 'box']",4.2
"['palestinian', 'president', 'receives', 'jordanian', 'foreign', 'minister']","['palestinian', 'arrested', 'sexually', 'harassing', 'young', 'girls']",0.0
"['obama', 'nominates', 'new', 'transportation', 'secretary']","['obama', 'meet', 'embattled', 'veterans', 'secretary']",0.2
"['china', 'yuan', 'weakens', 'num', 'usd']","['china', 'yuan', 'strengthens', 'num', 'usd', 'friday']",1.6
"['french', 'raid', 'wine', 'cellar', 'austerity', 'auction']","['us', 'praises', 'ukraine', 'deal', 'calls', 'concrete', 'action']",0.2
"['us', 'russia', 'agree', 'seizure', 'syria', 'chemical', 'weapons']","['syrian', 'rebels', 'skeptical', 'chemical', 'weapons', 'deal']",1.4
"['korea', 'mps', 'visit', 'kaesong', 'complex']","['korea', 'demands', 'talks', 'n', 'korea', 'closed', 'factory']",1.4
"['algerian', 'priest', 'lecture', 'christian', 'heritage', 'n', 'africa']","['telstra', 'applies', 'list', 'china', 'site', 'ny']",0.0
"['headlines', 'major', 'iranian', 'newspapers', 'april', 'num']","['headlines', 'major', 'iranian', 'newspapers', 'august', 'num']",3.0
"['implications', 'palestinian', 'reconciliation']","['belgian', 'king', 'address', 'nation', 'amid', 'abdication', 'speculation']",0.6000000000000001
"['hijacker', 'arrested', 'plane', 'lands', 'geneva', 'airport']","['hijacked', 'aircraft', 'lands', 'geneva']",3.0
"['pcb', 'appoints', 'waqar', 'younis', 'head', 'coach']","['waqar', 'younis', 'back', 'pakistan', 'coach']",5.0
"['us', 'makes', 'case', 'action', 'syria']","['saudi', 'urges', 'un', 'action', 'israel', 'strikes', 'syria']",2.4
"['ankara', 'protesters', 'clash', 'police']","['peru', 'protesters', 'clash', 'police']",1.8
"['num', 'killed', 'num', 'wounded', 'violent', 'attacks', 'iraq']","['num', 'killed', 'num', 'wounded', 'fresh', 'attacks', 'iraq']",2.2
"['puerto', 'rican', 'arrested', 'production', 'child', 'pornography']","['indian', 'guru', 'arrested', 'suspicion', 'rape']",0.4
"['ukraine', 'signs', 'eu', 'trade', 'pact', 'russia', 'finalizes', 'crimea', 'annexation']","['ukraines', 'top', 'court', 'dismisses', 'crimeas', 'independence', 'unconstitutional']",2.0
"['assad', 'warns', 'turkey', 'heavy', 'price', 'backing', 'syrian', 'rebels']","['cabinet', 'war', 'arming', 'syrian', 'rebels']",1.0
"['indian', 'stocks', 'close', 'lower']","['hong', 'kong', 'stocks', 'close', 'num', 'higher']",1.8
"['num', 'killed', 'num', 'wounded', 'violent', 'attacks', 'iraq']","['num', 'killed', 'num', 'wounded', 'attacks', 'iraq']",2.8
"['indian', 'rape', 'accused', 'face', 'verdicts']","['indian', 'rape', 'accused', 'found', 'guilty']",3.8
"['iran', 'nuclear', 'deal', 'agreed', 'talks']","['iran', 'nuclear', 'deal', 'sealed', 'decadeslong', 'dispute']",3.6
"['egyptian', 'military', 'spokesman', 'denounces', 'incitement', 'army']","['labor', 'ministry', 'announcement', 'due', 'monday']",0.0
"['snowden', 'sees', 'chance', 'us', 'fair', 'trial']","['snowden', 'sees', 'chance', 'get', 'fair', 'trial', 'us']",5.0
"['headlines', 'major', 'iranian', 'newspapers', 'dec', 'num']","['headlines', 'major', 'iranian', 'newspapers', 'july', 'num']",2.2
"['dozens', 'injured', 'connecticut', 'train', 'collision']","['indian', 'minister', 'killed', 'headon', 'collision']",0.2
"['queen', 'visits', 'britains', 'new', 'prince']","['queen', 'meets', 'britains', 'new', 'baby', 'prince']",5.0
"['ukraine', 'three', 'killed', 'parliament', 'protests']","['ukraine', 'president', 'calls', 'talks', 'end', 'protests']",1.0
"['ride', 'operator', 'charged', 'nc', 'fair', 'accident']","['nc', 'state', 'fair', 'ride', 'operator', 'arrested', 'accident']",4.4
"['transcript', 'reveals', 'confusion', 'evacuation', 'south', 'korean', 'ferry']","['transcript', 'reveals', 'confusion', 'ferry', 'evacuation']",3.6
"['fallen', 'us', 'firefighters', 'brought', 'home']","['wall', 'street', 'ends', 'slightly', 'lower']",0.2
"['syria', 'regime', 'agrees', 'attend', 'peace', 'conference']","['russia', 'syria', 'agrees', 'participate', 'conference']",4.8
"['uk', 'vote', 'rejects', 'military', 'action']","['britain', 'rejects', 'syria', 'military', 'action']",3.4
"['new', 'zealand', 'set', 'legalise', 'gay', 'marriage']","['new', 'zealand', 'votes', 'legalise', 'samesex', 'marriage']",4.4
"['singapore', 'stocks', 'end', 'num', 'pct']","['singapore', 'stocks', 'close', 'num', 'pct', 'higher']",3.0
"['venezuelan', 'president', 'visit', 'china']","['senegalese', 'president', 'visit', 'china']",1.8
"['cairo', 'protesters', 'defy', 'crackdown', 'threat']","['cairo', 'camps', 'protesters', 'dig', 'live']",3.6
"['missing', 'plane', 'search', 'turns', 'vietnamese', 'islands']","['missing', 'malaysia', 'airlines', 'plane', 'crashes', 'vietnam']",3.0
"['official', 'malaysia', 'airlines', 'briefs', 'relatives', 'missing', 'flight', 'passengers', 'search', 'progress']","['malaysia', 'airlines', 'investigating', 'copilot', 'missing', 'flight']",1.0
"['stars', 'pay', 'tribute', 'cory', 'monteith']","['stars', 'pay', 'tribute', 'james', 'garner']",2.2
"['los', 'angeles', 'airport', 'worker', 'charged', 'making', 'num', 'threats']","['los', 'angeles', 'airport', 'worker', 'charged', 'num', 'threats']",5.0
"['notes', 'mustreads', 'friday', 'may', 'num', 'num']","['notes', 'mustreads', 'friday', 'august', 'num', 'num']",2.2
"['cristiano', 'ronaldo', 'hattrick', 'fires', 'portugal', 'num', 'world', 'cup', 'finals']","['ronaldo', 'hattrick', 'fires', 'portugal', 'world', 'cup']",4.8
"['britains', 'prince', 'philip', 'set', 'exploratory', 'surgery']","['uks', 'prince', 'philip', 'hospitalized']",3.0
"['japan', 'starts', 'hearing', 'sales', 'tax', 'exbank', 'deputy', 'urges', 'gradual', 'rise']","['japan', 'starts', 'hearings', 'proposed', 'tax', 'hike']",3.6
"['three', 'bomb', 'attacks', 'kill', 'six', 'soldiers', 'one', 'civilian']","['school', 'bomb', 'attack', 'kills', 'two', 'southern', 'thailand']",1.0
"['italian', 'pilgrims', 'die', 'bus', 'plunge']","['passengers', 'dead', 'italy', 'bus', 'plunge']",3.8
"['strong', 'new', 'quake', 'hits', 'shattered', 'pak', 'region']","['powerful', 'new', 'earthquake', 'hits', 'shattered', 'pakistan', 'region']",5.0
"['syrian', 'opposition', 'offers', 'assad', 'truce', 'homs', 'duration', 'ramadan']","['syrian', 'opposition', 'offers', 'assads', 'forces', 'truce', 'duration', 'ramadan']",4.6
"['least', 'num', 'dead', 'somalia', 'attacks']","['least', 'num', 'die', 'iraq', 'prison', 'attack']",2.2
"['westgate', 'mall', 'attackers', 'spent', 'four', 'months', 'planning', 'nairobi']","['westgate', 'attackers', 'spent', 'four', 'months', 'planning', 'nairobi', 'says', 'official']",4.6
"['un', 'security', 'council', 'calls', 'humanitarian', 'ceasefire', 'gaza']","['un', 'security', 'council', 'calls', 'unconditional', 'ceasefire', 'gaza']",4.8
"['nummagnitude', 'quake', 'hits', 'honshu', 'japan', 'cenc']","['nummagnitude', 'earthquake', 'jolts', 'taiwan', 'cenc']",2.0
"['chinese', 'shares', 'close', 'higher', 'tuesday']","['chinese', 'shares', 'close', 'lower', 'wednesday']",2.2
"['car', 'bombs', 'kill', 'num', 'iraqi', 'capital']","['car', 'bombings', 'kill', 'num', 'civilians', 'iraqi', 'capital']",2.4
"['ukrainian', 'protesters', 'back', 'streets', 'antigovernment', 'rally']","['ukraine', 'protesters', 'topple', 'lenin', 'statue', 'kiev']",2.6
"['canadian', 'freight', 'train', 'blast', 'death', 'toll', 'hits', 'three', 'rise']","['canadian', 'government', 'monitoring', 'train', 'blast', 'situation']",2.2
"['nigel', 'farage', 'calls', 'government', 'let', 'syrian', 'refugees', 'uk']","['plans', 'resettle', 'syrian', 'refugees', 'uk']",2.4
"['israels', 'peres', 'urges', 'return', 'peace', 'talks']","['gonsalves', 'keeps', 'pressure', 'dom', 'rep']",0.2
"['china', 'yuan', 'strengthens', 'num', 'usd', 'tuesday']","['china', 'yuan', 'weakens', 'num', 'usd']",1.8
"['radio', 'israel', 'set', 'increase', 'palestinian', 'prisoner', 'release']","['us', 'israel', 'delay', 'palestinian', 'prisoner', 'release']",1.6
"['morsis', 'supporters', 'reject', 'plan']","['morsi', 'supporters', 'march', 'egypt']",2.4
"['egypt', 'court', 'sentences', 'num', 'brotherhood', 'supporters', 'death', 'sources']","['turkish', 'pm', 'tells', 'supporters', 'prepare', 'rallies']",0.2
"['obama', 'condemns', 'killing', 'num', 'israeli', 'teens']","['bodies', 'missing', 'israeli', 'teens', 'found', 'west', 'bank']",1.4
"['men', 'tried', 'behead', 'soldier', 'london', 'street', 'court', 'hears']","['australia', 'spied', 'indonesia', 'president', 'reports']",0.0
"['ukraine', 'protesters', 'rebuild', 'barricades']","['putin', 'speaks', 'ukraine', 'protesters', 'rebuild', 'barricades']",3.4
"['mel', 'smith', 'dead', 'num', 'uk', 'mourns', 'comedy', 'favourite']","['griff', 'rhys', 'jones', 'mel', 'smith', 'force', 'life']",2.4
"['three', 'dead', 'num', 'hurt', 'new', 'york', 'buildings', 'collapse']","['two', 'dead', 'nine', 'hurt', 'french', 'building', 'collapse']",1.6
"['chinese', 'shares', 'close', 'higher', 'tuesday']","['chinese', 'stocks', 'close', 'lower', 'thursday']",1.6
"['india', 'ink', 'image', 'day', 'july', 'num']","['india', 'ink', 'image', 'day', 'march', 'num']",3.0
"['asian', 'muslims', 'celebrate', 'eid', 'num', 'killed', 'afghanistan']","['asian', 'muslims', 'celebrate', 'eid', 'num', 'die', 'pakistan', 'afghanistan']",3.6
"['russian', 'coal', 'mines', 'seek', 'new', 'outlets', 'china']","['russian', 'foreign', 'minister', 'meet', 'un', 'chief']",0.4
"['ukraineäôs', 'prorussia', 'protesters', 'demand', 'greater', 'autonomy']","['sudanese', 'protesters', 'demand', 'regimes', 'ouster']",1.4
"['iraq', 'army', 'fights', 'retake', 'tikrit']","['iraq', 'army', 'claims', 'victory', 'tikrit']",3.2
"['iran', 'condemns', 'alleged', 'israeli', 'airstrike', 'syria']","['democrats', 'face', 'divide', 'strike', 'syria']",1.2
"['israel', 'agrees', 'extend', 'gaza', 'truce', 'four', 'hours']","['israel', 'hamas', 'reportedly', 'agree', 'numhour', 'truce']",2.6
"['fire', 'south', 'korean', 'bus', 'terminal', 'kills', 'num']","['korea', 'bus', 'station', 'fire', 'kills', 'seven']",3.2
"['four', 'civilians', 'three', 'nato', 'soldiers', 'killed', 'afghanistan']","['three', 'nato', 'soldiers', 'killed', 'afghanistan']",3.4
"['protesters', 'swamp', 'streets', 'reclaim', 'revolution']","['egypt', 'protesters', 'storm', 'muslim', 'brotherhoods', 'hq']",1.6
"['tokyo', 'stocks', 'open', 'num']","['tokyo', 'stocks', 'open', 'num']",2.8
"['australia', 'returns', 'asylum', 'seekers', 'sri', 'lanka', 'sea', 'transfer']","['australia', 'australia', 'hands', 'asylumseekers', 'back', 'sri', 'lanka']",4.6
"['shankill', 'blast', 'victims', 'remembered']","['crocodile', 'victims', 'body', 'recovered']",0.2
"['num', 'people', 'killed', 'twin', 'blasts', 'nigeria']","['ten', 'killed', 'new', 'blast', 'russia']",1.4
"['glee', 'star', 'cory', 'monteith', 'found', 'dead', 'hotel', 'room', 'canada']","['glee', 'star', 'cory', 'monteith', 'found', 'dead']",4.4
"['yolanda', 'death', 'toll', 'climbs', 'num']","['kenya', 'red', 'cross', 'says', 'death', 'toll', 'rises', 'num']",0.4
"['tokyo', 'stocks', 'close', 'numpc']","['tokyo', 'stocks', 'close', 'numpc']",1.8
"['iran', 'says', 'ready', 'fresh', 'round', 'nuclear', 'talks']","['irans', 'khamenei', 'renews', 'support', 'nuclear', 'talks']",3.6
"['clashes', 'continue', 'police', 'protesters', 'turkey']","['turkish', 'police', 'fight', 'protesters', 'clear', 'square']",4.4
"['refused', 'medical', 'cards', 'urged', 'contact', 'hse']","['hse', 'boss', 'defends', 'medicalcard', 'plan']",1.2
"['worldäôs', 'largest', 'building', 'opened', 'west', 'china']","['italyäôs', 'centreleft', 'splinters', 'presidential', 'vote']",0.0
"['israeli', 'lightly', 'hurt', 'stones', 'west', 'bank']","['israeli', 'troops', 'kill', 'palestinian', 'west', 'bank', 'raid']",1.2
"['death', 'toll', 'egypt', 'protests', 'rises', 'num']","['death', 'toll', 'egypt', 'violence', 'rises', 'num']",3.2
"['syrian', 'opposition', 'agree', 'landmark', 'peace', 'talks']","['syria', 'opposition', 'pressed', 'attend', 'talks']",3.0
"['poverty', 'stats', 'doubt', 'modis', 'development', 'claims']","['gm', 'start', 'taking', 'recall', 'compensation', 'claims', 'aug', 'num']",0.0
"['prorussia', 'rebels', 'hold', 'vote', 'ukraine']","['syria', 'rebels', 'killed', 'hezbollah', 'men', 'lebanon']",0.0
"['georgians', 'vote', 'new', 'president']","['ally', 'georgias', 'billionaire', 'pm', 'president', 'exit', 'polls']",2.6
"['mers', 'respiratory', 'illness', 'found', 'us', 'officials', 'confirm']","['first', 'case', 'mers', 'sarslike', 'respiratory', 'illness', 'reported', 'north', 'america']",4.2
"['eu', 'declares', 'hezbollahs', 'military', 'wing', 'terror', 'group']","['eu', 'puts', 'hezbollah', 'military', 'wing', 'terror', 'list']",4.8
"['germany', 'welcomes', 'iran', 'nuclear', 'agreement']","['syria', 'welcomes', 'irans', 'nuclear', 'deal']",1.8
"['papers', 'say', 'june', 'num', 'num']","['papers', 'say', 'aug', 'num', 'num']",2.2
"['gunmen', 'kill', 'nine', 'foreigners', 'pakistan']","['gunmen', 'kill', 'nine', 'tourists', 'pakistan']",4.8
"['num', 'indian', 'traders', 'stranded', 'china', 'sent', 'back', 'home']","['num', 'indian', 'nurses', 'stranded', 'iraq', 'return', 'home']",1.8
"['california', 'governor', 'declares', 'drought', 'emergency']","['california', 'governor', 'declares', 'drought', 'emergency', 'wildfires', 'continue', 'burn']",3.6
"['peace', 'talks', 'palestinians', 'would', 'take', 'months', 'israel', 'official']","['numyo', 'palestinian', 'girl', 'killed', 'israeli', 'raid']",0.4
"['num', 'num', 'killed', 'iraq', 'car', 'bombings']","['num', 'children', 'killed', 'syria', 'bombings']",0.6000000000000001
"['two', 'dead', 'trapped', 'latest', 'mumbai', 'building', 'collapse']","['two', 'trapped', 'us', 'building', 'collapses']",1.2
"['air', 'strikes', 'kills', 'dozens', 'northern', 'syria']","['ukraine', 'give', 'inch', 'crimea']",0.0
"['chinese', 'tourist', 'abducted', 'malaysia']","['china', 'returns', 'num', 'children', 'abducted', 'vietnam']",1.4
"['un', 'inspectors', 'hail', 'progress', 'syria', 'chemical', 'weapons']","['us', 'concluded', 'syria', 'used', 'chemical', 'weapons', 'white', 'house']",2.2
"['two', 'arrests', 'made', 'protest', 'nigel', 'farage']","['kerry', 'vows', 'progress', 'latest', 'intensive', 'mideast', 'trip']",0.0
"['gunmen', 'kill', 'num', 'libyan', 'soldiers']","['gunmen', 'kill', 'num', 'lebanese', 'troops', 'near', 'syria']",2.4
"['pictures', 'show', 'completed', 'costa', 'concordia', 'operation']","['timelapse', 'costa', 'concordia', 'operation']",4.4
"['iran', 'nuclear', 'talks', 'enter', 'third', 'day']","['iran', 'nuclear', 'talks', 'enter', 'crucial', 'third', 'day']",5.0
"['protesters', 'gather', 'brazil', 'despite', 'concessions']","['protests', 'sweep', 'brazil', 'despite', 'concession']",5.0
"['australian', 'pm', 'kevin', 'rudd', 'calls', 'election', 'num', 'september']","['australian', 'pm', 'rudd', 'calls', 'sept', 'num', 'poll']",4.6
"['iran', 'nuclear', 'talks', 'expected', 'resume', 'week']","['uk', 'iran', 'nuclear', 'talks', 'serious', 'point']",3.0
"['bangkok', 'tense', 'thai', 'election', 'eve']","['bangladesh', 'crackdown', 'escalates', 'ahead', 'election']",2.2
"['china', 'äėwill', 'protect', 'interestsäô', 'foreign', 'business']","['obama', 'äėdirectäô', 'confrontation', 'putin', 'ukraine']",0.0
"['dc', 'votes', 'decriminalize', 'marijuana']","['dc', 'votes', 'decriminalize', 'pot']",5.0
"['many', 'dead', 'asylum', 'boat', 'sinks', 'australia']","['mandela', 'spends', 'third', 'day', 'hospital']",0.0
"['north', 'koreas', 'kim', 'hails', 'execution', 'powerful', 'uncle']","['north', 'korean', 'intrigue', 'execution', 'power']",2.6
"['margaret', 'thatcher', 'dies', 'stroke']","['margaret', 'thatcher', 'dies', 'num']",4.2
"['chinese', 'president', 'arrives', 'netherlands', 'state', 'visit', 'nuclear', 'summit']","['chinese', 'president', 'arrives', 'venezuela', 'state', 'visit']",2.4
"['israel', 'sanctions', 'palestinians', 'new', 'blow', 'peace', 'talks']","['israel', 'release', 'palestinian', 'prisoners', 'part', 'deal', 'revive', 'peace', 'talks']",2.4
"['uk', 'sky', 'news', 'cameraman', 'killed', 'egypt']","['sky', 'news', 'cameraman', 'killed', 'egypt']",4.8
"['stocks', 'rise', 'early', 'trading']","['stocks', 'inch', 'higher', 'early', 'trading']",4.4
"['fbi', 'audio', 'expert', 'testifies', 'zimmerman', 'trial']","['jury', 'selection', 'begins', 'zimmermans', 'trial']",1.4
"['iranian', 'nuclear', 'talks', 'extended', 'november']","['iran', 'nuclear', 'talks', 'extended', 'november', 'num']",4.4
"['boston', 'bombing', 'suspect', 'appear', 'court']","['boston', 'bombing', 'suspect', 'buried']",1.2
"['death', 'toll', 'india', 'building', 'collapse', 'hits', 'num']","['toll', 'india', 'building', 'collapse', 'hits', 'num']",3.2
"['obama', 'announces', 'creation', 'twin', 'manufacturing', 'hubs']","['us', 'stocks', 'retreat', 'manufacturing', 'data']",0.4
"['five', 'charged', 'terrorism', 'offences']","['five', 'people', 'charged', 'terror', 'offences']",4.8
"['president', 'obama', 'reveals', 'plans', 'withdraw', 'troops', 'afghanistan', 'num']","['us', 'government', 'shutdown', 'obama', 'tells', 'republicans', 'lift', 'threat', 'us', 'economy', 'want', 'talks']",0.8
"['us', 'nato', 'raise', 'doubts', 'russia', 'pulled', 'back', 'ukraine', 'border']","['sign', 'russian', 'withdrawal', 'ukraine', 'border', 'official', 'says']",2.6
"['ftse', 'bursa', 'malaysia', 'update', 'numam']","['ftse', 'bursa', 'malaysia', 'update', 'numpm']",3.4
"['glasgow', 'helicopter', 'crash', 'search', 'ends']","['glasgow', 'helicopter', 'crash', 'woman', 'pc', 'victim']",2.8
"['quotations', 'news']","['quotations', 'day']",3.2
"['philip', 'leaves', 'hospital', 'num', 'days']","['mandela', 'leaves', 'hospital', 'num', 'days']",1.8
"['bone', 'fragment', 'could', 'king', 'alfred']","['remains', 'winchester', 'could', 'king', 'alfred', 'great']",4.6
"['israel', 'frees', 'second', 'group', 'palestinian', 'prisoners']","['israel', 'releases', 'num', 'palestinian', 'prisoners']",3.8
"['two', 'skydivers', 'dead', 'colliding', 'us', 'jump']","['two', 'skydivers', 'dead', 'colliding', 'jump', 'arizona']",3.8
"['iron', 'man', 'jetpacks', 'spark', 'concerns', 'hawaii']","['iron', 'man', 'jetpacks', 'spark', 'concerns']",3.8
"['israel', 'frees', 'palestinian', 'prisoners']","['israel', 'releases', 'num', 'palestinian', 'prisoners']",4.6
"['france', 'says', 'wont', 'shirk', 'responsibilities', 'syria']","['france', 'urges', 'eu', 'united', 'syria']",2.6
"['boston', 'bombing', 'suspect', 'identified', 'surveillance', 'video', 'arrest']","['boston', 'bombing', 'suspect', 'fbi', 'surveillance', 'says', 'mother']",3.4
"['chinas', 'anger', 'n', 'korea', 'overcomes', 'worry', 'us']","['chinas', 'anger', 'north', 'korea', 'overcomes', 'worry', 'us', 'stealth', 'flights']",3.2
"['china', 'yuan', 'strengthens', 'new', 'high', 'usd']","['china', 'yuan', 'weakens', 'num', 'usd']",2.2
"['man', 'held', 'teen', 'shot', 'belfast']","['man', 'num', 'arrested', 'shooting']",3.2
"['police', 'stop', 'maldives', 'presidential', 'election']","['keita', 'wins', 'mali', 'presidential', 'election']",1.2
"['indian', 'army', 'kill', 'num', 'militants', 'indiancontrolled', 'kashmir']","['indian', 'troops', 'kill', 'militant', 'commander', 'indiancontrolled', 'kashmir']",3.6
"['car', 'bomb', 'kills', 'num', 'northwest', 'syria']","['car', 'bomb', 'kills', 'num', 'northwest', 'pakistan']",1.2
"['iran', 'ups', 'oil', 'swap', 'eastern', 'neighbors']","['iran', 'urges', 'rapid', 'release', 'diplomat']",0.4
"['turkey', 'president', 'appeals', 'calm']","['texas', 'house', 'provisionally', 'approves', 'abortion', 'law']",0.0
"['north', 'korea', 'test', 'fires', 'num', 'missiles', 'sea']","['n', 'korea', 'fires', 'num', 'shells', 'sea']",2.8
"['man', 'dies', 'co', 'donegal', 'house', 'fire']","['woman', 'dies', 'co', 'cork', 'house', 'fire']",2.2
"['doha', 'gas', 'blast', 'kills', 'num', 'injures', 'dozens']","['syria', 'missile', 'kills', 'num', 'including', 'num', 'kids']",0.6000000000000001
"['polling', 'stations', 'open', 'ukrainian', 'presidential', 'election']","['nominations', 'open', 'etv', 'ghana', 'influential', 'awards']",0.2
"['india', 'ink', 'image', 'day', 'april', 'num']","['india', 'ink', 'image', 'day', 'may', 'num']",2.6
"['two', 'french', 'journalists', 'killed', 'mali']","['france', 'confirms', 'two', 'french', 'journalists', 'killed', 'mali']",5.0
"['gunmen', 'kill', 'nine', 'tourists', 'pakistan']","['gunmen', 'attack', 'hotel', 'remote', 'pakistani', 'province']",3.2
"['israel', 'hamas', 'observe', 'brief', 'gaza', 'truce']","['israel', 'hamas', 'accept', 'temporary', 'truce']",4.6
"['chinas', 'troubled', 'xinjiang', 'hit', 'violence']","['chinas', 'online', 'population', 'rises', 'num', 'mln']",0.4
"['relatives', 'scuffle', 'police', 'china', 'fire', 'kills', 'num']","['angry', 'families', 'demand', 'answers', 'china', 'plant', 'fire', 'kills', 'num']",3.8
"['iran', 'rejects', 'claim', 'chlorine', 'bombs']","['iran', 'rejects', 'mko', 'claim', 'nuclear', 'site']",2.4
"['india', 'ministers', 'wife', 'died', 'unnatural', 'death', 'affair', 'rumours']","['ministers', 'wifes', 'death', 'unnatural']",3.8
"['num', 'dead', 'num', 'hurt', 'shooting', 'carolina', 'oceanfront', 'motel']","['num', 'dead', 'num', 'injured', 'train', 'collision', 'near', 'moscow']",0.2
"['burial', 'boston', 'bombing', 'suspect', 'appears', 'legal']","['ready', 'go', 'home', 'last', 'boston', 'bombing', 'victim', 'leaves', 'hospital']",1.0
"['num', 'killed', 'china', 'road', 'cavein']","['num', 'num', 'killed', 'china', 'earthquake']",1.2
"['south', 'africa', 'president', 'mandela', 'improving']","['afghan', 'president', 'delays', 'signing', 'us', 'deal']",0.0
"['world', 'news', 'update', 'need', 'know']","['labours', 'nump', 'tax', 'rate', 'need', 'know']",0.6000000000000001
"['syrian', 'civil', 'war', 'photos']","['syrian', 'civil', 'war', 'peace', 'talks', 'risk', 'iran', 'invitation']",1.2
"['abdullah', 'widens', 'lead', 'afghan', 'presidential', 'poll']","['explosions', 'heard', 'near', 'afghan', 'presidential', 'palace']",1.0
"['imran', 'blames', 'rival', 'colleague', 'murder']","['pakistans', 'imran', 'blames', 'rival', 'killing', 'party', 'member']",4.2
"['bangladesh', 'honors', 'factory', 'victims']","['retailers', 'back', 'bangladesh', 'factory', 'safety', 'pact']",2.8
"['man', 'set', 'fire', 'national', 'mall', 'died']","['man', 'sets', 'fire', 'national', 'mall', 'flown', 'hospital']",3.0
"['japan', 'defends', 'dolphin', 'hunt', 'us', 'criticism']","['japan', 'defends', 'dolphin', 'hunts', 'criticism', 'us']",5.0
"['bomb', 'blast', 'rocks', 'shopping', 'mall', 'nigeria', 'num', 'killed']","['bomb', 'blasts', 'indian', 'opposition', 'rally', 'kill', 'num']",1.4
"['philippines', 'typhoon', 'death', 'toll', 'num', 'un']","['philippines', 'typhoon', 'death', 'toll', 'rises', 'num']",3.4
"['police', 'fire', 'teargas', 'venezuelan', 'vote', 'protesters']","['chavez', 'heir', 'maduro', 'wins', 'venezuelas', 'presidency']",0.6000000000000001
"['wave', 'attacks', 'kills', 'least', 'num', 'iraq']","['suicide', 'attack', 'kills', 'least', 'num', 'northern', 'iraq']",1.8
"['top', 'chinese', 'political', 'advisor', 'meets', 'greek', 'pm']","['top', 'chinese', 'political', 'advisor', 'meets', 'yemeni', 'president']",3.4
"['palestinian', 'diplomat', 'injured', 'explosion', 'prague']","['palestinian', 'ambassador', 'injured', 'apartment', 'blast']",4.0
"['ukraine', 'leader', 'pledges', 'crisis', 'talks']","['ukraine', 'leader', 'pledges', 'crisis', 'talks']",5.0
"['num', 'killed', 'attacks', 'iraq']","['num', 'killed', 'series', 'attacks', 'iraq']",3.0
"['us', 'military', 'presence', 'east', 'asia']","['nato', 'ups', 'military', 'presence', 'amid', 'russian', 'threat']",1.2
"['us', 'believes', 'syrian', 'government', 'used', 'chemical', 'weapons']","['us', 'suspects', 'syria', 'used', 'chemical', 'weapons']",5.0
"['world', 'powers', 'iran', 'resume', 'expert', 'nuclear', 'talks', 'dec', 'num']","['iran', 'nuclear', 'experts', 'world', 'powers', 'resume', 'talks', 'next', 'week']",4.0
"['egypts', 'muslim', 'brotherhood', 'refuses', 'back']","['egyptian', 'court', 'sentences', 'muslim', 'brotherhood', 'leader', 'life', 'prison']",1.4
"['least', 'num', 'dead', 'canada', 'bus', 'train', 'crash']","['least', 'num', 'dead', 'paris', 'train', 'crash']",2.2
"['chinese', 'president', 'meets', 'greek', 'pm', 'calling', 'stronger', 'partnership']","['chinese', 'president', 'meets', 'indian', 'vice', 'president']",1.8
"['astrazeneca', 'pays', 'numbn', 'buy', 'bristolmyers', 'squibb', 'diabetes', 'alliance']","['astrazeneca', 'buy', 'bristol', 'diabetes', 'venture', 'num', 'billion']",5.0
"['italian', 'fugitive', 'arrested', 'dominican', 'republic']","['australian', 'icebreaker', 'arrives', 'east', 'antarctica', 'new', 'rescue', 'bid']",0.0
"['india', 'us', 'hold', 'talks', 'china', 'next', 'week']","['egypt', 'hold', 'talks', 'imf', 'loan', 'next', 'week']",1.4
"['israel', 'carrying', 'ground', 'offensive', 'gaza']","['israel', 'launches', 'ground', 'offensive', 'gaza']",4.8
"['ehud', 'olmert', 'former', 'israeli', 'prime', 'minister', 'sentenced', 'six', 'years', 'jail', 'corruption']","['ehud', 'olmert', 'sentenced', 'six', 'years', 'israel']",3.8
"['brahimi', 'apologises', 'syria', 'lack', 'peace', 'progress']","['mediator', 'apologizes', 'syrians', 'lack', 'peace', 'progress']",3.8
"['egyptian', 'protesters', 'issue', 'morsi', 'resignation', 'ultimatum']","['ukraine', 'protesters', 'battle', 'police', 'new', 'clashes']",0.4
"['num', 'things', 'know', 'sochi', 'olympics']","['num', 'things', 'know', 'ethanol']",0.0
"['china', 'stocks', 'open', 'lower', 'wednesday']","['chinas', 'stocks', 'close', 'lower', 'monday']",2.6
"['us', 'delays', 'missile', 'test', 'tensions', 'rise']","['william', 'hague', 'us', 'decision', 'halt', 'missile', 'test', 'sensible']",3.4
"['fire', 'beijing', 'kills', 'num']","['fire', 'beijing', 'kills', 'ten']",5.0
"['india', 'china', 'ink', 'border', 'pact', 'num', 'agreements']","['india', 'china', 'ink', 'agreement', 'transborder', 'rivers']",3.8
"['venezuela', 'expels', 'three', 'us', 'diplomats']","['venezuela', 'expels', 'num', 'us', 'diplomats']",5.0
"['heavy', 'smog', 'hits', 'north', 'china', 'city', 'flights', 'cancelled']","['heavy', 'smog', 'hits', 'north', 'china', 'city', 'flights', 'canceled']",5.0
"['russia', 'claims', 'foiled', 'possible', 'terror', 'act']","['russia', 'says', 'ballistic', 'objects', 'fired', 'mediterranean']",1.4
"['num', 'chinese', 'tourists', 'killed', 'pakistan']","['seven', 'kidnappers', 'killed', 'southern', 'nigeria']",0.4
"['sevens', 'world', 'cup', 'within', 'kenyaäôs', 'reach']","['clash', 'styles', 'court', 'opens', 'trial', 'young', 'manäôs', 'death']",0.0
"['gunmen', 'kill', 'num', 'foreign', 'tourists', 'northern', 'pakistan']","['islamic', 'militants', 'kill', 'num', 'foreign', 'tourists', 'num', 'pakistani']",2.6
"['austrian', 'found', 'hoarding', 'num', 'stolen', 'skulls', 'home', 'museum']","['stolen', 'skulls', 'found', 'home', 'museum']",3.4
"['egypt', 'launches', 'offensive', 'sinai', 'militants']","['egypt', 'launches', 'offensive', 'sinai', 'insurgents']",5.0
"['recordsetting', 'southwest', 'heat', 'wave', 'turns', 'fatal']","['least', 'num', 'dead', 'num', 'hospitalized', 'southwest', 'heat', 'wave']",4.0
"['detroit', 'eligible', 'bankruptcy', 'protection', 'us', 'judge']","['detroit', 'eligible', 'bankruptcy', 'protection']",4.6
"['british', 'nobelwinning', 'author', 'doris', 'lessing', 'dies']","['nobel', 'prize', 'winning', 'author', 'doris', 'lessing', 'dies']",4.2
"['israeli', 'government', 'authorises', 'new', 'settlements', 'ahead', 'talks']","['israel', 'approves', 'new', 'settlement', 'homes', 'ahead', 'peace', 'talks']",4.8
"['pakistani', 'taliban', 'chief', 'killed', 'us', 'drone', 'strike']","['funeral', 'pakistan', 'taliban', 'chief', 'set', 'take', 'place']",1.6
"['putin', 'signs', 'crimea', 'annexe', 'treaty']","['num', 'putin', 'signs', 'crimea', 'annexation']",3.6
"['faa', 'continues', 'ban', 'us', 'flights', 'tel', 'aviv']","['faa', 'lifts', 'ban', 'us', 'flights', 'tel', 'aviv']",1.8
"['chinese', 'envoy', 'rebuts', 'vietnamese', 'philippine', 'accusations', 'south', 'china', 'sea']","['chinas', 'xi', 'tells', 'vietnam', 'wants', 'peace', 'south', 'china', 'sea']",3.2
"['four', 'people', 'arrested', 'australias', 'largest', 'illegal', 'tobacco', 'importation', 'syndicate']","['police', 'target', 'illegal', 'tobacco', 'syndicate']",2.8
"['obama', 'moves', 'fill', 'fed', 'board', 'taps', 'fischer', 'num']","['obama', 'voices', 'willingness', 'talk', 'gop', 'budget']",0.4
"['irans', 'president', 'condemns', 'use', 'chemical', 'weapons', 'syria']","['probe', 'alleged', 'use', 'chemical', 'weapons', 'syria']",1.6
"['society', 'fraying', 'edges']","['old', 'tv', 'alignments', 'crack', 'edges']",0.4
"['un', 'invites', 'iran', 'syrian', 'peace', 'conference']","['un', 'iran', 'invited', 'attend', 'syrian', 'peace', 'conference']",5.0
"['italy', 'bus', 'crash', 'death', 'toll', 'rises']","['starbucks', 'clears', 'college', 'degree', 'path', 'workers']",0.0
"['soccer', 'ref', 'punched', 'player', 'dies']","['police', 'utah', 'soccer', 'referee', 'punched', 'player', 'dies']",4.2
"['angela', 'merkel', 'headed', 'narrow', 'win', 'german', 'elections']","['malawis', 'new', 'president', 'sworn', 'disputed', 'elections']",0.4
"['israel', 'detains', 'num', 'palestinians', 'arrest', 'operation', 'continues']","['israel', 'criticizes', 'palestinian', 'stance', 'settlers']",1.2
"['rebels', 'kill', 'num', 'civilians', 'syria', 'alawite', 'village']","['bomb', 'kills', 'num', 'civilians', 'afghanistan']",1.2
"['world', 'sends', 'emergency', 'relief', 'battered', 'philippines']","['typhoon', 'haiyan', 'world', 'sends', 'relief', 'battered', 'philippines']",5.0
"['palestinian', 'hunger', 'striker', 'israel', 'reach', 'deal']","['palestinian', 'activist', 'detained', 'israeli', 'raid']",1.2
"['assad', 'says', 'syria', 'comply', 'un', 'arms', 'resolution']","['syrias', 'assad', 'vows', 'comply', 'un', 'resolution']",4.8
"['south', 'korean', 'president', 'sorry', 'ferry', 'response']","['korean', 'president', 'sorry', 'ferry', 'disaster']",4.6
"['food', 'price', 'hikes', 'raise', 'concerns', 'iran']","['american', 'chris', 'horner', 'wins', 'tour', 'spain']",0.0
"['obama', 'made', 'lastminute', 'decision', 'syria', 'approval']","['obama', 'mulls', 'limited', 'military', 'action', 'syria']",2.0
"['driver', 'backs', 'stroller', 'child', 'drives']","['driver', 'backs', 'mom', 'stroller', 'child', 'drives']",4.0
"['spain', 'princess', 'testifies', 'historic', 'fraud', 'probe']","['spain', 'princess', 'testifies', 'historic', 'fraud', 'probe']",5.0
"['senate', 'confirms', 'obama', 'nominee', 'key', 'appeals', 'court']","['senate', 'approves', 'obama', 'nominee', 'key', 'appeals', 'court']",5.0
"['un', 'rights', 'chief', 'presses', 'egypt', 'mursi', 'detention']","['un', 'rights', 'chief', 'presses', 'egypt', 'morsi', 'detention']",5.0
"['us', 'senate', 'confirms', 'janet', 'yellen', 'us', 'federal', 'reserve', 'chief']","['senate', 'confirms', 'janet', 'yellen', 'next', 'federal', 'reserve', 'chair']",5.0
"['syrian', 'rebel', 'groups', 'battle', 'north']","['syrian', 'rebel', 'groups', 'battle', 'north']",5.0
"['mayawati', 'demands', 'presidents', 'rule', 'kashmir']","['mayawati', 'demands', 'presidents', 'rule', 'jammu', 'kashmir']",3.0
"['ugandas', 'president', 'signs', 'antigay', 'bill']","['ugandas', 'president', 'signs', 'harsh', 'antigay', 'law']",4.0
"['rocks', 'tear', 'gas', 'fly', 'thai', 'protests', 'heat']","['rocks', 'tear', 'gas', 'fly', 'thai', 'protests', 'heat']",5.0
"['boston', 'bombing', 'suspect', 'buried', 'virginia']","['boston', 'bomb', 'suspect', 'buried', 'virginia', 'cemetery']",5.0
"['six', 'dead', 'philippine', 'restaurant', 'blast']","['num', 'killed', 'philippines', 'restaurant', 'blast']",5.0
"['china', 'army', 'newspaper', 'hits', 'uss', 'prism', 'programme']","['china', 'army', 'newspaper', 'slams', 'uss', 'prism', 'program']",5.0
"['silvio', 'berlusconi', 'expelled', 'italys', 'parliament']","['silvio', 'berlusconi', 'expelled', 'parliament']",4.0
"['two', 'killed', 'bahrain', 'car', 'explosion']","['two', 'killed', 'bahrain', 'car', 'blast']",5.0
"['russia', 'warns', 'respond', 'interests', 'attacked', 'ukraine']","['russia', 'warns', 'respond', 'interests', 'ukraine', 'attacked']",5.0
"['hosni', 'mubarak', 'retrial', 'adjourned', 'num', 'june']","['mubarak', 'retrial', 'adjourned', 'june']",4.0
"['egypt', 'protesters', 'defy', 'cabinet', 'threat', 'end', 'sitins']","['egypt', 'protesters', 'defy', 'cabinet', 'threat']",4.0
"['couple', 'marry', 'uks', 'first', 'scientology', 'wedding']","['couple', 'get', 'married', 'britains', 'first', 'scientology', 'wedding']",5.0
"['qatars', 'emir', 'hands', 'power', 'son']","['qatari', 'emir', 'hands', 'power', 'son', 'tamim']",4.0
"['philippines', 'typhoon', 'death', 'toll', 'feared', 'hit', 'num']","['philippines', 'typhoon', 'death', 'toll', 'rises', 'num']",3.0
"['egypt', 'braces', 'friday', 'anger', 'carnage']","['egypt', 'braces', 'friday', 'anger', 'bloody', 'crackdown']",4.0
"['red', 'sox', 'beat', 'tigers', 'num', 'advance', 'world', 'series']","['red', 'sox', 'beat', 'tigers', 'reach', 'world', 'series']",4.0
"['china', 'lands', 'jade', 'rabbit', 'robot', 'rover', 'moon']","['china', 'lands', 'robot', 'rover', 'moon']",4.0
"['ukrainian', 'parliament', 'dismisses', 'president']","['ukraines', 'parliament', 'votes', 'dismiss', 'president']",4.0
"['venezuela', 'lawmakers', 'brawl', 'amid', 'election', 'tensions']","['venezuela', 'lawmakers', 'brawl', 'election']",5.0
"['north', 'korea', 'warns', 'foreigners', 'south', 'advising', 'evacuation']","['north', 'korea', 'warns', 'foreigners', 'south', 'evacuate']",5.0
"['captain', 'sunken', 'south', 'korean', 'ferry', 'arrested']","['captain', 'capsized', 'korean', 'ferry', 'arrested']",4.0
"['cars', 'drivers', 'plunge', 'river', 'wash', 'inum', 'bridge', 'collapse']","['cars', 'plunge', 'river', 'us', 'bridge', 'collapses']",3.0
"['death', 'toll', 'syria', 'tops', 'num']","['death', 'toll', 'syria', 'num', 'far']",5.0
"['communist', 'rebels', 'ambush', 'philippine', 'police', 'kill', 'num']","['communist', 'rebels', 'kill', 'eight', 'philippine', 'police']",4.0
"['egypts', 'morsi', 'faces', 'trial', 'prison', 'break', 'murder', 'says', 'prosecution']","['egypts', 'morsi', 'faces', 'trial', 'prison', 'break']",3.0
"['iran', 'nuclear', 'talks', 'enter', 'third', 'day']","['iran', 'nuclear', 'talks', 'enter', 'crucial', 'third', 'day']",5.0
"['thai', 'army', 'declares', 'martial', 'law']","['thailands', 'army', 'declares', 'martial', 'law', 'denies', 'coup']",3.0
"['woman', 'dies', 'riding', 'roller', 'coaster', 'texas']","['woman', 'dies', 'riding', 'roller', 'coaster', 'texas', 'amusement', 'park']",4.0
"['nobel', 'author', 'doris', 'lessing', 'dies', 'num']","['nobel', 'prize', 'winning', 'author', 'doris', 'lessing', 'dies']",4.0
"['num', 'dead', 'typhoon', 'slams', 'central', 'philippines']","['least', 'num', 'dead', 'typhoon', 'batters', 'philippines']",5.0
"['first', 'post', 'office', 'savings', 'bank', 'atm', 'opens', 'chennai']","['indias', 'first', 'post', 'office', 'savings', 'bank', 'atm', 'inaugurated', 'chennai']",4.0
"['israel', 'agrees', 'num', 'hour', 'ceasefire']","['israel', 'agrees', 'numhour', 'gaza', 'truce']",3.0
"['quake', 'num', 'magnitude', 'strikes', 'indonesias', 'sumatra', 'usgs']","['earthquake', 'num', 'magnitude', 'strikes', 'indonesia', 'island']",3.0
"['british', 'stuntman', 'fell', 'death', 'wing', 'suit', 'mishap']","['british', 'stuntman', 'dies', 'wingsuit', 'mishap', 'alps']",4.0
"['makes', 'india', 'vote', 'jaipur', 'lit', 'fest', 'debates']","['makes', 'india', 'vote', 'debate', 'jaipur', 'literature', 'festival']",5.0
"['white', 'diamond', 'breaks', 'record', 'hong', 'kong', 'auction']","['white', 'diamond', 'fetches', 'record', 'numm', 'hk', 'auction']",4.0
"['chinese', 'satellite', 'spots', 'large', 'object', 'search', 'area']","['malaysia', 'chinese', 'satellite', 'found', 'object', 'ocean']",3.0
"['hamas', 'urges', 'hizbullah', 'pull', 'fighters', 'syria']","['hamas', 'calls', 'hezbollah', 'pull', 'forces', 'syria']",5.0
"['us', 'russia', 'reach', 'deal', 'syrias', 'chemical', 'weapons']","['china', 'welcomes', 'us', 'russia', 'deal', 'syria', 'chemical', 'weapons']",3.0
"['psni', 'failed', 'ruc', 'officers', 'tribunal', 'told']","['num', 'psni', 'failed', 'ruc', 'officer', 'families']",4.0
"['stocks', 'edge', 'lower', 'following', 'retail', 'earnings']","['stocks', 'edge', 'lower', 'earnings', 'retailers']",5.0
"['police', 'helicopter', 'crashes', 'scottish', 'pub']","['police', 'helicopter', 'crashes', 'top', 'bar', 'glasgow']",4.0
"['us', 'ups', 'pressure', 'israel', 'un', 'demands', 'gaza', 'truce']","['us', 'un', 'pressure', 'israel', 'gaza']",4.0
"['australian', 'pm', 'says', 'confident', 'signals', 'black', 'box']","['australian', 'pm', 'confident', 'sounds', 'flight', 'num']",4.0
"['mandelas', 'condition', 'improved']","['mandelas', 'condition', 'worsened', 'past', 'num', 'hours']",1.0
"['philippe', 'becomes', 'king', 'belgium']","['philippe', 'ascends', 'throne', 'divided', 'belgium']",4.0
"['india', 'antigraft', 'party', 'takes', 'charge', 'new', 'delhi']","['indias', 'antigraft', 'party', 'forms', 'government', 'delhi']",4.0
"['spain', 'approves', 'new', 'restrictive', 'abortion', 'law']","['spanish', 'government', 'approves', 'tight', 'restrictions', 'abortion']",5.0
"['obama', 'orders', 'syria', 'gas', 'attack', 'inquiry']","['un', 'urges', 'syria', 'gas', 'attack', 'inspection']",2.0
"['german', 'ambassadors', 'athens', 'residence', 'shot']","['shots', 'fired', 'german', 'ambassadors', 'residence', 'athens']",5.0
"['ukraines', 'jailed', 'opposition', 'icon', 'tymoshenko', 'walks', 'free']","['ukraines', 'opposition', 'chief', 'wants', 'protests']",2.0
"['oklahoma', 'examines', 'went', 'wrong', 'botched', 'execution']","['okla', 'inmate', 'dies', 'heart', 'attack', 'botched', 'execution']",3.0
"['napolitano', 'elected', 'second', 'term', 'italy', 'president']","['italian', 'president', 'napolitano', 'elected', 'second', 'term']",5.0
"['un', 'court', 'convicts', 'num', 'bosnian', 'croats', 'atrocities']","['un', 'war', 'crimes', 'court', 'convicts', 'six', 'bosnians', 'croats']",4.0
"['saudi', 'man', 'pressure', 'cooker', 'arrested', 'detroit', 'airport']","['saudi', 'man', 'traveling', 'pressure', 'cooker', 'arrested']",4.0
"['north', 'korea', 'says', 'put', 'us', 'citizen', 'trial']","['north', 'korea', 'says', 'detained', 'american', 'tourist', 'face', 'trial']",5.0
"['thai', 'protests', 'escalate', 'amid', 'violence']","['thai', 'protesters', 'call', 'general', 'strike']",3.0
"['egypt', 'imposes', 'state', 'emergency', 'num', 'people', 'killed']","['egypt', 'announces', 'onemonth', 'state', 'emergency', 'nationwide']",3.0
"['rallies', 'demand', 'justice', 'trayvon']","['across', 'us', 'people', 'rally', 'justice', 'trayvon']",4.0
"['un', 'warns', 'plight', 'women', 'children', 'syrias', 'homs']","['unicef', 'calls', 'immediate', 'safe', 'access', 'women', 'children', 'homs']",3.0
"['hagel', 'dempsey', 'face', 'congress', 'defense', 'budget']","['hagel', 'laments', 'political', 'changes', 'us', 'defence', 'budget']",4.0
"['sony', 'sell', 'pc', 'unit', 'cut', 'jobs']","['sony', 'axe', 'pc', 'unit', 'major', 'business', 'overhaul']",3.0
"['man', 'kills', 'num', 'calif', 'police', 'shoot', 'dead']","['police', 'gunman', 'killed', 'num', 'california', 'shootings']",2.0
"['n', 'korea', 'deports', 'elderly', 'american']","['north', 'korea', 'deports', 'detained', 'us', 'war', 'veteran']",2.0
"['search', 'leader', 'urges', 'caution', 'findings', 'related', 'missing', 'malaysian', 'jetliner']","['searchers', 'hoping', 'pings', 'come', 'lost', 'malaysian', 'airliner']",1.0
"['mandela', 'remembered', 'family', 'stadium', 'memorial', 'service', 'planned']","['mandelas', 'family', 'thanks', 'nation', 'world', 'support']",1.0
"['ukrainian', 'presidency', 'says', 'deal', 'reached', 'crisis', 'talks']","['ukraine', 'rivals', 'sign', 'deal', 'end', 'crisis']",4.0
"['obama', 'mulls', 'limited', 'military', 'action', 'syria']","['obama', 'urges', 'military', 'action', 'syria', 'seek', 'congress', 'ok']",2.0
"['syrias', 'pm', 'escapes', 'assassination', 'try', 'regime', 'says']","['syrian', 'prime', 'minister', 'survives', 'assassination', 'attempt']",4.0
"['jordan', 'elected', 'take', 'saudi', 'seat', 'un', 'security', 'council']","['jordan', 'elected', 'un', 'security', 'council', 'seat', 'saudi', 'arabia', 'rejected']",3.0
"['least', 'num', 'killed', 'iraq', 'mosque', 'bombing']","['num', 'killed', 'iraq', 'funeral']",0.0
"['police', 'surround', 'protesters', 'belfast', 'ahead', 'gnum']","['peaceful', 'antignum', 'protest', 'held', 'belfast']",3.0
"['george', 'zimmerman', 'found', 'guilty', 'trayvon', 'martin', 'murder']","['george', 'zimmerman', 'verdict', 'propels', 'cable', 'news', 'talkradio', 'mode']",1.0
"['ten', 'rescued', 'waterford', 'dublin', 'coasts']","['six', 'rescued', 'boat', 'capsizes', 'dublin', 'bay']",3.0
"['mandela', 'spends', 'third', 'day', 'hospital']","['mandela', 'hospital', 'numrd', 'day']",5.0
"['one', 'killed', 'clashes', 'muslim', 'brotherhood', 'cairo', 'offices']","['egypt', 'protesters', 'storm', 'muslim', 'brotherhoods', 'hq']",2.0
"['saudi', 'women', 'protest', 'driving', 'ban']","['saudi', 'women', 'drive', 'protest', 'little', 'problem']",2.0
"['russian', 'parliament', 'allows', 'putin', 'use', 'military', 'ukraine']","['president', 'obama', 'warns', 'russia', 'stay', 'ukraine']",1.0
"['nelson', 'mandela', 'hospital', 'release', 'reports', 'incorrect']","['nelson', 'mandela', 'goes', 'home', 'hospital', 'stay']",2.0
"['world', 'stocks', 'rise', 'hopes', 'fed', 'keep', 'stimulus']","['fed', 'expected', 'maintain', 'stimulus']",1.0
"['winners', 'war', 'sanctions']","['impact', 'sanctions', 'russia']",1.0
"['world', 'cup', 'hit', 'new', 'stadium', 'death']","['worker', 'dies', 'world', 'cup', 'stadium']",3.0
"['tata', 'nano', 'indian', 'small', 'cars', 'fail', 'crash', 'tests']","['worlds', 'cheapest', 'car', 'crash', 'test']",1.0
"['greece', 'reaches', 'agreement', 'troika', 'bailout', 'tranche', 'expected', 'within', 'days']","['debt', 'inspectors', 'reach', 'agreement', 'greece']",3.0
"['murray', 'ends', 'numyear', 'wait', 'british', 'win']","['murray', 'wins', 'wimbledon', 'title', 'ends', 'britains', 'numyear', 'agony']",5.0
"['malaysia', 'airlines', 'plane', 'crashes', 'ukrainerussia', 'border', 'live']","['us', 'russia', 'massing', 'troops', 'ukraine', 'border']",0.0
"['us', 'determine', 'extent', 'chemical', 'weapons', 'use', 'syria']","['know', 'far', 'chemical', 'weapons', 'syrias', 'civil', 'war']",2.0
"['covert', 'war', 'pakistan']","['new', 'major', 'earthquake', 'rocks', 'southwest', 'pakistan']",0.0
"['russias', 'putin', 'claims', 'authority', 'invade', 'ukraine']","['kremlin', 'putin', 'yet', 'decide', 'using', 'russian', 'troops', 'ukraine']",2.0
"['senior', 'cpc', 'official', 'meets', 'top', 'dprk', 'leaders', 'special', 'envoy']","['north', 'korean', 'leader', 'sends', 'special', 'envoy', 'china']",3.0
"['turkey', 'unrest', 'goes', 'despite', 'end', 'park', 'protest']","['turkish', 'pm', 'erdogan', 'says', 'duty', 'order', 'crackdown', 'istanbul', 'park', 'protest']",1.0
"['pope', 'calls', 'action', 'climate', 'change', 'draft', 'encyclical']","['pope', 'urges', 'action', 'climate', 'change', 'draft', 'encyclical']",5.0
"['singapore', 'shares', 'open', 'num', 'lower', 'thursday']","['singapore', 'shares', 'open', 'num', 'higher', 'thursday']",2.0
"['jihadi', 'john']","['jihadi', 'john']",5.0
"['headlines', 'major', 'iranian', 'newspapers', 'oct', 'num']","['headlines', 'several', 'iranian', 'newspapers', 'oct', 'num']",2.0
"['us', 'attorney', 'general', 'holder', 'resigns']","['us', 'attorney', 'general', 'eric', 'holder', 'resign']",4.0
"['us', 'eu', 'widen', 'sanctions', 'russia']","['us', 'eu', 'boost', 'sanctions', 'russia']",5.0
"['top', 'asian', 'news', 'num', 'pm', 'gmt']","['top', 'asian', 'news', 'num', 'pm', 'gmt']",1.0
"['dow', 'jones', 'industrial', 'average', 'wednesday']","['dow', 'jones', 'industrial', 'average', 'fared', 'monday']",2.0
"['hajj', 'go', 'ahead', 'despite', 'crane', 'collapse', 'officials', 'vow']","['hajj', 'go', 'ahead', 'despite', 'crane', 'collapse']",4.0
"['us', 'house', 'republicans', 'elect', 'paul', 'ryan', 'speaker']","['us', 'house', 'republicans', 'eye', 'reluctant', 'ryan', 'speaker']",3.0
"['top', 'asian', 'news', 'num', 'pm', 'gmt']","['top', 'asian', 'news', 'num', 'gmt']",3.0
"['singapore', 'shares', 'open', 'num', 'higher', 'wednesday']","['singapore', 'shares', 'open', 'num', 'lower', 'tuesday']",1.0
"['china', 'treasury', 'bond', 'futures', 'open', 'higher', 'tuesday']","['china', 'treasury', 'bond', 'futures', 'close', 'mixed', 'wednesday']",1.0
"['us', 'attorney', 'general', 'holder', 'resigns']","['attorney', 'general', 'eric', 'holder', 'resign']",5.0
"['headlines', 'major', 'iranian', 'newspapers', 'sept', 'num']","['headlines', 'several', 'iranian', 'newspapers', 'oct', 'num']",3.0
"['china', 'high', 'alert', 'typhoon', 'kalmaegi']","['china', 'issues', 'yellow', 'alert', 'typhoon', 'kalmaegi']",4.0
"['saudiled', 'airstrikes', 'hit', 'yemeni', 'capital']","['saudi', 'airstrikes', 'yemens', 'capital', 'kill', 'num']",3.0
"['mali', 'hunts', 'jihadist', 'nightclub', 'killers']","['militants', 'attack', 'un', 'mali', 'hunts', 'jihadist', 'nightclub', 'killers']",3.0
"['num', 'magnitude', 'earthquake', 'strikes', 'nepal']","['nummagnitude', 'earthquake', 'strikes', 'indonesia']",1.0
"['tokyo', 'shares', 'open', 'higher', 'buoyant', 'us', 'market']","['tokyo', 'shares', 'open', 'higher', 'tracing', 'us', 'gains']",4.0
"['irans', 'parliament', 'backs', 'nuclear', 'deal']","['iran', 'hardliners', 'attack', 'nuclear', 'deal']",1.0
"['hawaii', 'preps', 'first', 'hurricane', 'num', 'years']","['hawaii', 'bracing', 'first', 'hurricane', 'num', 'years', 'approaches']",5.0
"['iraq', 'bombings', 'kill', 'least', 'num']","['iraq', 'suicide', 'bomber', 'kills', 'least', 'num']",2.0
"['sierra', 'leone', 'ebola', 'lockdown']","['sierra', 'leone', 'reaches', 'final', 'day', 'ebola', 'lockdown']",3.0
"['tokyo', 'shares', 'open', 'higher', 'buoyant', 'us', 'market']","['tokyo', 'shares', 'open', 'higher', 'following', 'strong', 'us', 'performance']",4.0
"['num', 'killed', 'several', 'injured', 'sw', 'china', 'car', 'accident']","['two', 'killed', 'seventeen', 'injured', 'raiwind', 'road', 'accident']",0.0
"['num', 'migrants', 'rescued', 'sea', 'mediterranean']","['num', 'migrants', 'rescued', 'wooden', 'boats', 'mediterranean']",3.0
"['lewis', 'hamilton', 'takes', 'pole', 'russian', 'gp']","['lewis', 'hamilton', 'wins', 'inaugural', 'russian', 'gp']",4.0
"['un', 'security', 'council', 'hears', 'yemen', 'envoys', 'final']","['un', 'security', 'council', 'urges', 'yemens', 'houthis', 'end']",2.0
"['israeli', 'forces', 'arrest', 'num', 'palestinians', 'overnight', 'clash', 'locals']","['israeli', 'security', 'forces', 'arrest', 'num', 'palestinians', 'overnight', 'west', 'bank', 'sweeps']",1.0
"['num', 'dead', 'num', 'injured', 'east', 'china', 'road', 'accident']","['num', 'dead', 'num', 'injured', 'central', 'israel', 'traffic', 'accident']",0.0
"['markets', 'live', 'waiting', 'china', 'data']","['markets', 'live', 'china', 'drags']",2.0
"['palestinians', 'israeli', 'police', 'clash', 'jerusalems', 'alaqsa']","['palestinian', 'shot', 'israeli', 'police', 'east', 'jerusalem', 'dies']",2.0
"['suspected', 'boko', 'haram', 'suicide', 'bombers', 'nigeria', 'kill', 'num']","['suspected', 'boko', 'haram', 'attacks', 'kill', 'dozens', 'nigeria']",4.0
"['end', 'hong', 'kong', 'protests']","['uk', 'concern', 'hong', 'kong', 'protests']",2.0
"['russian', 'warplanes', 'strike', 'inside', 'syria']","['russian', 'roulette', 'syria']",2.0
"['cctv', 'gunmen', 'tunisia', 'museum', 'attack']","['num', 'killed', 'tunis', 'museum', 'attack']",1.0
"['live', 'blog', 'ukraine', 'crisis']","['live', 'blog', 'iraq', 'turmoil']",0.0
"['nigeria', 'votes', 'tight', 'presidential', 'election']","['guineans', 'go', 'polls', 'presidential', 'elections']",2.0
"['prince', 'william', 'dons', 'samurai', 'gear', 'japan', 'tour']","['prince', 'william', 'britain', 'arrives', 'beijing']",2.0
"['micronesia', 'vice', 'president', 'visit', 'china']","['vice', 'president', 'bolivia', 'visit', 'china']",2.0
"['islamic', 'state', 'issues', 'video', 'beheading', 'us', 'hostage']","['islamic', 'state', 'posts', 'second', 'propaganda', 'video', 'uk', 'hostage']",3.0
"['iran', 'ends', 'cooperation', 'agreement', 'pakistan']","['iran', 'tajikistan', 'sign', 'cooperation', 'agreement']",2.0
"['teenager', 'tests', 'negative', 'ebola']","['texas', 'hospital', 'worker', 'tests', 'positive', 'ebola']",1.0
"['texas', 'sues', 'syrian', 'refugees']","['turkey', 'exploits', 'syrian', 'refugees']",1.0
"['new', 'us', 'sanctions', 'target', 'overseas', 'cyber', 'attackers']","['china', 'disagrees', 'us', 'sanctions', 'program', 'overseas', 'cyber', 'attackers']",2.0
"['num', 'killed', 'israeli', 'air', 'strikes', 'gaza']","['num', 'militants', 'killed', 'clashes', 'air', 'strikes', 'iraq']",0.0
"['deadly', 'blast', 'rocks', 'coal', 'mine', 'east', 'ukraine']","['num', 'dead', 'despite', 'ceasefire', 'east', 'ukraine']",2.0
"['greece', 'bailout', 'uncertainty', 'weighs', 'global', 'markets']","['greece', 'concerns', 'drag', 'asia', 'markets']",3.0
"['rooney', 'helps', 'man', 'united', 'beat', 'everton', 'num', 'premier', 'league']","['west', 'ham', 'beats', 'newcastle', 'num', 'premier', 'league']",1.0
"['hardline', 'jewish', 'leader', 'shot', 'jerusalem']","['israeli', 'leader', 'urges', 'calm', 'jerusalem']",1.0
"['backstage', 'moves', 'intensify', 'fight', 'islamic', 'state', 'widens']","['mixed', 'progress', 'reported', 'fight', 'islamic', 'state']",2.0
"['egypt', 'ipi', 'urges', 'release', 'al', 'jazeera', 'journalist', 'arrested', 'berlin']","['egypt', 'sentences', 'al', 'jazeera', 'journalists', 'jail']",1.0
"['occupied', 'palestinian', 'territory', 'israeli', 'forces', 'continue', 'shed', 'palestinian', 'blood', 'opt']","['occupied', 'palestinian', 'territory', 'israel', 'warns', 'security', 'gaza', 'truce', 'talks', 'resume']",1.0
"['libya', 'un', 'orders', 'investigation', 'libya', 'rights', 'abuses']","['indias', 'top', 'court', 'orders', 'investigation', 'job', 'scam', 'deaths']",0.0
"['taiwan', 'coast', 'guard', 'launches', 'new', 'ships', 'south', 'china', 'sea', 'tensions', 'rise']","['chinese', 'military', 'reaches', 'amid', 'south', 'china', 'sea', 'tensions']",2.0
"['burundi', 'police', 'fire', 'tear', 'gas', 'protesters']","['montenegrin', 'police', 'fire', 'teargas', 'disperse', 'opposition']",1.0
"['nepal', 'earthquake', 'death', 'toll', 'surpasses', 'num']","['death', 'toll', 'nepal', 'earthquake', 'tops', 'num']",3.0
"['ashyas', 'parents', 'arrive', 'extradition', 'hearing']","['ashya', 'kings', 'parents', 'freed', 'jail', 'spain']",1.0
"['nigeria', 'admits', 'slow', 'response', 'ebola', 'case']","['us', 'ramps', 'response', 'ebola', 'crisis']",1.0
"['thousands', 'cross', 'austriahungary', 'border']","['thousands', 'russians', 'stranded', 'abroad']",1.0
"['kranjcar', 'leaves', 'late', 'rescue', 'qpr', 'mosesinspired', 'stoke']","['harry', 'kane', 'leaves', 'late', 'rescue', 'point', 'tottenham', 'hotspur']",0.0
"['oscar', 'pistorius', 'sentenced', 'num', 'years', 'prison']","['bookkeeper', 'auschwitz', 'sentenced', 'four', 'years', 'prison']",0.0
"['propalestinian', 'activists', 'march', 'un', 'headquarters']","['propalestinian', 'activists', 'prepare', 'flotilla', 'break', 'gaza', 'blockade']",2.0
"['benzema', 'faces', 'possible', 'charges', 'sextape', 'case']","['menendez', 'faces', 'possible', 'corruption', 'charges']",1.0
"['num', 'dead', 'russian', 'airliner', 'mystery', 'crash']","['heat', 'flash', 'detected', 'time', 'russian', 'airliner', 'crash']",2.0
"['govt', 'hold', 'talks', 'ftii', 'students']","['cameron', 'hold', 'talks', 'sturgeon', 'uk', 'future']",0.0
"['li', 'na', 'announce', 'retirement']","['us', 'senator', 'ted', 'cruz', 'announce', 'presidential', 'bid']",0.0
"['gunners', 'fire', 'fail', 'advance', 'champions', 'league']","['epl', 'clubs', 'avoid', 'champions', 'league', 'woes']",1.0
"['iranian', 'president', 'praises', 'nuclear', 'deal']","['iran', 'arrests', 'several', 'spies', 'near', 'nuclear', 'plant']",1.0
"['boko', 'haram', 'disrupts', 'nigerian', 'elections']","['press', 'awash', 'nigerias', 'general', 'elections']",1.0
"['south', 'korea', 'regrets', 'norths', 'refusal', 'talks']","['south', 'korea', 'reports', 'numth', 'mers', 'death', 'num', 'new', 'cases']",1.0
"['plane', 'crash', 'site', 'search', 'called', 'night']","['tour', 'de', 'france', 'pack', 'sets', 'stage', 'num']",0.0
"['obama', 'queries', 'turnbull', 'china', 'port', 'deal']","['spanish', 'bulls', 'gore', 'seven', 'death']",0.0
"['chinas', 'generous', 'nummdb', 'bid', 'seen', 'reaping', 'big', 'returns', 'malaysia']","['china', 'keeps', 'eye', 'visiting', 'tiger', 'freed', 'russian', 'president']",0.0
"['hezbollah', 'targets', 'qaeda', 'gathering', 'along', 'border', 'syria']","['belarus', 'tightens', 'security', 'along', 'border', 'ukraine']",0.0
"['south', 'korea', 'reports', 'seven', 'new', 'mers', 'cases']","['south', 'korean', 'woman', 'contact', 'mers', 'patient', 'dies']",1.0
"['obama', 'calls', 'international', 'front']","['obama', 'vows', 'save', 'iraqis', 'stranded', 'mountain']",0.0
"['us', 'military', 'says', 'conducts', 'airstrikes', 'syria', 'iraq']","['observatory', 'says', 'russian', 'air', 'strikes', 'kill', 'num', 'syria']",1.0
"['abandoned', 'num', 'boeing', 'planes', 'airport']","['police', 'abandon', 'posts', 'lesotho', 'fear', 'lives']",0.0
"['north', 'korea', 'put', 'us', 'citizen', 'trial']","['n', 'korea', 'hit', 'new', 'us', 'sanctions']",2.0
"['hong', 'kong', 'officials', 'resume', 'work', 'protests', 'thin']","['hong', 'kong', 'student', 'leaders', 'mull', 'protest', 'retreat']",2.0
"['ebola', 'uk', 'nhs', 'staff', 'panicked', 'suspected', 'ebola', 'cases']","['uk', 'says', 'investigating', 'num', 'suspected', 'mers', 'cases']",0.0
"['uk', 'leader', 'signals', 'support', 'airstrikes', 'syria']","['cyprus', 'backs', 'camerons', 'push', 'uk', 'air', 'strikes', 'syria']",1.0
"['n', 'korea', 'agrees', 'talks', 'south']","['johor', 'crowns', 'fifth', 'sultan']",0.0
"['iran', 'large', 'important', 'partner', 'russia', 'novak']","['iran', 'reiterates', 'support', 'iraq', 'syria']",0.0
"['taiwans', 'president', 'charters', 'plane', 'pay', 'respects', 'lee']","['poland', 'president', 'loses', 'challenger']",0.0
"['two', 'palestinians', 'die', 'attacks', 'israelis', 'ahead', 'kerry', 'visit']","['palestinian', 'official', 'slams', 'israels', 'stonethrowing', 'bill']",0.0
"['thomas', 'cook', 'accused', 'putting', 'costs', 'customers']","['university', 'florida', 'frat', 'accused', 'spitting', 'wounded', 'war', 'veterans']",0.0
"['narendra', 'modi', 'photoshopped', 'image', 'chennai', 'floods', 'visit', 'goes', 'viral']","['pm', 'narendra', 'modi', 'speaks', 'nondiscrimination', 'equality']",0.0
"['un', 'chief', 'welcomes', 'peaceful', 'presidential', 'elections', 'guinea']","['un', 'chief', 'condemns', 'attack', 'peacekeepers', 'mali']",1.0
"['pakistan', 'executions', 'draw', 'international', 'ire']","['pakistan', 'protests', 'ceasefire', 'violations', 'india']",0.0
"['two', 'australians', 'killed', 'kenya', 'bus', 'crashed', 'river']","['permalink', 'two', 'killed', 'germany', 'train', 'accident']",0.0
"['france', 'shuts', 'mosque', 'arrests', 'man', 'crackdown', 'attacks']","['security', 'tightened', 'new', 'delhi', 'churches', 'attacks']",2.0
"['russian', 'plane', 'reportedly', 'crashes', 'egypt']","['pilot', 'killed', 'us', 'jet', 'crashes', 'england']",2.0
"['severe', 'gales', 'storm', 'clodagh', 'hits', 'britain']","['merkel', 'pledges', 'nato', 'solidarity', 'latvia']",0.0
"['dozens', 'egyptians', 'hostages', 'taken', 'libyan', 'terrorists', 'revenge', 'airstrikes']","['egyptian', 'boat', 'crash', 'death', 'toll', 'rises', 'bodies', 'found', 'nile']",0.0
"['president', 'heading', 'bahrain']","['president', 'xi', 'china', 'continue', 'help', 'fight', 'ebola']",0.0
"['china', 'india', 'vow', 'bilateral', 'ties']","['china', 'scrambles', 'reassure', 'jittery', 'stock', 'traders']",0.0
"['putin', 'spokesman', 'doping', 'charges', 'appear', 'unfounded']","['latest', 'severe', 'weather', 'num', 'dead', 'texas', 'tornado']",0.0
